volume,slice,band_pos,rel_pos,ratio,method,psnr,ssim
3011.npy,29,0,0.0,0.2,zerofill,19.76365292683157,0.505072780632238
3011.npy,29,0,0.0,0.2,cs,27.1251678574561,0.8138523169353182
3011.npy,29,0,0.0,0.2,ddnm,28.51140965533392,0.8864747549656722
3011.npy,29,0,0.0,0.3,zerofill,18.359972172495304,0.5957926525287836
3011.npy,29,0,0.0,0.3,cs,27.12026167105059,0.8986502723501546
3011.npy,29,0,0.0,0.3,ddnm,30.043997510388245,0.9271024298828893
3011.npy,29,0,0.0,0.5,zerofill,21.88371017489343,0.666400850100476
3011.npy,29,0,0.0,0.5,cs,33.87982254962256,0.9628420851261698
3011.npy,29,0,0.0,0.5,ddnm,34.524660674256815,0.9655248338406172
3011.npy,35,6,0.154,0.2,zerofill,13.173973904175906,0.42528051872635864
3011.npy,35,6,0.154,0.2,cs,13.480664367448538,0.614459102969744
3011.npy,35,6,0.154,0.2,ddnm,26.959457526267204,0.8122148548661601
3011.npy,35,6,0.154,0.3,zerofill,13.089326543841777,0.4797484091626993
3011.npy,35,6,0.154,0.3,cs,14.14801103530636,0.7091419993045532
3011.npy,35,6,0.154,0.3,ddnm,15.437929999336973,0.7368097518105201
3011.npy,35,6,0.154,0.5,zerofill,25.30557845640574,0.7440045293206338
3011.npy,35,6,0.154,0.5,cs,32.82870087135639,0.9720152807040293
3011.npy,35,6,0.154,0.5,ddnm,33.315156393312655,0.9712016940701556
3011.npy,40,11,0.282,0.2,zerofill,20.078949367643894,0.5549185758438708
3011.npy,40,11,0.282,0.2,cs,25.58359598668818,0.8014713719039674
3011.npy,40,11,0.282,0.2,ddnm,29.097469665891534,0.9001872754217524
3011.npy,40,11,0.282,0.3,zerofill,17.639254613396666,0.548763787378518
3011.npy,40,11,0.282,0.3,cs,26.621093305782203,0.896588967508869
3011.npy,40,11,0.282,0.3,ddnm,29.507552022458135,0.8973022731573183
3011.npy,40,11,0.282,0.5,zerofill,26.8925701471978,0.8080200421474588
3011.npy,40,11,0.282,0.5,cs,32.16959267957704,0.9737408214664947
3011.npy,40,11,0.282,0.5,ddnm,32.31005398747976,0.9688990206022924
3011.npy,46,17,0.436,0.2,zerofill,13.269237342171534,0.4526340800454531
3011.npy,46,17,0.436,0.2,cs,13.430670925616372,0.6518416508304701
3011.npy,46,17,0.436,0.2,ddnm,23.264663057092942,0.7326422658789534
3011.npy,46,17,0.436,0.3,zerofill,21.094382345164252,0.6256985608274404
3011.npy,46,17,0.436,0.3,cs,29.436455152235588,0.918994677977652
3011.npy,46,17,0.436,0.3,ddnm,29.86967684692374,0.9296915275103557
3011.npy,46,17,0.436,0.5,zerofill,24.613213974791627,0.78059287445877
3011.npy,46,17,0.436,0.5,cs,32.695560823993034,0.9745043830441006
3011.npy,46,17,0.436,0.5,ddnm,33.1434655410226,0.9614213262272919
3011.npy,51,22,0.564,0.2,zerofill,11.515688575772039,0.3908880078666838
3011.npy,51,22,0.564,0.2,cs,12.435664770670869,0.5600363004882433
3011.npy,51,22,0.564,0.2,ddnm,26.36059728072171,0.8365317694064419
3011.npy,51,22,0.564,0.3,zerofill,11.985522751032626,0.3966724019455427
3011.npy,51,22,0.564,0.3,cs,12.589576360056043,0.6312596032852414
3011.npy,51,22,0.564,0.3,ddnm,25.54500013277866,0.8082591361478592
3011.npy,51,22,0.564,0.5,zerofill,13.036106646771465,0.5964561834419531
3011.npy,51,22,0.564,0.5,cs,12.473877443137614,0.6961685899937755
3011.npy,51,22,0.564,0.5,ddnm,37.64828609966214,0.9713409818915134
3011.npy,57,28,0.718,0.2,zerofill,16.07726982702464,0.4314694387513024
3011.npy,57,28,0.718,0.2,cs,22.32064371433627,0.7253909103834983
3011.npy,57,28,0.718,0.2,ddnm,28.734268651754057,0.8208049605181303
3011.npy,57,28,0.718,0.3,zerofill,18.033165934861152,0.5155120986765219
3011.npy,57,28,0.718,0.3,cs,28.485142719409026,0.8873005782165688
3011.npy,57,28,0.718,0.3,ddnm,30.11699388058834,0.9239998205382957
3011.npy,57,28,0.718,0.5,zerofill,25.144126085801616,0.7534223845240535
3011.npy,57,28,0.718,0.5,cs,33.08615741634869,0.9736284079193844
3011.npy,57,28,0.718,0.5,ddnm,35.40860288060561,0.9735537991988918
3011.npy,62,33,0.846,0.2,zerofill,12.287803697281682,0.39665584919902
3011.npy,62,33,0.846,0.2,cs,12.497096222875443,0.5580603243492004
3011.npy,62,33,0.846,0.2,ddnm,24.002830559718266,0.7545032956169184
3011.npy,62,33,0.846,0.3,zerofill,19.79866237782176,0.5665140219141062
3011.npy,62,33,0.846,0.3,cs,29.99239451183861,0.9013731809284411
3011.npy,62,33,0.846,0.3,ddnm,31.358667601614147,0.9378484713473777
3011.npy,62,33,0.846,0.5,zerofill,25.980966944776643,0.7302780285646208
3011.npy,62,33,0.846,0.5,cs,32.603562014118886,0.9731980269553039
3011.npy,62,33,0.846,0.5,ddnm,32.22449766685069,0.969785752615375
3011.npy,68,39,1.0,0.2,zerofill,11.792888596025117,0.4015037735229644
3011.npy,68,39,1.0,0.2,cs,11.840685900493185,0.5194430872357869
3011.npy,68,39,1.0,0.2,ddnm,26.626130087188375,0.7637369011022457
3011.npy,68,39,1.0,0.3,zerofill,19.933639134833644,0.5409607556146412
3011.npy,68,39,1.0,0.3,cs,28.854742140098047,0.8832450905472873
3011.npy,68,39,1.0,0.3,ddnm,30.700924406407083,0.9435889190225568
3011.npy,68,39,1.0,0.5,zerofill,26.56228660825722,0.7477048603005385
3011.npy,68,39,1.0,0.5,cs,33.71537939123576,0.9794605975468548
3011.npy,68,39,1.0,0.5,ddnm,33.1282255598678,0.9765345415971959
3013.npy,29,0,0.0,0.2,zerofill,11.00967554485661,0.34101109303103455
3013.npy,29,0,0.0,0.2,cs,12.245068264983942,0.5391208902452692
3013.npy,29,0,0.0,0.2,ddnm,10.52715148793352,0.49578666775802255
3013.npy,29,0,0.0,0.3,zerofill,12.12819220898956,0.4145155045212061
3013.npy,29,0,0.0,0.3,cs,12.31091089211697,0.5921330326251117
3013.npy,29,0,0.0,0.3,ddnm,28.748065192511426,0.8504590105973194
3013.npy,29,0,0.0,0.5,zerofill,12.641111174370938,0.5412168081566266
3013.npy,29,0,0.0,0.5,cs,12.378051164757924,0.6387986698428727
3013.npy,29,0,0.0,0.5,ddnm,31.739162480838715,0.9358395939471099
3013.npy,35,6,0.154,0.2,zerofill,20.487713431843467,0.5148234625744338
3013.npy,35,6,0.154,0.2,cs,25.984499980216967,0.7871389429584782
3013.npy,35,6,0.154,0.2,ddnm,26.473367193093644,0.8438882495451081
3013.npy,35,6,0.154,0.3,zerofill,12.679351701912537,0.4476582090032953
3013.npy,35,6,0.154,0.3,cs,13.631110200900348,0.6569920486855295
3013.npy,35,6,0.154,0.3,ddnm,24.174222258554305,0.8016866994473569
3013.npy,35,6,0.154,0.5,zerofill,28.493598454112607,0.8483030126116984
3013.npy,35,6,0.154,0.5,cs,32.92347148028227,0.9709992275999554
3013.npy,35,6,0.154,0.5,ddnm,31.865919113981906,0.955657287527079
3013.npy,40,11,0.282,0.2,zerofill,17.850265763044273,0.5145888122327048
3013.npy,40,11,0.282,0.2,cs,25.121825102420942,0.8107132177913321
3013.npy,40,11,0.282,0.2,ddnm,25.714429878339825,0.8048444430318027
3013.npy,40,11,0.282,0.3,zerofill,23.378117160298668,0.6533322833918903
3013.npy,40,11,0.282,0.3,cs,28.925551095549935,0.914662121277772
3013.npy,40,11,0.282,0.3,ddnm,28.954262589445815,0.9153706754821342
3013.npy,40,11,0.282,0.5,zerofill,26.92438993993314,0.7850169691959737
3013.npy,40,11,0.282,0.5,cs,33.79049839118099,0.9759432761235379
3013.npy,40,11,0.282,0.5,ddnm,33.93731274327534,0.9678365190850571
3013.npy,46,17,0.436,0.2,zerofill,12.94605038020006,0.4877395442497016
3013.npy,46,17,0.436,0.2,cs,14.030943418665672,0.6814882534151218
3013.npy,46,17,0.436,0.2,ddnm,26.81638649666358,0.8452853586381779
3013.npy,46,17,0.436,0.3,zerofill,19.95318130553599,0.585192788200212
3013.npy,46,17,0.436,0.3,cs,27.948740042130854,0.8848260736243849
3013.npy,46,17,0.436,0.3,ddnm,30.36382955658395,0.910822705960152
3013.npy,46,17,0.436,0.5,zerofill,14.097565500642787,0.6434426673608501
3013.npy,46,17,0.436,0.5,cs,13.605304454304612,0.7452622880305688
3013.npy,46,17,0.436,0.5,ddnm,33.02717351854821,0.9383535761685501
3013.npy,51,22,0.564,0.2,zerofill,16.805911245044577,0.5035175664094987
3013.npy,51,22,0.564,0.2,cs,23.90663745676069,0.816725180772186
3013.npy,51,22,0.564,0.2,ddnm,26.964545930358636,0.8172905344187426
3013.npy,51,22,0.564,0.3,zerofill,18.852846835222508,0.6155683107090043
3013.npy,51,22,0.564,0.3,cs,26.78068591142334,0.9209569728093808
3013.npy,51,22,0.564,0.3,ddnm,29.95335583437745,0.9358551946539483
3013.npy,51,22,0.564,0.5,zerofill,27.368925873665695,0.8008757753503424
3013.npy,51,22,0.564,0.5,cs,34.952274532375135,0.9786224712033773
3013.npy,51,22,0.564,0.5,ddnm,35.168811224555306,0.9746286966601421
3013.npy,57,28,0.718,0.2,zerofill,12.68624071892181,0.3772550522334451
3013.npy,57,28,0.718,0.2,cs,13.511745323899252,0.5582180873925462
3013.npy,57,28,0.718,0.2,ddnm,25.319158947361956,0.7352728628549476
3013.npy,57,28,0.718,0.3,zerofill,18.73482864798629,0.5539903241945204
3013.npy,57,28,0.718,0.3,cs,28.9052944302116,0.896712435407925
3013.npy,57,28,0.718,0.3,ddnm,31.045577858412152,0.9226730471815803
3013.npy,57,28,0.718,0.5,zerofill,27.67693141258142,0.8273833324462956
3013.npy,57,28,0.718,0.5,cs,35.088586727549206,0.9813580805657532
3013.npy,57,28,0.718,0.5,ddnm,35.94038919308626,0.9772252931658282
3013.npy,62,33,0.846,0.2,zerofill,12.125313827463163,0.4282156334268649
3013.npy,62,33,0.846,0.2,cs,12.392342954841663,0.5685391249868872
3013.npy,62,33,0.846,0.2,ddnm,23.53366262086791,0.7231265364321902
3013.npy,62,33,0.846,0.3,zerofill,12.344450536636701,0.4389631445048528
3013.npy,62,33,0.846,0.3,cs,12.452206479840397,0.605426725884341
3013.npy,62,33,0.846,0.3,ddnm,30.460848255360155,0.8668199795323558
3013.npy,62,33,0.846,0.5,zerofill,24.38929989779676,0.7282806119541616
3013.npy,62,33,0.846,0.5,cs,34.981034789198226,0.9781635350531963
3013.npy,62,33,0.846,0.5,ddnm,35.28185391473435,0.9741603791457419
3013.npy,68,39,1.0,0.2,zerofill,17.890169299067786,0.4289403865852762
3013.npy,68,39,1.0,0.2,cs,24.020830397580696,0.7963511472309118
3013.npy,68,39,1.0,0.2,ddnm,26.669751112560537,0.8949595802623526
3013.npy,68,39,1.0,0.3,zerofill,19.223107825998124,0.5219942189751914
3013.npy,68,39,1.0,0.3,cs,27.87226180717726,0.8737943314638582
3013.npy,68,39,1.0,0.3,ddnm,29.803550074705058,0.9490183653513676
3013.npy,68,39,1.0,0.5,zerofill,23.19045296120519,0.7125549977887432
3013.npy,68,39,1.0,0.5,cs,33.45743516314219,0.9808071082444384
3013.npy,68,39,1.0,0.5,ddnm,34.35587176741318,0.983912091723247
3151.npy,29,0,0.0,0.2,zerofill,10.97354313840853,0.2965081661324861
3151.npy,29,0,0.0,0.2,cs,11.42658411050613,0.4444735661185282
3151.npy,29,0,0.0,0.2,ddnm,23.597786485362843,0.626607579335335
3151.npy,29,0,0.0,0.3,zerofill,18.878818559790478,0.4576383886984745
3151.npy,29,0,0.0,0.3,cs,30.29316236309226,0.9179265428738941
3151.npy,29,0,0.0,0.3,ddnm,29.858322087358435,0.9376909517450571
3151.npy,29,0,0.0,0.5,zerofill,25.968499527346967,0.7554234828895714
3151.npy,29,0,0.0,0.5,cs,33.26556498854273,0.9727711637525173
3151.npy,29,0,0.0,0.5,ddnm,31.628842158616873,0.9627351863902924
3151.npy,35,6,0.154,0.2,zerofill,10.73575036127882,0.3321685860716141
3151.npy,35,6,0.154,0.2,cs,11.928458954352951,0.4954773664823139
3151.npy,35,6,0.154,0.2,ddnm,13.767511465632282,0.5649106087300789
3151.npy,35,6,0.154,0.3,zerofill,20.482148414964723,0.5408994949473609
3151.npy,35,6,0.154,0.3,cs,28.897336396373422,0.8985096184320065
3151.npy,35,6,0.154,0.3,ddnm,29.21897811054622,0.9252378010130704
3151.npy,35,6,0.154,0.5,zerofill,12.331121430016307,0.5093112006040085
3151.npy,35,6,0.154,0.5,cs,12.142024336424559,0.6000940746262827
3151.npy,35,6,0.154,0.5,ddnm,31.986849228448357,0.9147526186657381
3151.npy,40,11,0.282,0.2,zerofill,11.560573471796351,0.3341273438896391
3151.npy,40,11,0.282,0.2,cs,12.712153745446829,0.5352574888783566
3151.npy,40,11,0.282,0.2,ddnm,13.858324409394797,0.5578609614901818
3151.npy,40,11,0.282,0.3,zerofill,12.518045119915842,0.4316141316496298
3151.npy,40,11,0.282,0.3,cs,12.755039184879651,0.6054003520222849
3151.npy,40,11,0.282,0.3,ddnm,25.878863669030572,0.7585964329258905
3151.npy,40,11,0.282,0.5,zerofill,26.540107787788067,0.7744013181892198
3151.npy,40,11,0.282,0.5,cs,32.233125023956525,0.9686999987751782
3151.npy,40,11,0.282,0.5,ddnm,31.62190612082252,0.9582202438404246
3151.npy,46,17,0.436,0.2,zerofill,16.203526275615562,0.45078672943537873
3151.npy,46,17,0.436,0.2,cs,21.783744960180087,0.7254066511137848
3151.npy,46,17,0.436,0.2,ddnm,27.150291554988456,0.8682142711458269
3151.npy,46,17,0.436,0.3,zerofill,21.049665387477162,0.5780541243163679
3151.npy,46,17,0.436,0.3,cs,27.29251551505662,0.894649080034857
3151.npy,46,17,0.436,0.3,ddnm,28.32010791757653,0.9141172677202432
3151.npy,46,17,0.436,0.5,zerofill,22.790151032900283,0.6715570453062998
3151.npy,46,17,0.436,0.5,cs,32.0557426490152,0.9619856577119306
3151.npy,46,17,0.436,0.5,ddnm,32.63315304188612,0.9684911314533206
3151.npy,51,22,0.564,0.2,zerofill,17.498497376830468,0.44083373570728596
3151.npy,51,22,0.564,0.2,cs,23.468110596483783,0.7194317334596064
3151.npy,51,22,0.564,0.2,ddnm,28.125399507844058,0.8846230329973215
3151.npy,51,22,0.564,0.3,zerofill,19.691557079091297,0.5910961423672707
3151.npy,51,22,0.564,0.3,cs,28.775763917312958,0.9080743733643324
3151.npy,51,22,0.564,0.3,ddnm,30.10982558120319,0.9469590617007897
3151.npy,51,22,0.564,0.5,zerofill,25.378057935753553,0.7412945543768062
3151.npy,51,22,0.564,0.5,cs,31.834403999604408,0.9683987898183939
3151.npy,51,22,0.564,0.5,ddnm,31.927105997914865,0.9662089821925345
3151.npy,57,28,0.718,0.2,zerofill,17.18958915587558,0.44258300116764704
3151.npy,57,28,0.718,0.2,cs,22.368635526793042,0.7854353804776233
3151.npy,57,28,0.718,0.2,ddnm,27.57228387132539,0.8920151023176673
3151.npy,57,28,0.718,0.3,zerofill,17.472125005869724,0.5329844735684731
3151.npy,57,28,0.718,0.3,cs,27.74346077269838,0.9041777532873086
3151.npy,57,28,0.718,0.3,ddnm,30.354167090717404,0.9430610032247074
3151.npy,57,28,0.718,0.5,zerofill,23.62864795647137,0.7255282518372239
3151.npy,57,28,0.718,0.5,cs,32.35882075058798,0.9731771219196387
3151.npy,57,28,0.718,0.5,ddnm,32.00414970554045,0.9687548656436071
3151.npy,62,33,0.846,0.2,zerofill,12.524828540235234,0.3547486176381598
3151.npy,62,33,0.846,0.2,cs,13.767249719090076,0.5515802631610545
3151.npy,62,33,0.846,0.2,ddnm,16.730376231094507,0.6912708404185409
3151.npy,62,33,0.846,0.3,zerofill,13.429913788059133,0.44473670763179135
3151.npy,62,33,0.846,0.3,cs,14.213518324599972,0.6364022734899504
3151.npy,62,33,0.846,0.3,ddnm,28.407170245545593,0.8088975862055032
3151.npy,62,33,0.846,0.5,zerofill,24.38316600636279,0.7382586738085458
3151.npy,62,33,0.846,0.5,cs,32.526514338098124,0.9737741812458925
3151.npy,62,33,0.846,0.5,ddnm,32.78153400085547,0.9693425573995279
3151.npy,68,39,1.0,0.2,zerofill,11.625262382553634,0.3492489504399983
3151.npy,68,39,1.0,0.2,cs,12.610215418947135,0.5007472961475825
3151.npy,68,39,1.0,0.2,ddnm,24.74002882400886,0.7506825458549976
3151.npy,68,39,1.0,0.3,zerofill,16.89177042636502,0.46909062528255446
3151.npy,68,39,1.0,0.3,cs,26.474535829808698,0.8669318260261586
3151.npy,68,39,1.0,0.3,ddnm,30.72013336409933,0.9414179961176304
3151.npy,68,39,1.0,0.5,zerofill,26.247708696038202,0.7805279024215392
3151.npy,68,39,1.0,0.5,cs,32.172405284932374,0.9730355218633533
3151.npy,68,39,1.0,0.5,ddnm,32.74021656573262,0.9710052340694154
3161.npy,29,0,0.0,0.2,zerofill,11.253060898244511,0.3649802105618167
3161.npy,29,0,0.0,0.2,cs,11.593287788296964,0.5021939541094164
3161.npy,29,0,0.0,0.2,ddnm,18.403908279059237,0.5400062821592748
3161.npy,29,0,0.0,0.3,zerofill,23.33756277263273,0.6213886526434881
3161.npy,29,0,0.0,0.3,cs,30.05971743031674,0.9219139456975223
3161.npy,29,0,0.0,0.3,ddnm,29.634914065982866,0.9243946254705908
3161.npy,29,0,0.0,0.5,zerofill,25.997173288555516,0.716511754546881
3161.npy,29,0,0.0,0.5,cs,33.46292847782905,0.9662244515781344
3161.npy,29,0,0.0,0.5,ddnm,31.63279509739024,0.9548896941001201
3161.npy,35,6,0.154,0.2,zerofill,11.982269779849656,0.37611331636066764
3161.npy,35,6,0.154,0.2,cs,13.31396434218943,0.587909110348555
3161.npy,35,6,0.154,0.2,ddnm,11.590054286627034,0.5471871866659199
3161.npy,35,6,0.154,0.3,zerofill,17.411644368999692,0.4698076796806888
3161.npy,35,6,0.154,0.3,cs,25.551444918999962,0.8352870517494184
3161.npy,35,6,0.154,0.3,ddnm,28.45479597204943,0.9163058184705989
3161.npy,35,6,0.154,0.5,zerofill,23.472489917907495,0.6760309287462188
3161.npy,35,6,0.154,0.5,cs,31.10005411420623,0.9616137845474236
3161.npy,35,6,0.154,0.5,ddnm,29.7785091903692,0.9517801290728879
3161.npy,40,11,0.282,0.2,zerofill,12.952280543143683,0.38544213231801466
3161.npy,40,11,0.282,0.2,cs,13.367360198891427,0.5594643924481092
3161.npy,40,11,0.282,0.2,ddnm,24.715626482706877,0.7650011588744989
3161.npy,40,11,0.282,0.3,zerofill,18.340138893652703,0.5327134041669295
3161.npy,40,11,0.282,0.3,cs,25.209579012591455,0.862008592525827
3161.npy,40,11,0.282,0.3,ddnm,27.85549219438324,0.9128380124606102
3161.npy,40,11,0.282,0.5,zerofill,25.374303512393617,0.8134136443156107
3161.npy,40,11,0.282,0.5,cs,31.03293490678302,0.9708648131350873
3161.npy,40,11,0.282,0.5,ddnm,30.22693433922811,0.9624695032234315
3161.npy,46,17,0.436,0.2,zerofill,13.095339262431677,0.4346607884515431
3161.npy,46,17,0.436,0.2,cs,13.401147256215216,0.6080176289427944
3161.npy,46,17,0.436,0.2,ddnm,27.50601095140574,0.8453095237729739
3161.npy,46,17,0.436,0.3,zerofill,18.08079030778508,0.5286412093589422
3161.npy,46,17,0.436,0.3,cs,26.384516482043132,0.8830747490408871
3161.npy,46,17,0.436,0.3,ddnm,28.507453981445067,0.8977827793300088
3161.npy,46,17,0.436,0.5,zerofill,23.645871374438766,0.723966801610333
3161.npy,46,17,0.436,0.5,cs,31.346591196608387,0.9551738522780643
3161.npy,46,17,0.436,0.5,ddnm,30.874890582412704,0.9539746139794227
3161.npy,51,22,0.564,0.2,zerofill,18.935717935525705,0.4906903495925116
3161.npy,51,22,0.564,0.2,cs,24.36450477406517,0.776796511746092
3161.npy,51,22,0.564,0.2,ddnm,26.60338154498639,0.8811961150147748
3161.npy,51,22,0.564,0.3,zerofill,13.391110301262323,0.43733444829909385
3161.npy,51,22,0.564,0.3,cs,14.099672292798328,0.6452802766343515
3161.npy,51,22,0.564,0.3,ddnm,28.199782813992403,0.8420457624327476
3161.npy,51,22,0.564,0.5,zerofill,24.132442091783027,0.7168878306924527
3161.npy,51,22,0.564,0.5,cs,30.910881676047563,0.9615147265975305
3161.npy,51,22,0.564,0.5,ddnm,31.01243056711541,0.9573516584702539
3161.npy,57,28,0.718,0.2,zerofill,17.073241900165435,0.4691181137511268
3161.npy,57,28,0.718,0.2,cs,22.772417295085496,0.74565544829598
3161.npy,57,28,0.718,0.2,ddnm,26.13833529689466,0.8763758729251281
3161.npy,57,28,0.718,0.3,zerofill,20.256534948247587,0.583364795384712
3161.npy,57,28,0.718,0.3,cs,27.104681896134206,0.8933092451403335
3161.npy,57,28,0.718,0.3,ddnm,29.340394400434953,0.9457782341311998
3161.npy,57,28,0.718,0.5,zerofill,25.136794233143334,0.7573684020453723
3161.npy,57,28,0.718,0.5,cs,30.551238545047816,0.9655912814662361
3161.npy,57,28,0.718,0.5,ddnm,31.563132891915473,0.9662846349474083
3161.npy,62,33,0.846,0.2,zerofill,16.586477757299075,0.43597208833109
3161.npy,62,33,0.846,0.2,cs,23.976035430298133,0.7692688987263746
3161.npy,62,33,0.846,0.2,ddnm,27.446152166837663,0.8705004950120817
3161.npy,62,33,0.846,0.3,zerofill,13.63090849620706,0.46429646540512104
3161.npy,62,33,0.846,0.3,cs,13.965549923476157,0.6592624660250532
3161.npy,62,33,0.846,0.3,ddnm,27.592587473466523,0.8532519413669386
3161.npy,62,33,0.846,0.5,zerofill,18.999740024111972,0.6446677839637611
3161.npy,62,33,0.846,0.5,cs,31.71952634291957,0.9447775602669076
3161.npy,62,33,0.846,0.5,ddnm,31.757095107239298,0.9550254081957317
3161.npy,68,39,1.0,0.2,zerofill,16.136664913070046,0.4366568076883134
3161.npy,68,39,1.0,0.2,cs,21.62446637053514,0.7535541543499717
3161.npy,68,39,1.0,0.2,ddnm,26.544668811617168,0.8634138470598204
3161.npy,68,39,1.0,0.3,zerofill,13.201400716875177,0.45460394340235644
3161.npy,68,39,1.0,0.3,cs,13.582916718379261,0.6204227671729774
3161.npy,68,39,1.0,0.3,ddnm,27.16136500974748,0.808894922016241
3161.npy,68,39,1.0,0.5,zerofill,13.663466490286096,0.570399040169361
3161.npy,68,39,1.0,0.5,cs,14.002369075121258,0.6955231590576709
3161.npy,68,39,1.0,0.5,ddnm,33.31155962691979,0.9392219993078846
3171.npy,29,0,0.0,0.2,zerofill,20.582429025532978,0.5768171108628902
3171.npy,29,0,0.0,0.2,cs,26.15565874324057,0.8498168490026536
3171.npy,29,0,0.0,0.2,ddnm,27.356529961179994,0.8874295025159628
3171.npy,29,0,0.0,0.3,zerofill,15.243213773884158,0.39715239099097643
3171.npy,29,0,0.0,0.3,cs,23.726889168883165,0.7413218953489413
3171.npy,29,0,0.0,0.3,ddnm,28.469458229335967,0.8773707137577029
3171.npy,29,0,0.0,0.5,zerofill,22.327727391915708,0.6473181129969019
3171.npy,29,0,0.0,0.5,cs,33.17597140715272,0.9644313745803328
3171.npy,29,0,0.0,0.5,ddnm,33.022568315962566,0.9612451306924933
3171.npy,35,6,0.154,0.2,zerofill,10.653726002890805,0.35034221889648676
3171.npy,35,6,0.154,0.2,cs,11.95789363704241,0.4967587254938804
3171.npy,35,6,0.154,0.2,ddnm,13.805806719595148,0.5247418789193354
3171.npy,35,6,0.154,0.3,zerofill,20.371639771532017,0.5636133974201951
3171.npy,35,6,0.154,0.3,cs,30.03452796853676,0.9126095669872176
3171.npy,35,6,0.154,0.3,ddnm,30.35903461766408,0.9337429643294017
3171.npy,35,6,0.154,0.5,zerofill,27.786210592028326,0.8020252767789862
3171.npy,35,6,0.154,0.5,cs,32.400142897528085,0.9628598562405976
3171.npy,35,6,0.154,0.5,ddnm,31.85723093219691,0.9541848106342309
3171.npy,40,11,0.282,0.2,zerofill,11.229337899796572,0.3488179488468793
3171.npy,40,11,0.282,0.2,cs,12.52031057032794,0.5174031701822109
3171.npy,40,11,0.282,0.2,ddnm,21.99469676985332,0.686865727433737
3171.npy,40,11,0.282,0.3,zerofill,19.81521147301779,0.5291830069246485
3171.npy,40,11,0.282,0.3,cs,27.47750094421732,0.8762695590912388
3171.npy,40,11,0.282,0.3,ddnm,28.857546981350698,0.917850206839609
3171.npy,40,11,0.282,0.5,zerofill,24.101650893846905,0.6875996847606619
3171.npy,40,11,0.282,0.5,cs,31.932125211245157,0.9637606131376935
3171.npy,40,11,0.282,0.5,ddnm,32.17620713035367,0.9617329449526759
3171.npy,46,17,0.436,0.2,zerofill,11.426790683040515,0.3681750571320106
3171.npy,46,17,0.436,0.2,cs,12.523188258170055,0.5363131688981052
3171.npy,46,17,0.436,0.2,ddnm,26.199114429148487,0.7522208121526627
3171.npy,46,17,0.436,0.3,zerofill,20.60509966464156,0.5594887562132317
3171.npy,46,17,0.436,0.3,cs,28.432161706784868,0.8825467304611673
3171.npy,46,17,0.436,0.3,ddnm,29.403141170309894,0.9287498860658256
3171.npy,46,17,0.436,0.5,zerofill,27.221893925398554,0.7831999074488235
3171.npy,46,17,0.436,0.5,cs,32.20415695996714,0.9609406690737216
3171.npy,46,17,0.436,0.5,ddnm,31.319502855752965,0.9529612743363557
3171.npy,51,22,0.564,0.2,zerofill,17.442070547194476,0.4427812076328286
3171.npy,51,22,0.564,0.2,cs,23.5582233395749,0.7403186384946987
3171.npy,51,22,0.564,0.2,ddnm,28.595040298770122,0.8611808112534391
3171.npy,51,22,0.564,0.3,zerofill,22.790644116607687,0.6255083396586817
3171.npy,51,22,0.564,0.3,cs,27.639169278823367,0.8708402014834803
3171.npy,51,22,0.564,0.3,ddnm,29.990572158921577,0.9251818057551111
3171.npy,51,22,0.564,0.5,zerofill,23.9559081259358,0.7015241773458075
3171.npy,51,22,0.564,0.5,cs,32.670722611697094,0.9609235355355701
3171.npy,51,22,0.564,0.5,ddnm,31.667637243973182,0.9541900117982463
3171.npy,57,28,0.718,0.2,zerofill,12.221732340106534,0.4052791506408014
3171.npy,57,28,0.718,0.2,cs,12.967579921642297,0.5702459855420647
3171.npy,57,28,0.718,0.2,ddnm,26.236623607533648,0.7814536614424743
3171.npy,57,28,0.718,0.3,zerofill,21.56750217898882,0.6214379644594978
3171.npy,57,28,0.718,0.3,cs,28.64661950150355,0.9146198156186888
3171.npy,57,28,0.718,0.3,ddnm,29.97524865002412,0.9202155407334938
3171.npy,57,28,0.718,0.5,zerofill,23.14159162179106,0.6861474879491454
3171.npy,57,28,0.718,0.5,cs,31.927351760676327,0.9634477162082424
3171.npy,57,28,0.718,0.5,ddnm,32.776726963128674,0.9637080391819391
3171.npy,62,33,0.846,0.2,zerofill,17.47771687371918,0.4983770493094696
3171.npy,62,33,0.846,0.2,cs,24.64191896564737,0.8090041082981124
3171.npy,62,33,0.846,0.2,ddnm,29.141969838665894,0.8908083381387086
3171.npy,62,33,0.846,0.3,zerofill,21.58193800380041,0.5914043612819938
3171.npy,62,33,0.846,0.3,cs,28.715534774368813,0.9202399877213128
3171.npy,62,33,0.846,0.3,ddnm,29.496623999719414,0.9292288402351232
3171.npy,62,33,0.846,0.5,zerofill,23.70153134889103,0.7197806519839525
3171.npy,62,33,0.846,0.5,cs,31.215004580419368,0.9625239801708008
3171.npy,62,33,0.846,0.5,ddnm,31.97066028735734,0.9583929098443746
3171.npy,68,39,1.0,0.2,zerofill,12.412792726122392,0.33599817697178186
3171.npy,68,39,1.0,0.2,cs,12.292621852619394,0.44627677181869924
3171.npy,68,39,1.0,0.2,ddnm,25.93704770310054,0.739357362291519
3171.npy,68,39,1.0,0.3,zerofill,12.582093327427724,0.4469168172380974
3171.npy,68,39,1.0,0.3,cs,12.699740845055388,0.6160880517052529
3171.npy,68,39,1.0,0.3,ddnm,29.890329509982227,0.8783832077028065
3171.npy,68,39,1.0,0.5,zerofill,23.777600617384707,0.7393069654011468
3171.npy,68,39,1.0,0.5,cs,31.25844396500642,0.9648905228948568
3171.npy,68,39,1.0,0.5,ddnm,31.282023122170873,0.9560088008938538
3301.npy,29,0,0.0,0.2,zerofill,10.76016067665157,0.30167356826338615
3301.npy,29,0,0.0,0.2,cs,11.529710351907092,0.4384564845106287
3301.npy,29,0,0.0,0.2,ddnm,24.115615024575785,0.6275109265729406
3301.npy,29,0,0.0,0.3,zerofill,17.093362257605346,0.48363142351327565
3301.npy,29,0,0.0,0.3,cs,27.49958020382815,0.8791413346645381
3301.npy,29,0,0.0,0.3,ddnm,28.50588482811474,0.9314752420417022
3301.npy,29,0,0.0,0.5,zerofill,25.89309007306944,0.7380832150563857
3301.npy,29,0,0.0,0.5,cs,32.15559278000806,0.9631492366227883
3301.npy,29,0,0.0,0.5,ddnm,32.01095026166036,0.9610658659609983
3301.npy,35,6,0.154,0.2,zerofill,11.54034212760208,0.3297157787662339
3301.npy,35,6,0.154,0.2,cs,12.866699904829062,0.5287838658115208
3301.npy,35,6,0.154,0.2,ddnm,17.487544343545075,0.566511858446027
3301.npy,35,6,0.154,0.3,zerofill,18.500281581813617,0.525395035582565
3301.npy,35,6,0.154,0.3,cs,27.09818196532654,0.8482876411215916
3301.npy,35,6,0.154,0.3,ddnm,28.39746641761775,0.8932491571664234
3301.npy,35,6,0.154,0.5,zerofill,24.386304553231454,0.7079424068484989
3301.npy,35,6,0.154,0.5,cs,31.693861571309014,0.96363987952663
3301.npy,35,6,0.154,0.5,ddnm,31.275009607477315,0.9629789868595459
3301.npy,40,11,0.282,0.2,zerofill,17.58278202131946,0.42864186237854746
3301.npy,40,11,0.282,0.2,cs,22.563775237461485,0.6806580083989427
3301.npy,40,11,0.282,0.2,ddnm,26.339309787428398,0.7964962847792143
3301.npy,40,11,0.282,0.3,zerofill,18.522358099557444,0.4976238604808681
3301.npy,40,11,0.282,0.3,cs,25.740456339932607,0.8334940740598621
3301.npy,40,11,0.282,0.3,ddnm,27.760645388888285,0.8744793854777978
3301.npy,40,11,0.282,0.5,zerofill,26.674905838616883,0.7984672984049136
3301.npy,40,11,0.282,0.5,cs,31.945901420019098,0.9649148506924081
3301.npy,40,11,0.282,0.5,ddnm,31.10307441082692,0.9557306890552866
3301.npy,46,17,0.436,0.2,zerofill,17.941200563157945,0.4928509766113643
3301.npy,46,17,0.436,0.2,cs,24.27135891995796,0.8103684236868556
3301.npy,46,17,0.436,0.2,ddnm,26.305575061640475,0.8964104569949825
3301.npy,46,17,0.436,0.3,zerofill,13.665500128944757,0.48757645627976615
3301.npy,46,17,0.436,0.3,cs,14.404289962385706,0.689706141701209
3301.npy,46,17,0.436,0.3,ddnm,27.03627646643142,0.8516244508674705
3301.npy,46,17,0.436,0.5,zerofill,24.83908745472407,0.7678775412203968
3301.npy,46,17,0.436,0.5,cs,31.470736445942983,0.9677648027236024
3301.npy,46,17,0.436,0.5,ddnm,30.988753300895358,0.9623231815133675
3301.npy,51,22,0.564,0.2,zerofill,13.75937517477488,0.37469190733990837
3301.npy,51,22,0.564,0.2,cs,14.2448293616044,0.5619333987614232
3301.npy,51,22,0.564,0.2,ddnm,26.22341055289166,0.7857691857925506
3301.npy,51,22,0.564,0.3,zerofill,21.296719273904895,0.6246981710518789
3301.npy,51,22,0.564,0.3,cs,28.694617975711928,0.9288042203989506
3301.npy,51,22,0.564,0.3,ddnm,28.88225459645083,0.9435454861843371
3301.npy,51,22,0.564,0.5,zerofill,14.931509600698906,0.6253930531680824
3301.npy,51,22,0.564,0.5,cs,14.854436212369839,0.7528975007442001
3301.npy,51,22,0.564,0.5,ddnm,30.017539093694822,0.9129284823919553
3301.npy,57,28,0.718,0.2,zerofill,13.803853430809234,0.4063768959051194
3301.npy,57,28,0.718,0.2,cs,14.314756536161084,0.5970398397192964
3301.npy,57,28,0.718,0.2,ddnm,25.09849698074591,0.7802391368440245
3301.npy,57,28,0.718,0.3,zerofill,20.292648080765517,0.5816486793434846
3301.npy,57,28,0.718,0.3,cs,25.69337063745426,0.8636480445587631
3301.npy,57,28,0.718,0.3,ddnm,27.481237627815215,0.9037134661165273
3301.npy,57,28,0.718,0.5,zerofill,23.88089251953952,0.755699827617881
3301.npy,57,28,0.718,0.5,cs,31.59332779067281,0.9697217429735044
3301.npy,57,28,0.718,0.5,ddnm,32.89681314936976,0.9684065654253133
3301.npy,62,33,0.846,0.2,zerofill,12.927340244531106,0.3764178814048911
3301.npy,62,33,0.846,0.2,cs,13.940218409008976,0.5908486965439547
3301.npy,62,33,0.846,0.2,ddnm,26.43122149724906,0.7871824895568681
3301.npy,62,33,0.846,0.3,zerofill,13.479132275568272,0.47607850302351357
3301.npy,62,33,0.846,0.3,cs,14.037970063677573,0.6813739263816798
3301.npy,62,33,0.846,0.3,ddnm,30.24028407646364,0.8939413536371034
3301.npy,62,33,0.846,0.5,zerofill,24.545218133891993,0.7491355853597201
3301.npy,62,33,0.846,0.5,cs,32.48614046869865,0.9675380791692892
3301.npy,62,33,0.846,0.5,ddnm,32.99688977390728,0.9663964503156149
3301.npy,68,39,1.0,0.2,zerofill,18.20243881544024,0.47498500355750106
3301.npy,68,39,1.0,0.2,cs,21.394140734438572,0.736883329179965
3301.npy,68,39,1.0,0.2,ddnm,25.923068327981426,0.8728823602025354
3301.npy,68,39,1.0,0.3,zerofill,19.819778993389875,0.5538300324497756
3301.npy,68,39,1.0,0.3,cs,27.105419230613087,0.878192429390987
3301.npy,68,39,1.0,0.3,ddnm,28.96225190728567,0.9230470777226693
3301.npy,68,39,1.0,0.5,zerofill,24.22508731207358,0.7166140492626265
3301.npy,68,39,1.0,0.5,cs,30.221827726019676,0.9635598131747567
3301.npy,68,39,1.0,0.5,ddnm,29.907829928736376,0.9589851569044946
3405.npy,29,0,0.0,0.2,zerofill,10.6470271227634,0.305268947917059
3405.npy,29,0,0.0,0.2,cs,11.936176389648686,0.5206194658898282
3405.npy,29,0,0.0,0.2,ddnm,26.83025088990304,0.709771378097835
3405.npy,29,0,0.0,0.3,zerofill,16.30510300216084,0.44213667012884006
3405.npy,29,0,0.0,0.3,cs,31.76818878080315,0.9045533576094964
3405.npy,29,0,0.0,0.3,ddnm,33.570535253702495,0.9680991883789362
3405.npy,29,0,0.0,0.5,zerofill,27.930506136708576,0.7509093643139219
3405.npy,29,0,0.0,0.5,cs,39.2294440339058,0.9899856455622101
3405.npy,29,0,0.0,0.5,ddnm,39.30178764439858,0.9913120522386315
3405.npy,35,6,0.154,0.2,zerofill,11.511866372904176,0.403673059046561
3405.npy,35,6,0.154,0.2,cs,12.937364267105222,0.6051580318613874
3405.npy,35,6,0.154,0.2,ddnm,16.652505439440016,0.648568591599688
3405.npy,35,6,0.154,0.3,zerofill,12.222025707299045,0.4378590055783024
3405.npy,35,6,0.154,0.3,cs,12.48846992435219,0.5990585500599587
3405.npy,35,6,0.154,0.3,ddnm,33.25602805001712,0.9160425111559315
3405.npy,35,6,0.154,0.5,zerofill,12.443013791166983,0.4897540899508762
3405.npy,35,6,0.154,0.5,cs,12.523136363455938,0.6266331986877743
3405.npy,35,6,0.154,0.5,ddnm,37.57554687032313,0.934760985864455
3405.npy,40,11,0.282,0.2,zerofill,16.282136768640015,0.41421093303082474
3405.npy,40,11,0.282,0.2,cs,25.855134438352593,0.8231273702951737
3405.npy,40,11,0.282,0.2,ddnm,28.69561471457805,0.8719690430826049
3405.npy,40,11,0.282,0.3,zerofill,12.952972332410766,0.45165322079594555
3405.npy,40,11,0.282,0.3,cs,13.442646447736852,0.665987283024416
3405.npy,40,11,0.282,0.3,ddnm,32.87177870266496,0.9250498715707033
3405.npy,40,11,0.282,0.5,zerofill,28.52706055712934,0.8178585781693284
3405.npy,40,11,0.282,0.5,cs,37.132161687644476,0.9861040050201408
3405.npy,40,11,0.282,0.5,ddnm,35.603153136974626,0.9818802072264372
3405.npy,46,17,0.436,0.2,zerofill,19.866212540890523,0.5770638305147983
3405.npy,46,17,0.436,0.2,cs,27.629042660895855,0.8623151219789954
3405.npy,46,17,0.436,0.2,ddnm,28.632918112329566,0.9244537195066269
3405.npy,46,17,0.436,0.3,zerofill,18.600995000666607,0.5987463548906575
3405.npy,46,17,0.436,0.3,cs,31.892466986381294,0.9219670973085438
3405.npy,46,17,0.436,0.3,ddnm,32.56799329314278,0.96401844727808
3405.npy,46,17,0.436,0.5,zerofill,23.57815250135634,0.7388218893579895
3405.npy,46,17,0.436,0.5,cs,37.157060696422455,0.9824675037511829
3405.npy,46,17,0.436,0.5,ddnm,37.49911238211128,0.9889940548627103
3405.npy,51,22,0.564,0.2,zerofill,12.52745807755712,0.4067545308380221
3405.npy,51,22,0.564,0.2,cs,13.611483675727104,0.6557942114262456
3405.npy,51,22,0.564,0.2,ddnm,14.364089170930363,0.7127987437667251
3405.npy,51,22,0.564,0.3,zerofill,20.644010099754485,0.6101462421694746
3405.npy,51,22,0.564,0.3,cs,33.83245098942925,0.9497717060769431
3405.npy,51,22,0.564,0.3,ddnm,35.164147417440915,0.974810847625621
3405.npy,51,22,0.564,0.5,zerofill,24.241049933337738,0.7232492938687791
3405.npy,51,22,0.564,0.5,cs,38.15153094616912,0.9863984708590906
3405.npy,51,22,0.564,0.5,ddnm,39.641992761279894,0.9896943683915483
3405.npy,57,28,0.718,0.2,zerofill,12.429931194087835,0.4426816875572257
3405.npy,57,28,0.718,0.2,cs,13.957865542401162,0.6926466967447632
3405.npy,57,28,0.718,0.2,ddnm,29.386866635542425,0.8955009351095279
3405.npy,57,28,0.718,0.3,zerofill,20.84904890574982,0.6297072890509781
3405.npy,57,28,0.718,0.3,cs,34.030876739366214,0.9419520693488
3405.npy,57,28,0.718,0.3,ddnm,36.8626650894982,0.9807613647551153
3405.npy,57,28,0.718,0.5,zerofill,26.691678818752962,0.7654258863366209
3405.npy,57,28,0.718,0.5,cs,38.773403532067704,0.9890788231716782
3405.npy,57,28,0.718,0.5,ddnm,37.98158747753466,0.9883838094304371
3405.npy,62,33,0.846,0.2,zerofill,12.981375923230507,0.42098520790705996
3405.npy,62,33,0.846,0.2,cs,13.70101429659436,0.6424866056506829
3405.npy,62,33,0.846,0.2,ddnm,33.82010226105233,0.9158037828431194
3405.npy,62,33,0.846,0.3,zerofill,13.537505712174225,0.46368321791422135
3405.npy,62,33,0.846,0.3,cs,13.789466498196967,0.69876192694032
3405.npy,62,33,0.846,0.3,ddnm,34.85554319995036,0.9463142320389583
3405.npy,62,33,0.846,0.5,zerofill,25.690313730259614,0.7677207933232151
3405.npy,62,33,0.846,0.5,cs,39.00074027274317,0.9898366677812337
3405.npy,62,33,0.846,0.5,ddnm,40.80874754925537,0.9918354564426215
3405.npy,68,39,1.0,0.2,zerofill,18.62114660408135,0.48233959488845823
3405.npy,68,39,1.0,0.2,cs,26.84049331582787,0.8272802916941606
3405.npy,68,39,1.0,0.2,ddnm,29.92822867533053,0.8789369123914018
3405.npy,68,39,1.0,0.3,zerofill,13.2414041466747,0.47285299920389384
3405.npy,68,39,1.0,0.3,cs,13.616329363638702,0.6784189289446859
3405.npy,68,39,1.0,0.3,ddnm,33.46248734844539,0.9066055641088858
3405.npy,68,39,1.0,0.5,zerofill,26.184163826565356,0.7253070194701554
3405.npy,68,39,1.0,0.5,cs,38.15915508080575,0.989129302803466
3405.npy,68,39,1.0,0.5,ddnm,39.9010882524393,0.9913089094191462
3481.npy,29,0,0.0,0.2,zerofill,12.281279372187232,0.3923040147280256
3481.npy,29,0,0.0,0.2,cs,12.52056634115705,0.5311172852319039
3481.npy,29,0,0.0,0.2,ddnm,26.125039191681,0.7595843921874286
3481.npy,29,0,0.0,0.3,zerofill,19.67358438539671,0.5876986192059579
3481.npy,29,0,0.0,0.3,cs,30.88151462279219,0.915612436108165
3481.npy,29,0,0.0,0.3,ddnm,31.205661206573637,0.9505398854797517
3481.npy,29,0,0.0,0.5,zerofill,28.809284680648165,0.81760347361552
3481.npy,29,0,0.0,0.5,cs,35.81098840988578,0.9819070016166851
3481.npy,29,0,0.0,0.5,ddnm,33.627977393623794,0.9718659753137556
3481.npy,35,6,0.154,0.2,zerofill,12.754615148150856,0.41071257678457673
3481.npy,35,6,0.154,0.2,cs,13.111321234424771,0.5611360855358855
3481.npy,35,6,0.154,0.2,ddnm,27.382408584697856,0.7804157471820388
3481.npy,35,6,0.154,0.3,zerofill,21.261672900306866,0.6116437918750719
3481.npy,35,6,0.154,0.3,cs,30.78831682299039,0.9390740502876993
3481.npy,35,6,0.154,0.3,ddnm,29.55520860523404,0.9377136545396442
3481.npy,35,6,0.154,0.5,zerofill,27.59769907119718,0.7901045149019202
3481.npy,35,6,0.154,0.5,cs,35.889767384154894,0.9850034857951194
3481.npy,35,6,0.154,0.5,ddnm,34.073305419455515,0.9759369031159476
3481.npy,40,11,0.282,0.2,zerofill,17.39842908754207,0.4700745019398573
3481.npy,40,11,0.282,0.2,cs,23.034039012045096,0.7333390648168362
3481.npy,40,11,0.282,0.2,ddnm,26.10897316797509,0.8471682478808411
3481.npy,40,11,0.282,0.3,zerofill,20.42798534304415,0.5602837083242271
3481.npy,40,11,0.282,0.3,cs,28.22188501487945,0.8877938926041985
3481.npy,40,11,0.282,0.3,ddnm,30.422571253553432,0.9391687183378845
3481.npy,40,11,0.282,0.5,zerofill,26.546845190045335,0.7713380902905485
3481.npy,40,11,0.282,0.5,cs,36.078553152559635,0.9853143146548403
3481.npy,40,11,0.282,0.5,ddnm,35.831660429755566,0.9833761154804394
3481.npy,46,17,0.436,0.2,zerofill,13.566036625399377,0.4475837567988492
3481.npy,46,17,0.436,0.2,cs,13.998944255697563,0.6204210505996091
3481.npy,46,17,0.436,0.2,ddnm,27.770336704708566,0.8340066572347418
3481.npy,46,17,0.436,0.3,zerofill,13.187157205269095,0.4957841828567141
3481.npy,46,17,0.436,0.3,cs,14.751533257003064,0.7363825633828165
3481.npy,46,17,0.436,0.3,ddnm,18.153774422198207,0.8177176798682323
3481.npy,46,17,0.436,0.5,zerofill,27.568071550328103,0.8149575707413185
3481.npy,46,17,0.436,0.5,cs,35.04550593557855,0.9821171530854539
3481.npy,46,17,0.436,0.5,ddnm,34.56471839481007,0.9775177038218891
3481.npy,51,22,0.564,0.2,zerofill,13.332073188976718,0.42031112031033613
3481.npy,51,22,0.564,0.2,cs,14.147649978218169,0.5888113421180036
3481.npy,51,22,0.564,0.2,ddnm,18.420971123065804,0.6644074014962538
3481.npy,51,22,0.564,0.3,zerofill,14.544877494320067,0.5409958797769497
3481.npy,51,22,0.564,0.3,cs,14.88901501270613,0.7406310386744964
3481.npy,51,22,0.564,0.3,ddnm,28.321149315548567,0.8898976783687887
3481.npy,51,22,0.564,0.5,zerofill,24.936060602306686,0.7502431535112662
3481.npy,51,22,0.564,0.5,cs,33.23126826331297,0.9698697722781509
3481.npy,51,22,0.564,0.5,ddnm,33.24509900846572,0.9664572240027393
3481.npy,57,28,0.718,0.2,zerofill,19.85179817316328,0.5509247500330336
3481.npy,57,28,0.718,0.2,cs,25.793623707166887,0.8275014465160478
3481.npy,57,28,0.718,0.2,ddnm,28.146052647341815,0.8894904475580041
3481.npy,57,28,0.718,0.3,zerofill,14.418723045768047,0.5408884160869711
3481.npy,57,28,0.718,0.3,cs,14.942889839432816,0.7339277978966142
3481.npy,57,28,0.718,0.3,ddnm,30.183231244164602,0.9279547625012822
3481.npy,57,28,0.718,0.5,zerofill,27.017730220410414,0.8043952345296448
3481.npy,57,28,0.718,0.5,cs,35.027780283743496,0.9807401151906672
3481.npy,57,28,0.718,0.5,ddnm,34.99137085223452,0.9784435449837356
3481.npy,62,33,0.846,0.2,zerofill,17.63206116893236,0.45580818700220166
3481.npy,62,33,0.846,0.2,cs,22.159016668470798,0.7320981023142078
3481.npy,62,33,0.846,0.2,ddnm,27.443152492959165,0.8281695801395301
3481.npy,62,33,0.846,0.3,zerofill,14.269285342924329,0.4812709578557902
3481.npy,62,33,0.846,0.3,cs,14.697007796248014,0.677719967061726
3481.npy,62,33,0.846,0.3,ddnm,27.60761720926442,0.8396545610473449
3481.npy,62,33,0.846,0.5,zerofill,26.945012095217315,0.8032879325621545
3481.npy,62,33,0.846,0.5,cs,34.297383945344784,0.9784182155165932
3481.npy,62,33,0.846,0.5,ddnm,35.129673921216884,0.9736229552997757
3481.npy,68,39,1.0,0.2,zerofill,19.159123928988365,0.5518867724828527
3481.npy,68,39,1.0,0.2,cs,25.516574082213715,0.8581728475597341
3481.npy,68,39,1.0,0.2,ddnm,28.734252898269524,0.924579350114093
3481.npy,68,39,1.0,0.3,zerofill,20.59319545502944,0.6217523890336071
3481.npy,68,39,1.0,0.3,cs,29.833140361293665,0.934352854540578
3481.npy,68,39,1.0,0.3,ddnm,30.887702717098307,0.9549399857614285
3481.npy,68,39,1.0,0.5,zerofill,20.620763613501126,0.6996034179503865
3481.npy,68,39,1.0,0.5,cs,33.753743929030286,0.9758457595487975
3481.npy,68,39,1.0,0.5,ddnm,33.3252944156902,0.9722639083485871
3517.npy,29,0,0.0,0.2,zerofill,12.132309628293626,0.3891691927627731
3517.npy,29,0,0.0,0.2,cs,12.41295228727417,0.5287249633185325
3517.npy,29,0,0.0,0.2,ddnm,24.44936528584718,0.6956195985409125
3517.npy,29,0,0.0,0.3,zerofill,12.248327325674303,0.42674063359302694
3517.npy,29,0,0.0,0.3,cs,12.53893956638878,0.5773817914956171
3517.npy,29,0,0.0,0.3,ddnm,29.899143202101687,0.8611715215908299
3517.npy,29,0,0.0,0.5,zerofill,28.375193400282626,0.8379146309836786
3517.npy,29,0,0.0,0.5,cs,33.81980296790674,0.978862369734893
3517.npy,29,0,0.0,0.5,ddnm,32.27128811685063,0.9714055931922955
3517.npy,35,6,0.154,0.2,zerofill,16.831242506340768,0.42965802022033234
3517.npy,35,6,0.154,0.2,cs,22.803157976027855,0.7014632964967682
3517.npy,35,6,0.154,0.2,ddnm,28.372165876513698,0.8495027311631819
3517.npy,35,6,0.154,0.3,zerofill,21.116740147012596,0.5858210332670348
3517.npy,35,6,0.154,0.3,cs,28.36684532207525,0.896827503472033
3517.npy,35,6,0.154,0.3,ddnm,30.055781272456898,0.940396403770186
3517.npy,35,6,0.154,0.5,zerofill,27.96080212844876,0.8048308198076809
3517.npy,35,6,0.154,0.5,cs,36.101994997550015,0.9814865766986663
3517.npy,35,6,0.154,0.5,ddnm,36.54529887388554,0.9832911795944784
3517.npy,40,11,0.282,0.2,zerofill,13.762733890547633,0.45469211518648434
3517.npy,40,11,0.282,0.2,cs,14.405630314869605,0.637713441441127
3517.npy,40,11,0.282,0.2,ddnm,25.53290360195197,0.822487147475255
3517.npy,40,11,0.282,0.3,zerofill,19.75601627796847,0.614988085751876
3517.npy,40,11,0.282,0.3,cs,28.996773738915657,0.916842634545114
3517.npy,40,11,0.282,0.3,ddnm,28.608172246222665,0.9384552038559283
3517.npy,40,11,0.282,0.5,zerofill,26.68858899481236,0.79794018625072
3517.npy,40,11,0.282,0.5,cs,33.40886109108796,0.9809862486427429
3517.npy,40,11,0.282,0.5,ddnm,33.08202246625455,0.9763036037454103
3517.npy,46,17,0.436,0.2,zerofill,17.64020107091558,0.5119520244684471
3517.npy,46,17,0.436,0.2,cs,23.59709204051743,0.8027343231051093
3517.npy,46,17,0.436,0.2,ddnm,27.499324889010587,0.9076064123790356
3517.npy,46,17,0.436,0.3,zerofill,21.05187169011352,0.645497083867808
3517.npy,46,17,0.436,0.3,cs,29.63435540037668,0.9350361537022601
3517.npy,46,17,0.436,0.3,ddnm,30.198201923115086,0.9373213060298328
3517.npy,46,17,0.436,0.5,zerofill,28.523332771063696,0.8617559871076936
3517.npy,46,17,0.436,0.5,cs,33.86520775930655,0.9834779359558454
3517.npy,46,17,0.436,0.5,ddnm,32.74310628921471,0.9775857206467049
3517.npy,51,22,0.564,0.2,zerofill,14.326203682126472,0.474488022731686
3517.npy,51,22,0.564,0.2,cs,15.553271511363299,0.654758596531962
3517.npy,51,22,0.564,0.2,ddnm,24.93494746514145,0.8013731085609478
3517.npy,51,22,0.564,0.3,zerofill,14.69122379265963,0.5397537676527157
3517.npy,51,22,0.564,0.3,cs,16.31756558445456,0.7559725670069272
3517.npy,51,22,0.564,0.3,ddnm,30.712272182571333,0.9353165487045243
3517.npy,51,22,0.564,0.5,zerofill,22.812066478026914,0.7390329795927881
3517.npy,51,22,0.564,0.5,cs,33.64855674819615,0.9797282670453107
3517.npy,51,22,0.564,0.5,ddnm,34.40319505242017,0.981246279255737
3517.npy,57,28,0.718,0.2,zerofill,14.634064493858974,0.45522148804576196
3517.npy,57,28,0.718,0.2,cs,18.455931671196023,0.7197824543199033
3517.npy,57,28,0.718,0.2,ddnm,26.501401719943377,0.8428355124297241
3517.npy,57,28,0.718,0.3,zerofill,14.646503113540426,0.5446576787513504
3517.npy,57,28,0.718,0.3,cs,16.0391413316152,0.7132035275813664
3517.npy,57,28,0.718,0.3,ddnm,28.159495032165207,0.8935683852462591
3517.npy,57,28,0.718,0.5,zerofill,26.22594054544903,0.8136449101075902
3517.npy,57,28,0.718,0.5,cs,32.71164196311199,0.9829785418795566
3517.npy,57,28,0.718,0.5,ddnm,31.86546841219449,0.9767454855386303
3517.npy,62,33,0.846,0.2,zerofill,15.640446224467466,0.476643860022442
3517.npy,62,33,0.846,0.2,cs,21.50260220391278,0.7972978289968762
3517.npy,62,33,0.846,0.2,ddnm,27.504639176292155,0.8821360961031254
3517.npy,62,33,0.846,0.3,zerofill,14.7825841760446,0.5549654692103141
3517.npy,62,33,0.846,0.3,cs,16.053859537679514,0.7288788473194395
3517.npy,62,33,0.846,0.3,ddnm,29.47530818515411,0.9190611096819349
3517.npy,62,33,0.846,0.5,zerofill,22.772446338513635,0.7107266921243512
3517.npy,62,33,0.846,0.5,cs,33.89472631320696,0.9784578664192779
3517.npy,62,33,0.846,0.5,ddnm,36.311186098280004,0.983420911642756
3517.npy,68,39,1.0,0.2,zerofill,12.79012373439681,0.38265551749703064
3517.npy,68,39,1.0,0.2,cs,13.989590937577265,0.58519772723836
3517.npy,68,39,1.0,0.2,ddnm,21.239332503044217,0.8036434430442175
3517.npy,68,39,1.0,0.3,zerofill,13.96185421463012,0.5294051435815573
3517.npy,68,39,1.0,0.3,cs,15.087859681146467,0.71566906380502
3517.npy,68,39,1.0,0.3,ddnm,30.09257660649817,0.9253347223933442
3517.npy,68,39,1.0,0.5,zerofill,25.118972576436498,0.7525533091261273
3517.npy,68,39,1.0,0.5,cs,32.77112524326509,0.9771091478169205
3517.npy,68,39,1.0,0.5,ddnm,31.95120497306508,0.9744816225836015
3600.npy,29,0,0.0,0.2,zerofill,10.735401077645744,0.34458010473524864
3600.npy,29,0,0.0,0.2,cs,11.972823326983299,0.5353309014667066
3600.npy,29,0,0.0,0.2,ddnm,11.268157011249427,0.493702395052311
3600.npy,29,0,0.0,0.3,zerofill,22.36233155649131,0.5980875012856425
3600.npy,29,0,0.0,0.3,cs,30.559078452889473,0.9323910435772301
3600.npy,29,0,0.0,0.3,ddnm,31.028284929756026,0.9342557306160404
3600.npy,29,0,0.0,0.5,zerofill,27.138845387016758,0.7532630290162695
3600.npy,29,0,0.0,0.5,cs,36.86482561988228,0.9786917432658104
3600.npy,29,0,0.0,0.5,ddnm,36.87257875128114,0.9798435368298587
3600.npy,35,6,0.154,0.2,zerofill,18.06595570195462,0.4851980271744885
3600.npy,35,6,0.154,0.2,cs,29.065894156225596,0.8486987353522542
3600.npy,35,6,0.154,0.2,ddnm,29.441091358482495,0.8946404465757264
3600.npy,35,6,0.154,0.3,zerofill,11.195766222141891,0.41139003222633813
3600.npy,35,6,0.154,0.3,cs,12.511643295800985,0.5854660912753599
3600.npy,35,6,0.154,0.3,ddnm,13.23655285402085,0.5704991724311457
3600.npy,35,6,0.154,0.5,zerofill,23.111178179718586,0.6990610492492909
3600.npy,35,6,0.154,0.5,cs,36.1289417606346,0.9758067106534255
3600.npy,35,6,0.154,0.5,ddnm,38.43945138994347,0.982786303172346
3600.npy,40,11,0.282,0.2,zerofill,17.088628816155115,0.5066663685470477
3600.npy,40,11,0.282,0.2,cs,25.00201258118193,0.8006973444348768
3600.npy,40,11,0.282,0.2,ddnm,31.05896981175958,0.9283712479703627
3600.npy,40,11,0.282,0.3,zerofill,11.166742341597832,0.40169920093572375
3600.npy,40,11,0.282,0.3,cs,12.4428644650782,0.5956325886127156
3600.npy,40,11,0.282,0.3,ddnm,28.79487544305652,0.7902412138247572
3600.npy,40,11,0.282,0.5,zerofill,22.203574155512705,0.6951634860740371
3600.npy,40,11,0.282,0.5,cs,35.96765414932336,0.9717074981366265
3600.npy,40,11,0.282,0.5,ddnm,36.30961788413857,0.9721656358232423
3600.npy,46,17,0.436,0.2,zerofill,12.701655583507671,0.45823012927189233
3600.npy,46,17,0.436,0.2,cs,13.226573194349445,0.6146091493548667
3600.npy,46,17,0.436,0.2,ddnm,29.544890381097492,0.8817592149721025
3600.npy,46,17,0.436,0.3,zerofill,21.787725529144314,0.6130359559191386
3600.npy,46,17,0.436,0.3,cs,30.59402355328951,0.9217805953081162
3600.npy,46,17,0.436,0.3,ddnm,30.986627037517277,0.9396268703650159
3600.npy,46,17,0.436,0.5,zerofill,24.9505954702322,0.7534928623449642
3600.npy,46,17,0.436,0.5,cs,34.85392887333659,0.9734140622202538
3600.npy,46,17,0.436,0.5,ddnm,35.523258962583405,0.9742475080172946
3600.npy,51,22,0.564,0.2,zerofill,12.65913390426997,0.401017491726493
3600.npy,51,22,0.564,0.2,cs,13.39245475405135,0.5768464945737858
3600.npy,51,22,0.564,0.2,ddnm,29.46438553118558,0.8513993875265474
3600.npy,51,22,0.564,0.3,zerofill,18.754267715648716,0.5779278158671163
3600.npy,51,22,0.564,0.3,cs,29.212137234380926,0.8925630050938845
3600.npy,51,22,0.564,0.3,ddnm,31.241119743016945,0.9331344118488473
3600.npy,51,22,0.564,0.5,zerofill,26.0485391019907,0.7490655378614297
3600.npy,51,22,0.564,0.5,cs,36.003097701228555,0.9770980467561816
3600.npy,51,22,0.564,0.5,ddnm,39.70653001869034,0.987326679819856
3600.npy,57,28,0.718,0.2,zerofill,18.536540772615822,0.44256230850696865
3600.npy,57,28,0.718,0.2,cs,25.260598877750017,0.7681111709108969
3600.npy,57,28,0.718,0.2,ddnm,28.823306412103847,0.8886848690388216
3600.npy,57,28,0.718,0.3,zerofill,20.815790444616297,0.5646458327977754
3600.npy,57,28,0.718,0.3,cs,29.478918999493512,0.909628630525667
3600.npy,57,28,0.718,0.3,ddnm,33.05046487454591,0.9504914750229668
3600.npy,57,28,0.718,0.5,zerofill,26.363191404676947,0.759610585022791
3600.npy,57,28,0.718,0.5,cs,34.97848357555105,0.9776107420190244
3600.npy,57,28,0.718,0.5,ddnm,38.58704289329725,0.9838890385336211
3600.npy,62,33,0.846,0.2,zerofill,12.351480944343166,0.4183502832409238
3600.npy,62,33,0.846,0.2,cs,13.763020613336305,0.6566824481630299
3600.npy,62,33,0.846,0.2,ddnm,13.906916649205161,0.6429749269598353
3600.npy,62,33,0.846,0.3,zerofill,21.022401269641232,0.5439690159156698
3600.npy,62,33,0.846,0.3,cs,29.3517267840885,0.8831869210525787
3600.npy,62,33,0.846,0.3,ddnm,33.99153395770786,0.9533167019390316
3600.npy,62,33,0.846,0.5,zerofill,26.52812058403571,0.7691237706190075
3600.npy,62,33,0.846,0.5,cs,35.84256009525382,0.9809814830743891
3600.npy,62,33,0.846,0.5,ddnm,38.73626437506091,0.9867745655073462
3600.npy,68,39,1.0,0.2,zerofill,12.02357469183081,0.37467430674652735
3600.npy,68,39,1.0,0.2,cs,13.319468290813017,0.5792380016573804
3600.npy,68,39,1.0,0.2,ddnm,25.545353133556183,0.8142080934814863
3600.npy,68,39,1.0,0.3,zerofill,12.685176419733004,0.4402899749349891
3600.npy,68,39,1.0,0.3,cs,13.070694416929406,0.63851364224924
3600.npy,68,39,1.0,0.3,ddnm,24.484576481506757,0.7816530624135489
3600.npy,68,39,1.0,0.5,zerofill,26.479424125503172,0.766524652582542
3600.npy,68,39,1.0,0.5,cs,33.742036253046905,0.9790734796815103
3600.npy,68,39,1.0,0.5,ddnm,33.33649734935589,0.9725052077033866
3636.npy,29,0,0.0,0.2,zerofill,19.341536388966695,0.49132950294026484
3636.npy,29,0,0.0,0.2,cs,26.935987501658598,0.8324012784744109
3636.npy,29,0,0.0,0.2,ddnm,28.699695807943122,0.8820545593183012
3636.npy,29,0,0.0,0.3,zerofill,20.89330851771518,0.5636251876541329
3636.npy,29,0,0.0,0.3,cs,30.014335952747683,0.9299510831983939
3636.npy,29,0,0.0,0.3,ddnm,31.039332365586993,0.9363051569231958
3636.npy,29,0,0.0,0.5,zerofill,26.5716170012584,0.723207399295255
3636.npy,29,0,0.0,0.5,cs,35.076019680332486,0.9761619323189301
3636.npy,29,0,0.0,0.5,ddnm,33.573318995936674,0.9644972268603111
3636.npy,35,6,0.154,0.2,zerofill,11.831726221499553,0.39239093415582327
3636.npy,35,6,0.154,0.2,cs,13.125129215033775,0.5904455933244557
3636.npy,35,6,0.154,0.2,ddnm,14.007600573753294,0.6167779939295743
3636.npy,35,6,0.154,0.3,zerofill,20.919385810149357,0.5768722061352397
3636.npy,35,6,0.154,0.3,cs,30.603794103806692,0.9113786900348438
3636.npy,35,6,0.154,0.3,ddnm,30.997937724412388,0.9232364526297322
3636.npy,35,6,0.154,0.5,zerofill,26.578092801890847,0.7755988760289834
3636.npy,35,6,0.154,0.5,cs,34.578865258234366,0.9717034672784152
3636.npy,35,6,0.154,0.5,ddnm,34.25178758728236,0.9685721908068022
3636.npy,40,11,0.282,0.2,zerofill,12.69413578999951,0.40888820686283356
3636.npy,40,11,0.282,0.2,cs,13.611264794142063,0.588265345436344
3636.npy,40,11,0.282,0.2,ddnm,24.660607291298614,0.7852817976717642
3636.npy,40,11,0.282,0.3,zerofill,13.036374910686954,0.47132834018828995
3636.npy,40,11,0.282,0.3,cs,13.683995070765855,0.6610276805152909
3636.npy,40,11,0.282,0.3,ddnm,30.223638927644913,0.8442847460305113
3636.npy,40,11,0.282,0.5,zerofill,27.24681915114784,0.7889705937190191
3636.npy,40,11,0.282,0.5,cs,35.80020723970735,0.9783752588647824
3636.npy,40,11,0.282,0.5,ddnm,36.775643213703084,0.9794960697550698
3636.npy,46,17,0.436,0.2,zerofill,17.321784651356698,0.5181750561918849
3636.npy,46,17,0.436,0.2,cs,26.279010132675474,0.8324812457717062
3636.npy,46,17,0.436,0.2,ddnm,30.014864697155346,0.8964156175842691
3636.npy,46,17,0.436,0.3,zerofill,13.616987404887391,0.47805194267010226
3636.npy,46,17,0.436,0.3,cs,13.802307980138455,0.6788068081870637
3636.npy,46,17,0.436,0.3,ddnm,28.82615695426879,0.8666871354773288
3636.npy,46,17,0.436,0.5,zerofill,27.35578853342536,0.7696721247885175
3636.npy,46,17,0.436,0.5,cs,36.1934728055867,0.9753406434826747
3636.npy,46,17,0.436,0.5,ddnm,37.500404623637486,0.97963528334694
3636.npy,51,22,0.564,0.2,zerofill,19.349553103513607,0.5491769735681019
3636.npy,51,22,0.564,0.2,cs,28.002108010589687,0.8533408701829301
3636.npy,51,22,0.564,0.2,ddnm,31.055500868971613,0.9138961590584233
3636.npy,51,22,0.564,0.3,zerofill,20.69173816701951,0.5936735290324768
3636.npy,51,22,0.564,0.3,cs,30.211833031949592,0.9108582065495527
3636.npy,51,22,0.564,0.3,ddnm,32.398387258721996,0.9436491868250698
3636.npy,51,22,0.564,0.5,zerofill,27.93582507164202,0.8146675339425912
3636.npy,51,22,0.564,0.5,cs,35.97797697281565,0.9782484081388321
3636.npy,51,22,0.564,0.5,ddnm,37.90310718009624,0.9820038229947896
3636.npy,57,28,0.718,0.2,zerofill,18.752452310430638,0.48041321115166535
3636.npy,57,28,0.718,0.2,cs,25.991703811766612,0.8154119876706064
3636.npy,57,28,0.718,0.2,ddnm,30.46055485337329,0.9170052661420064
3636.npy,57,28,0.718,0.3,zerofill,21.49651426346292,0.616359868720182
3636.npy,57,28,0.718,0.3,cs,29.492836572102124,0.92855283246045
3636.npy,57,28,0.718,0.3,ddnm,32.92247085459545,0.9580985892026439
3636.npy,57,28,0.718,0.5,zerofill,23.88063400532007,0.7322423261057517
3636.npy,57,28,0.718,0.5,cs,33.78755551858164,0.9702401475816188
3636.npy,57,28,0.718,0.5,ddnm,36.45904536596007,0.9750474945163252
3636.npy,62,33,0.846,0.2,zerofill,18.446059354890362,0.5166193655087669
3636.npy,62,33,0.846,0.2,cs,26.661751346596617,0.8543013846584303
3636.npy,62,33,0.846,0.2,ddnm,31.64036313860396,0.9293598365283916
3636.npy,62,33,0.846,0.3,zerofill,20.318177516534867,0.5835756663370462
3636.npy,62,33,0.846,0.3,cs,29.574804570840534,0.9171787282175169
3636.npy,62,33,0.846,0.3,ddnm,34.36661473384633,0.9596076666411775
3636.npy,62,33,0.846,0.5,zerofill,26.23897977279766,0.7572391599330884
3636.npy,62,33,0.846,0.5,cs,33.06629908898382,0.9724423057952577
3636.npy,62,33,0.846,0.5,ddnm,35.40685155170649,0.9738652631500273
3636.npy,68,39,1.0,0.2,zerofill,13.021059470264527,0.37326542356999814
3636.npy,68,39,1.0,0.2,cs,13.582734463347894,0.5586794428142479
3636.npy,68,39,1.0,0.2,ddnm,29.99204375533212,0.858729539042125
3636.npy,68,39,1.0,0.3,zerofill,19.757179418766533,0.5247322814263053
3636.npy,68,39,1.0,0.3,cs,27.46592353333206,0.8399399357215391
3636.npy,68,39,1.0,0.3,ddnm,33.563345008725555,0.9442886068467907
3636.npy,68,39,1.0,0.5,zerofill,26.009493163792797,0.754279821152119
3636.npy,68,39,1.0,0.5,cs,35.57926712990878,0.9813529960941288
3636.npy,68,39,1.0,0.5,ddnm,37.242390275855925,0.9834011999534298
3662.npy,29,0,0.0,0.2,zerofill,17.570492087825187,0.3819973647558554
3662.npy,29,0,0.0,0.2,cs,29.374476744793792,0.8877082589019597
3662.npy,29,0,0.0,0.2,ddnm,29.274385785115108,0.938639309120111
3662.npy,29,0,0.0,0.3,zerofill,10.678860167301515,0.331202183362814
3662.npy,29,0,0.0,0.3,cs,11.135351703404217,0.4593163363897983
3662.npy,29,0,0.0,0.3,ddnm,30.770002153384763,0.7984740331156284
3662.npy,29,0,0.0,0.5,zerofill,28.20354081232486,0.7747285757149381
3662.npy,29,0,0.0,0.5,cs,34.313617480866384,0.9868586417713078
3662.npy,29,0,0.0,0.5,ddnm,31.98195158263426,0.9783633372650548
3662.npy,35,6,0.154,0.2,zerofill,10.16523842585059,0.2868202083950135
3662.npy,35,6,0.154,0.2,cs,11.433155773921456,0.4506247488167335
3662.npy,35,6,0.154,0.2,ddnm,8.464498889606984,0.35530326766522763
3662.npy,35,6,0.154,0.3,zerofill,20.368092585541145,0.5275699080648303
3662.npy,35,6,0.154,0.3,cs,30.940221404600425,0.9431097292268958
3662.npy,35,6,0.154,0.3,ddnm,29.942411267008477,0.9620423824279836
3662.npy,35,6,0.154,0.5,zerofill,26.79426342725253,0.70677955855884
3662.npy,35,6,0.154,0.5,cs,36.81486822865916,0.9869185445834732
3662.npy,35,6,0.154,0.5,ddnm,39.2907858078016,0.9905137130487545
3662.npy,40,11,0.282,0.2,zerofill,11.276017413017412,0.3014266278950252
3662.npy,40,11,0.282,0.2,cs,11.897759445535506,0.4579296209078256
3662.npy,40,11,0.282,0.2,ddnm,22.548851863667807,0.5934239211438898
3662.npy,40,11,0.282,0.3,zerofill,18.777822797407236,0.43309685184045255
3662.npy,40,11,0.282,0.3,cs,28.469828482134808,0.8793691820138402
3662.npy,40,11,0.282,0.3,ddnm,31.878012464531377,0.9680300145396236
3662.npy,40,11,0.282,0.5,zerofill,26.687566610873287,0.7368198154730439
3662.npy,40,11,0.282,0.5,cs,34.332982943703094,0.987041271596274
3662.npy,40,11,0.282,0.5,ddnm,35.17724526307199,0.9887202351492472
3662.npy,46,17,0.436,0.2,zerofill,11.14732710442086,0.30719308479786006
3662.npy,46,17,0.436,0.2,cs,11.682535765695759,0.46795714961772866
3662.npy,46,17,0.436,0.2,ddnm,29.031382787997476,0.7757361894060458
3662.npy,46,17,0.436,0.3,zerofill,19.76897049499051,0.5260855826292788
3662.npy,46,17,0.436,0.3,cs,30.734872474723012,0.9220312135832199
3662.npy,46,17,0.436,0.3,ddnm,30.09178093282833,0.9602541418080848
3662.npy,46,17,0.436,0.5,zerofill,22.122510711414908,0.6274996181440073
3662.npy,46,17,0.436,0.5,cs,35.48458442809953,0.970941606603685
3662.npy,46,17,0.436,0.5,ddnm,36.33023435182555,0.9870249606875187
3662.npy,51,22,0.564,0.2,zerofill,11.152303293241964,0.33762917720477825
3662.npy,51,22,0.564,0.2,cs,12.609860135011264,0.5588539343416339
3662.npy,51,22,0.564,0.2,ddnm,16.312436620538122,0.6405805946222375
3662.npy,51,22,0.564,0.3,zerofill,20.212052808427995,0.48939635041083474
3662.npy,51,22,0.564,0.3,cs,29.086171271103865,0.915468130744388
3662.npy,51,22,0.564,0.3,ddnm,31.225194543436146,0.964629846145728
3662.npy,51,22,0.564,0.5,zerofill,26.764326277604788,0.7195801335434862
3662.npy,51,22,0.564,0.5,cs,34.77237477127098,0.9855729638408891
3662.npy,51,22,0.564,0.5,ddnm,34.65519622389829,0.9849229540412575
3662.npy,57,28,0.718,0.2,zerofill,14.79629387655315,0.3683991606269647
3662.npy,57,28,0.718,0.2,cs,22.44947551959367,0.7561147091940679
3662.npy,57,28,0.718,0.2,ddnm,29.442180253595936,0.9106101786512035
3662.npy,57,28,0.718,0.3,zerofill,11.591982295008442,0.387853481763965
3662.npy,57,28,0.718,0.3,cs,12.775226730359044,0.5589972818907544
3662.npy,57,28,0.718,0.3,ddnm,27.446053593053215,0.7219912853827553
3662.npy,57,28,0.718,0.5,zerofill,22.281012566418532,0.644119914897605
3662.npy,57,28,0.718,0.5,cs,34.03183845416613,0.9731493452541355
3662.npy,57,28,0.718,0.5,ddnm,34.310251707488135,0.9851760852644438
3662.npy,62,33,0.846,0.2,zerofill,13.81314062593676,0.3327442390779623
3662.npy,62,33,0.846,0.2,cs,20.59022116239951,0.6360062747584
3662.npy,62,33,0.846,0.2,ddnm,29.995308808810503,0.8457941998600222
3662.npy,62,33,0.846,0.3,zerofill,16.712333835197846,0.4358056069391302
3662.npy,62,33,0.846,0.3,cs,29.30564229412535,0.8924770476954802
3662.npy,62,33,0.846,0.3,ddnm,32.71180832918661,0.9630204595883698
3662.npy,62,33,0.846,0.5,zerofill,26.20449060637169,0.7004152136141881
3662.npy,62,33,0.846,0.5,cs,32.952436533232074,0.9799277068417869
3662.npy,62,33,0.846,0.5,ddnm,33.36303945424721,0.9803019681426345
3662.npy,68,39,1.0,0.2,zerofill,10.709229473805383,0.29978656710214147
3662.npy,68,39,1.0,0.2,cs,12.13062828273622,0.5017540028215653
3662.npy,68,39,1.0,0.2,ddnm,26.098089848277507,0.6985492057075513
3662.npy,68,39,1.0,0.3,zerofill,19.498262691556846,0.46618583726220686
3662.npy,68,39,1.0,0.3,cs,28.952600106310747,0.9179197361102607
3662.npy,68,39,1.0,0.3,ddnm,30.524578236371465,0.9763416604220755
3662.npy,68,39,1.0,0.5,zerofill,25.60443172503198,0.7027381851313103
3662.npy,68,39,1.0,0.5,cs,33.65591600617995,0.9838568289949189
3662.npy,68,39,1.0,0.5,ddnm,36.8794820198371,0.9925646471323681
3668.npy,29,0,0.0,0.2,zerofill,10.063882690508699,0.2735398776829358
3668.npy,29,0,0.0,0.2,cs,11.016246060732255,0.42654733549964613
3668.npy,29,0,0.0,0.2,ddnm,27.551715560078975,0.6758605983593122
3668.npy,29,0,0.0,0.3,zerofill,18.911198012611365,0.46247248994821294
3668.npy,29,0,0.0,0.3,cs,30.248805856422024,0.9087364610466777
3668.npy,29,0,0.0,0.3,ddnm,30.81219718903131,0.9222703047008628
3668.npy,29,0,0.0,0.5,zerofill,11.23129575267593,0.40336377361426917
3668.npy,29,0,0.0,0.5,cs,11.110848297454075,0.4726417644564285
3668.npy,29,0,0.0,0.5,ddnm,33.23596947569919,0.8440655340165004
3668.npy,35,6,0.154,0.2,zerofill,15.54137335427937,0.3523944537942878
3668.npy,35,6,0.154,0.2,cs,24.002496301916146,0.7521628370563365
3668.npy,35,6,0.154,0.2,ddnm,29.33298578131792,0.9317096787109647
3668.npy,35,6,0.154,0.3,zerofill,16.66864705633353,0.5072581181766052
3668.npy,35,6,0.154,0.3,cs,28.946755378185003,0.9279977996097525
3668.npy,35,6,0.154,0.3,ddnm,32.12757955761053,0.9682250331884045
3668.npy,35,6,0.154,0.5,zerofill,22.800725063225514,0.6275675582291477
3668.npy,35,6,0.154,0.5,cs,34.53089435307797,0.9739122533091004
3668.npy,35,6,0.154,0.5,ddnm,35.275723802306295,0.9837953856846108
3668.npy,40,11,0.282,0.2,zerofill,15.15196772013667,0.38196026490733065
3668.npy,40,11,0.282,0.2,cs,24.829766932521604,0.7057873829892013
3668.npy,40,11,0.282,0.2,ddnm,28.324051417587075,0.9201204902393599
3668.npy,40,11,0.282,0.3,zerofill,19.630970318621326,0.5144741180437081
3668.npy,40,11,0.282,0.3,cs,30.725538497918357,0.9281671715331397
3668.npy,40,11,0.282,0.3,ddnm,31.998898854529795,0.9634046447582221
3668.npy,40,11,0.282,0.5,zerofill,24.820030954583014,0.7028359426514696
3668.npy,40,11,0.282,0.5,cs,35.80867131382594,0.9856847838844801
3668.npy,40,11,0.282,0.5,ddnm,36.19041985084192,0.987112966941525
3668.npy,46,17,0.436,0.2,zerofill,10.622200301093315,0.3062152900698389
3668.npy,46,17,0.436,0.2,cs,12.050721314464795,0.51935288278027
3668.npy,46,17,0.436,0.2,ddnm,22.12865844622106,0.7161602648629591
3668.npy,46,17,0.436,0.3,zerofill,19.36453843893714,0.47821068151415225
3668.npy,46,17,0.436,0.3,cs,30.153621293588152,0.9281216973658613
3668.npy,46,17,0.436,0.3,ddnm,29.914403087577245,0.9552338280822923
3668.npy,46,17,0.436,0.5,zerofill,21.937586633545916,0.6243238455894586
3668.npy,46,17,0.436,0.5,cs,34.37352255953742,0.9793844000746472
3668.npy,46,17,0.436,0.5,ddnm,34.44807456314195,0.9846064093347776
3668.npy,51,22,0.564,0.2,zerofill,16.854439872619903,0.38722853590308987
3668.npy,51,22,0.564,0.2,cs,25.561300275759315,0.810401238366104
3668.npy,51,22,0.564,0.2,ddnm,28.12079612874241,0.918024861379693
3668.npy,51,22,0.564,0.3,zerofill,11.438287837731345,0.4126401099183152
3668.npy,51,22,0.564,0.3,cs,12.058804654994269,0.5623426314333215
3668.npy,51,22,0.564,0.3,ddnm,29.687191164160613,0.7815676571754251
3668.npy,51,22,0.564,0.5,zerofill,25.36240902035056,0.7063335016867205
3668.npy,51,22,0.564,0.5,cs,35.51172743352697,0.9856805391920026
3668.npy,51,22,0.564,0.5,ddnm,36.77062731287523,0.9859269843230289
3668.npy,57,28,0.718,0.2,zerofill,11.3149885285768,0.3255248863905472
3668.npy,57,28,0.718,0.2,cs,12.023138504017723,0.503118678741082
3668.npy,57,28,0.718,0.2,ddnm,29.13507703612425,0.7901629517493117
3668.npy,57,28,0.718,0.3,zerofill,18.714140074501568,0.4647671893837341
3668.npy,57,28,0.718,0.3,cs,30.705600242688504,0.9220206084496245
3668.npy,57,28,0.718,0.3,ddnm,31.45251782880887,0.9674156566051122
3668.npy,57,28,0.718,0.5,zerofill,28.39007995196598,0.8195369475168491
3668.npy,57,28,0.718,0.5,cs,34.27524740398874,0.9863652911991305
3668.npy,57,28,0.718,0.5,ddnm,32.85268343050228,0.9791784916344396
3668.npy,62,33,0.846,0.2,zerofill,11.275918850329262,0.3334938054423705
3668.npy,62,33,0.846,0.2,cs,11.841223301488228,0.5150524531717524
3668.npy,62,33,0.846,0.2,ddnm,29.49774180034469,0.7753106300053065
3668.npy,62,33,0.846,0.3,zerofill,19.423904783977147,0.48663673103482263
3668.npy,62,33,0.846,0.3,cs,30.437343231156433,0.9311082589839758
3668.npy,62,33,0.846,0.3,ddnm,31.957523573894676,0.9659431528333084
3668.npy,62,33,0.846,0.5,zerofill,11.799960277552891,0.4566677052763511
3668.npy,62,33,0.846,0.5,cs,11.964442650419771,0.5597903328034859
3668.npy,62,33,0.846,0.5,ddnm,25.7528433487599,0.7364379656477337
3668.npy,68,39,1.0,0.2,zerofill,18.325127253062984,0.484002093690522
3668.npy,68,39,1.0,0.2,cs,26.149866650549782,0.824709858646238
3668.npy,68,39,1.0,0.2,ddnm,29.687887948647923,0.9567314828376846
3668.npy,68,39,1.0,0.3,zerofill,10.984101035229193,0.353636734595808
3668.npy,68,39,1.0,0.3,cs,11.326078606823602,0.49846251938481717
3668.npy,68,39,1.0,0.3,ddnm,29.547012678077927,0.7286071969364895
3668.npy,68,39,1.0,0.5,zerofill,11.295375855667885,0.4347013018374307
3668.npy,68,39,1.0,0.5,cs,11.348120993199732,0.5124429626670989
3668.npy,68,39,1.0,0.5,ddnm,29.61821912336955,0.7300515360729777
3816.npy,29,0,0.0,0.2,zerofill,10.888098457304658,0.3037694801165548
3816.npy,29,0,0.0,0.2,cs,11.471106038394797,0.4542822636597476
3816.npy,29,0,0.0,0.2,ddnm,16.476833721564937,0.48154703649056124
3816.npy,29,0,0.0,0.3,zerofill,18.443963950061782,0.4872456872453968
3816.npy,29,0,0.0,0.3,cs,29.45667001730019,0.9088536728427787
3816.npy,29,0,0.0,0.3,ddnm,29.27108727603253,0.9351451648111402
3816.npy,29,0,0.0,0.5,zerofill,26.06027821190192,0.7660677597905535
3816.npy,29,0,0.0,0.5,cs,32.490617808264425,0.9686027207351506
3816.npy,29,0,0.0,0.5,ddnm,31.304169288358693,0.9571715402618367
3816.npy,35,6,0.154,0.2,zerofill,11.290752814028925,0.36001248693985466
3816.npy,35,6,0.154,0.2,cs,11.938265933635801,0.487033999772225
3816.npy,35,6,0.154,0.2,ddnm,25.69475292178582,0.7671526516118187
3816.npy,35,6,0.154,0.3,zerofill,22.310710424751925,0.5806843366507733
3816.npy,35,6,0.154,0.3,cs,28.826626188339613,0.9062734699435883
3816.npy,35,6,0.154,0.3,ddnm,28.098026011485544,0.9103166345918381
3816.npy,35,6,0.154,0.5,zerofill,26.609919575104524,0.7462413893112534
3816.npy,35,6,0.154,0.5,cs,31.606939136334017,0.9571083004765856
3816.npy,35,6,0.154,0.5,ddnm,31.125512105030136,0.9485739041775569
3816.npy,40,11,0.282,0.2,zerofill,12.147796950884604,0.35455280921462146
3816.npy,40,11,0.282,0.2,cs,12.576723649796337,0.5047966376769015
3816.npy,40,11,0.282,0.2,ddnm,25.115338740119718,0.7030895607468632
3816.npy,40,11,0.282,0.3,zerofill,12.637102829879154,0.44270764751624
3816.npy,40,11,0.282,0.3,cs,12.708647215162955,0.585533795736542
3816.npy,40,11,0.282,0.3,ddnm,22.94592913579782,0.6749154596446028
3816.npy,40,11,0.282,0.5,zerofill,26.955234320434908,0.8005665520113988
3816.npy,40,11,0.282,0.5,cs,31.0274704253225,0.9573355218922698
3816.npy,40,11,0.282,0.5,ddnm,30.42250093727716,0.9458437652993638
3816.npy,46,17,0.436,0.2,zerofill,11.748615625316855,0.35426408702496176
3816.npy,46,17,0.436,0.2,cs,12.663542575370139,0.5006042885956807
3816.npy,46,17,0.436,0.2,ddnm,13.910219254267224,0.6204245230561136
3816.npy,46,17,0.436,0.3,zerofill,16.945001244261267,0.5301676066957131
3816.npy,46,17,0.436,0.3,cs,25.049008876163377,0.8566428558774306
3816.npy,46,17,0.436,0.3,ddnm,28.771692426511628,0.8947068958717692
3816.npy,46,17,0.436,0.5,zerofill,25.921053998383222,0.7671762200799057
3816.npy,46,17,0.436,0.5,cs,33.03710478919733,0.9707462607741003
3816.npy,46,17,0.436,0.5,ddnm,33.773781657623985,0.9729084236764101
3816.npy,51,22,0.564,0.2,zerofill,12.795147565574695,0.39579685753524263
3816.npy,51,22,0.564,0.2,cs,13.58558476377755,0.5930866521008675
3816.npy,51,22,0.564,0.2,ddnm,12.497317322141463,0.6010051755040329
3816.npy,51,22,0.564,0.3,zerofill,22.42606501115709,0.6507949316896203
3816.npy,51,22,0.564,0.3,cs,28.943196893212225,0.9234653662763049
3816.npy,51,22,0.564,0.3,ddnm,28.590590575765024,0.9238079664139971
3816.npy,51,22,0.564,0.5,zerofill,24.489927152568537,0.7369082252557188
3816.npy,51,22,0.564,0.5,cs,32.27915761602183,0.9659279134245657
3816.npy,51,22,0.564,0.5,ddnm,31.64985835991252,0.9588582661324244
3816.npy,57,28,0.718,0.2,zerofill,20.251359898899427,0.5533674953816744
3816.npy,57,28,0.718,0.2,cs,24.938794239226404,0.7923615127405188
3816.npy,57,28,0.718,0.2,ddnm,28.221478949684894,0.9122050459391806
3816.npy,57,28,0.718,0.3,zerofill,20.690157929475,0.5743529697086946
3816.npy,57,28,0.718,0.3,cs,27.920537663084875,0.8703283022936995
3816.npy,57,28,0.718,0.3,ddnm,31.241670999001357,0.9359705625635037
3816.npy,57,28,0.718,0.5,zerofill,25.564724515321053,0.7549491655089332
3816.npy,57,28,0.718,0.5,cs,33.13695107872736,0.9750989516258431
3816.npy,57,28,0.718,0.5,ddnm,32.51452135336476,0.9724012548101426
3816.npy,62,33,0.846,0.2,zerofill,18.61693136572007,0.5106737854025658
3816.npy,62,33,0.846,0.2,cs,25.672432135353624,0.8466453152605841
3816.npy,62,33,0.846,0.2,ddnm,27.78945495544209,0.9112668949885414
3816.npy,62,33,0.846,0.3,zerofill,18.38940601732199,0.5613630148945568
3816.npy,62,33,0.846,0.3,cs,28.62923400512046,0.9016520107238564
3816.npy,62,33,0.846,0.3,ddnm,30.1171920629655,0.9318295996120558
3816.npy,62,33,0.846,0.5,zerofill,26.686316592813455,0.7831204133919192
3816.npy,62,33,0.846,0.5,cs,31.80317614901778,0.9682985257154125
3816.npy,62,33,0.846,0.5,ddnm,31.96424246769641,0.960742214539941
3816.npy,68,39,1.0,0.2,zerofill,11.980013418328477,0.3362849330574914
3816.npy,68,39,1.0,0.2,cs,12.229127716412062,0.4825322806958449
3816.npy,68,39,1.0,0.2,ddnm,26.057426115335396,0.7555834901212142
3816.npy,68,39,1.0,0.3,zerofill,20.682247395206513,0.5699287430998372
3816.npy,68,39,1.0,0.3,cs,28.19899437539747,0.8903287506113677
3816.npy,68,39,1.0,0.3,ddnm,30.04418647607929,0.9384538031287554
3816.npy,68,39,1.0,0.5,zerofill,23.314082061831908,0.6948376804944634
3816.npy,68,39,1.0,0.5,cs,32.38843370464878,0.9620599838409716
3816.npy,68,39,1.0,0.5,ddnm,33.02523124587746,0.9671415734622658
3851.npy,29,0,0.0,0.2,zerofill,10.21703596703167,0.3267763308860078
3851.npy,29,0,0.0,0.2,cs,11.627297992697315,0.5166255876010621
3851.npy,29,0,0.0,0.2,ddnm,24.089690403999672,0.7058574598904792
3851.npy,29,0,0.0,0.3,zerofill,20.501340622817686,0.5703527497094755
3851.npy,29,0,0.0,0.3,cs,31.696376179768464,0.9423247646261081
3851.npy,29,0,0.0,0.3,ddnm,30.69898079083479,0.9559944992891501
3851.npy,29,0,0.0,0.5,zerofill,26.662268009331815,0.7123125602210376
3851.npy,29,0,0.0,0.5,cs,36.52053457560645,0.9833708499683164
3851.npy,29,0,0.0,0.5,ddnm,36.490838341801,0.9828771349804531
3851.npy,35,6,0.154,0.2,zerofill,10.532073191842944,0.31198145633110536
3851.npy,35,6,0.154,0.2,cs,11.625786694660574,0.4938070353255029
3851.npy,35,6,0.154,0.2,ddnm,13.814471397798432,0.5258153638034642
3851.npy,35,6,0.154,0.3,zerofill,18.999605457781982,0.5112158270996062
3851.npy,35,6,0.154,0.3,cs,31.310640641563484,0.897836995915027
3851.npy,35,6,0.154,0.3,ddnm,32.16846504693979,0.9452847937555987
3851.npy,35,6,0.154,0.5,zerofill,23.573006948690963,0.7239609262595031
3851.npy,35,6,0.154,0.5,cs,33.81590011511916,0.9626786876364729
3851.npy,35,6,0.154,0.5,ddnm,32.50091519942132,0.9504160667276292
3851.npy,40,11,0.282,0.2,zerofill,16.93175252156405,0.4395989625500504
3851.npy,40,11,0.282,0.2,cs,25.851544339564473,0.7808420959937926
3851.npy,40,11,0.282,0.2,ddnm,26.844692746708784,0.8807828350573802
3851.npy,40,11,0.282,0.3,zerofill,20.512981848242774,0.539330835936753
3851.npy,40,11,0.282,0.3,cs,29.558049509163475,0.9132263429565027
3851.npy,40,11,0.282,0.3,ddnm,29.287218765531605,0.9317014276174425
3851.npy,40,11,0.282,0.5,zerofill,21.23622424970779,0.6672013320859238
3851.npy,40,11,0.282,0.5,cs,33.43526843647312,0.9580371420178737
3851.npy,40,11,0.282,0.5,ddnm,33.517351933429694,0.9720367467778244
3851.npy,46,17,0.436,0.2,zerofill,12.60790280626701,0.3730722124571122
3851.npy,46,17,0.436,0.2,cs,14.021884319210331,0.6042435754384262
3851.npy,46,17,0.436,0.2,ddnm,13.01901949530582,0.6063787054242249
3851.npy,46,17,0.436,0.3,zerofill,20.208664183101735,0.5589716269929723
3851.npy,46,17,0.436,0.3,cs,27.460039893825456,0.8985825017213749
3851.npy,46,17,0.436,0.3,ddnm,29.66135801989563,0.9488896423231463
3851.npy,46,17,0.436,0.5,zerofill,24.208863046197475,0.6961871994496398
3851.npy,46,17,0.436,0.5,cs,33.950979905929884,0.9757105962234907
3851.npy,46,17,0.436,0.5,ddnm,34.98710747383672,0.9793084904058939
3851.npy,51,22,0.564,0.2,zerofill,18.28416073064912,0.47140547712181996
3851.npy,51,22,0.564,0.2,cs,25.751785540417295,0.8345263326253759
3851.npy,51,22,0.564,0.2,ddnm,27.469663663165903,0.8995636669907382
3851.npy,51,22,0.564,0.3,zerofill,19.598175894165166,0.5497483676451111
3851.npy,51,22,0.564,0.3,cs,28.690140464498878,0.8859539868490802
3851.npy,51,22,0.564,0.3,ddnm,30.522472884152588,0.9371531851643742
3851.npy,51,22,0.564,0.5,zerofill,21.585927293843994,0.6636989763721156
3851.npy,51,22,0.564,0.5,cs,33.10669547966334,0.9568594347518383
3851.npy,51,22,0.564,0.5,ddnm,33.93083144236308,0.9700174963232395
3851.npy,57,28,0.718,0.2,zerofill,19.714800745908654,0.5176986343460521
3851.npy,57,28,0.718,0.2,cs,23.64588199334203,0.8020980336643729
3851.npy,57,28,0.718,0.2,ddnm,28.20851459876021,0.9092602586522358
3851.npy,57,28,0.718,0.3,zerofill,12.483180969375866,0.47915455083557135
3851.npy,57,28,0.718,0.3,cs,13.795331326586457,0.6607535631499261
3851.npy,57,28,0.718,0.3,ddnm,24.925312342529953,0.8196291278578938
3851.npy,57,28,0.718,0.5,zerofill,22.631907523531428,0.6802523986300442
3851.npy,57,28,0.718,0.5,cs,32.92852983237906,0.974219805493178
3851.npy,57,28,0.718,0.5,ddnm,33.72743498332855,0.9791523380501878
3851.npy,62,33,0.846,0.2,zerofill,12.47562253185663,0.34876282017284976
3851.npy,62,33,0.846,0.2,cs,13.44932557177108,0.5634259520636585
3851.npy,62,33,0.846,0.2,ddnm,27.731819766768993,0.7798363565252301
3851.npy,62,33,0.846,0.3,zerofill,12.409420372626423,0.40945278832890036
3851.npy,62,33,0.846,0.3,cs,13.700609336844245,0.6264158508999387
3851.npy,62,33,0.846,0.3,ddnm,28.22981871493807,0.8063553314476062
3851.npy,62,33,0.846,0.5,zerofill,23.83094852849908,0.7045883297759667
3851.npy,62,33,0.846,0.5,cs,33.34421000909871,0.9743110942755678
3851.npy,62,33,0.846,0.5,ddnm,33.925424640084294,0.9742522702097605
3851.npy,68,39,1.0,0.2,zerofill,11.585796687439963,0.35232644980863587
3851.npy,68,39,1.0,0.2,cs,12.529019879871473,0.5151243065683532
3851.npy,68,39,1.0,0.2,ddnm,29.30520285316287,0.8198278321093911
3851.npy,68,39,1.0,0.3,zerofill,21.53959305167758,0.6350574943800968
3851.npy,68,39,1.0,0.3,cs,28.965055271719432,0.9455594603684089
3851.npy,68,39,1.0,0.3,ddnm,29.883209636414282,0.9564054707799571
3851.npy,68,39,1.0,0.5,zerofill,25.602965393597312,0.7355330190544352
3851.npy,68,39,1.0,0.5,cs,33.06473600948777,0.9760097027649901
3851.npy,68,39,1.0,0.5,ddnm,34.663017837338224,0.9816092247925788
3952.npy,29,0,0.0,0.2,zerofill,16.81351801899909,0.47643792028199256
3952.npy,29,0,0.0,0.2,cs,22.660991806971914,0.8019561740827317
3952.npy,29,0,0.0,0.2,ddnm,27.116546543809434,0.8730212490631728
3952.npy,29,0,0.0,0.3,zerofill,20.550538956018162,0.5531473732562391
3952.npy,29,0,0.0,0.3,cs,30.68740317460344,0.9009691603497788
3952.npy,29,0,0.0,0.3,ddnm,30.216911710723444,0.9170790730072779
3952.npy,29,0,0.0,0.5,zerofill,26.265551635993,0.7539897132332505
3952.npy,29,0,0.0,0.5,cs,35.767136154314954,0.97396636270317
3952.npy,29,0,0.0,0.5,ddnm,33.486693841544145,0.9629669162542133
3952.npy,35,6,0.154,0.2,zerofill,12.093250606212887,0.4152202982366836
3952.npy,35,6,0.154,0.2,cs,13.071544621328655,0.6209246146147196
3952.npy,35,6,0.154,0.2,ddnm,25.999063391241464,0.8038999899589596
3952.npy,35,6,0.154,0.3,zerofill,12.263661309842021,0.4360899473787693
3952.npy,35,6,0.154,0.3,cs,13.112885287817086,0.6443712549038524
3952.npy,35,6,0.154,0.3,ddnm,17.691745642488158,0.7691841891370323
3952.npy,35,6,0.154,0.5,zerofill,24.304753789138964,0.7466399332487358
3952.npy,35,6,0.154,0.5,cs,34.24382963130189,0.9716124568766273
3952.npy,35,6,0.154,0.5,ddnm,32.65391343759072,0.9659854432718628
3952.npy,40,11,0.282,0.2,zerofill,13.060420810304905,0.4241043572725592
3952.npy,40,11,0.282,0.2,cs,13.215278484300386,0.5908823810870031
3952.npy,40,11,0.282,0.2,ddnm,27.69220037709774,0.8373147996482398
3952.npy,40,11,0.282,0.3,zerofill,12.769034236737847,0.48199170993586166
3952.npy,40,11,0.282,0.3,cs,13.319136483262245,0.6830497134871952
3952.npy,40,11,0.282,0.3,ddnm,17.78433459629283,0.7093516583540055
3952.npy,40,11,0.282,0.5,zerofill,25.370617167237356,0.7724126713214383
3952.npy,40,11,0.282,0.5,cs,34.063924193407416,0.9766630573707286
3952.npy,40,11,0.282,0.5,ddnm,32.215329628263525,0.9643923599844625
3952.npy,46,17,0.436,0.2,zerofill,13.1384758170357,0.40882386887024563
3952.npy,46,17,0.436,0.2,cs,13.469288689747977,0.5735732811348583
3952.npy,46,17,0.436,0.2,ddnm,26.996844718234637,0.815287013200543
3952.npy,46,17,0.436,0.3,zerofill,18.37277746333523,0.5331399747355258
3952.npy,46,17,0.436,0.3,cs,26.007300064770064,0.831124803905336
3952.npy,46,17,0.436,0.3,ddnm,29.269390214312317,0.8922064723935027
3952.npy,46,17,0.436,0.5,zerofill,25.621643354674358,0.7972738786545279
3952.npy,46,17,0.436,0.5,cs,35.5832983600037,0.982220266770208
3952.npy,46,17,0.436,0.5,ddnm,35.82836609649005,0.9790614923020262
3952.npy,51,22,0.564,0.2,zerofill,17.294784434027978,0.46203055336688253
3952.npy,51,22,0.564,0.2,cs,20.96343220515282,0.7219615133296027
3952.npy,51,22,0.564,0.2,ddnm,28.741725073741136,0.8832787674894514
3952.npy,51,22,0.564,0.3,zerofill,13.65199266147611,0.5090541651987958
3952.npy,51,22,0.564,0.3,cs,13.544694329663422,0.6926090600304001
3952.npy,51,22,0.564,0.3,ddnm,25.613232534819012,0.8504752713077629
3952.npy,51,22,0.564,0.5,zerofill,24.80360000782408,0.7947786266677288
3952.npy,51,22,0.564,0.5,cs,34.37645017111695,0.978807830912264
3952.npy,51,22,0.564,0.5,ddnm,35.19939265457678,0.9764693029038658
3952.npy,57,28,0.718,0.2,zerofill,12.803410992157986,0.35386545593599944
3952.npy,57,28,0.718,0.2,cs,13.843690748218576,0.5790772481074062
3952.npy,57,28,0.718,0.2,ddnm,11.315476061362075,0.5376279670542582
3952.npy,57,28,0.718,0.3,zerofill,20.3003689725459,0.6069978712886018
3952.npy,57,28,0.718,0.3,cs,28.001011638553088,0.8984057141827844
3952.npy,57,28,0.718,0.3,ddnm,30.39603021164244,0.9352936762430373
3952.npy,57,28,0.718,0.5,zerofill,24.580956192379595,0.7938681358574882
3952.npy,57,28,0.718,0.5,cs,34.34111309723177,0.9799456799848847
3952.npy,57,28,0.718,0.5,ddnm,34.33753230783063,0.9752845051339223
3952.npy,62,33,0.846,0.2,zerofill,13.767169130119692,0.45493538371231074
3952.npy,62,33,0.846,0.2,cs,13.825599893241279,0.6440507341429063
3952.npy,62,33,0.846,0.2,ddnm,27.118867138203264,0.8472028220604502
3952.npy,62,33,0.846,0.3,zerofill,14.054977928799143,0.5448528966768909
3952.npy,62,33,0.846,0.3,cs,13.992781596261509,0.7301845933626113
3952.npy,62,33,0.846,0.3,ddnm,29.470231868667724,0.9153962986054711
3952.npy,62,33,0.846,0.5,zerofill,25.776319658300967,0.7770492034068607
3952.npy,62,33,0.846,0.5,cs,35.0759967375016,0.9814892820263063
3952.npy,62,33,0.846,0.5,ddnm,36.6635740086011,0.9788233360970927
3952.npy,68,39,1.0,0.2,zerofill,19.519473042546235,0.5165349166075199
3952.npy,68,39,1.0,0.2,cs,24.139585579730376,0.7854548596154555
3952.npy,68,39,1.0,0.2,ddnm,27.51464476421297,0.896552285322911
3952.npy,68,39,1.0,0.3,zerofill,12.992474686724567,0.48689541438627965
3952.npy,68,39,1.0,0.3,cs,12.665974006083413,0.6156026378713736
3952.npy,68,39,1.0,0.3,ddnm,26.84302220304405,0.8471898113440465
3952.npy,68,39,1.0,0.5,zerofill,27.030531116767854,0.8221149778126713
3952.npy,68,39,1.0,0.5,cs,31.940070440475278,0.9734572738377005
3952.npy,68,39,1.0,0.5,ddnm,31.673484010594173,0.9662847317368777
4018.npy,29,0,0.0,0.2,zerofill,18.875417971145602,0.46057463608029076
4018.npy,29,0,0.0,0.2,cs,27.019192121937596,0.7919323661997093
4018.npy,29,0,0.0,0.2,ddnm,27.469806987645615,0.8685108788480864
4018.npy,29,0,0.0,0.3,zerofill,19.33176759315217,0.541393507105321
4018.npy,29,0,0.0,0.3,cs,30.385428380797514,0.9035280130546288
4018.npy,29,0,0.0,0.3,ddnm,30.17522812353784,0.9279614550799123
4018.npy,29,0,0.0,0.5,zerofill,23.201024087262038,0.602737851600434
4018.npy,29,0,0.0,0.5,cs,33.79522549766567,0.9589785362436899
4018.npy,29,0,0.0,0.5,ddnm,32.98354602889317,0.9624612116643063
4018.npy,35,6,0.154,0.2,zerofill,19.51289323864025,0.46468702903493275
4018.npy,35,6,0.154,0.2,cs,26.669246294274956,0.80459328194725
4018.npy,35,6,0.154,0.2,ddnm,27.399974389158825,0.878707456452288
4018.npy,35,6,0.154,0.3,zerofill,17.125717653758837,0.4607179482420332
4018.npy,35,6,0.154,0.3,cs,25.204800400011283,0.8362213979902943
4018.npy,35,6,0.154,0.3,ddnm,30.141743264949934,0.9264024015424938
4018.npy,35,6,0.154,0.5,zerofill,25.869453865384337,0.7129127121827628
4018.npy,35,6,0.154,0.5,cs,33.59054490937693,0.9669649080182877
4018.npy,35,6,0.154,0.5,ddnm,32.374066856837956,0.9616953310098932
4018.npy,40,11,0.282,0.2,zerofill,11.70462093817472,0.39792423255122644
4018.npy,40,11,0.282,0.2,cs,12.723905074600541,0.5909593872751947
4018.npy,40,11,0.282,0.2,ddnm,9.92794984895395,0.48801497914421976
4018.npy,40,11,0.282,0.3,zerofill,19.525828065667973,0.510229639235996
4018.npy,40,11,0.282,0.3,cs,28.20042846943871,0.8606451341938163
4018.npy,40,11,0.282,0.3,ddnm,29.750886195355285,0.9160079457780841
4018.npy,40,11,0.282,0.5,zerofill,21.52570758279634,0.6575502322726453
4018.npy,40,11,0.282,0.5,cs,34.39270056044862,0.96248294663378
4018.npy,40,11,0.282,0.5,ddnm,34.328227581346795,0.9722431778899767
4018.npy,46,17,0.436,0.2,zerofill,16.11620897213814,0.4564130279667811
4018.npy,46,17,0.436,0.2,cs,22.34382588926006,0.7446841117544253
4018.npy,46,17,0.436,0.2,ddnm,28.047177160696066,0.8469607540298913
4018.npy,46,17,0.436,0.3,zerofill,12.534390697527042,0.417953494104329
4018.npy,46,17,0.436,0.3,cs,12.876977786179712,0.6120090427196642
4018.npy,46,17,0.436,0.3,ddnm,23.99626274379312,0.7530916039103911
4018.npy,46,17,0.436,0.5,zerofill,21.963889980324765,0.6775426356098684
4018.npy,46,17,0.436,0.5,cs,33.83218020910015,0.9624902136329521
4018.npy,46,17,0.436,0.5,ddnm,33.368951088097546,0.9643227862746316
4018.npy,51,22,0.564,0.2,zerofill,12.366760852766362,0.4328282882507958
4018.npy,51,22,0.564,0.2,cs,12.496779429391047,0.6035839444679384
4018.npy,51,22,0.564,0.2,ddnm,29.12255945223745,0.8502100769458432
4018.npy,51,22,0.564,0.3,zerofill,19.726258317279566,0.5615699498722078
4018.npy,51,22,0.564,0.3,cs,30.86371412456749,0.9075325904907126
4018.npy,51,22,0.564,0.3,ddnm,31.760325863839597,0.9433055342292952
4018.npy,51,22,0.564,0.5,zerofill,21.834352427189966,0.6667224252927973
4018.npy,51,22,0.564,0.5,cs,34.01899370118473,0.9604190103759755
4018.npy,51,22,0.564,0.5,ddnm,34.859123012887395,0.9714168808218998
4018.npy,57,28,0.718,0.2,zerofill,18.148335211865923,0.4523775739420049
4018.npy,57,28,0.718,0.2,cs,24.46593084925905,0.7778338184187255
4018.npy,57,28,0.718,0.2,ddnm,29.069021885916904,0.8981340238336425
4018.npy,57,28,0.718,0.3,zerofill,20.144330623568152,0.5725033576003629
4018.npy,57,28,0.718,0.3,cs,28.397232192431062,0.883753551556675
4018.npy,57,28,0.718,0.3,ddnm,30.040691577696116,0.932733974141464
4018.npy,57,28,0.718,0.5,zerofill,25.757406446403635,0.753758678292072
4018.npy,57,28,0.718,0.5,cs,34.00302739709447,0.9746967664539605
4018.npy,57,28,0.718,0.5,ddnm,33.29477488534912,0.9661493629769784
4018.npy,62,33,0.846,0.2,zerofill,17.49237533686195,0.4629948209407243
4018.npy,62,33,0.846,0.2,cs,25.136647203503713,0.7748445956328441
4018.npy,62,33,0.846,0.2,ddnm,29.557008754524393,0.8818758914036412
4018.npy,62,33,0.846,0.3,zerofill,18.42370104741199,0.5238404442004003
4018.npy,62,33,0.846,0.3,cs,30.52308884319973,0.879149187895855
4018.npy,62,33,0.846,0.3,ddnm,33.34263020266663,0.9407245339272612
4018.npy,62,33,0.846,0.5,zerofill,23.552047134607786,0.7181257608502946
4018.npy,62,33,0.846,0.5,cs,35.83308738034296,0.9737142174474913
4018.npy,62,33,0.846,0.5,ddnm,37.57897003372728,0.9771958808205647
4018.npy,68,39,1.0,0.2,zerofill,15.492346479199497,0.4138911896251188
4018.npy,68,39,1.0,0.2,cs,23.767672711531365,0.7056702396719339
4018.npy,68,39,1.0,0.2,ddnm,29.219036010345683,0.8573317855873862
4018.npy,68,39,1.0,0.3,zerofill,11.349738082827889,0.4028165217007255
4018.npy,68,39,1.0,0.3,cs,12.496464078351405,0.6171182054329224
4018.npy,68,39,1.0,0.3,ddnm,20.93095893324529,0.7707524981615763
4018.npy,68,39,1.0,0.5,zerofill,23.80194030406299,0.7017104377586314
4018.npy,68,39,1.0,0.5,cs,34.485200726398716,0.9717483363807345
4018.npy,68,39,1.0,0.5,ddnm,35.770551097409,0.9741274741060533
4116.npy,29,0,0.0,0.2,zerofill,16.990484464683696,0.43427912568448324
4116.npy,29,0,0.0,0.2,cs,24.331546428463238,0.7496771385347879
4116.npy,29,0,0.0,0.2,ddnm,26.73048730206217,0.8604415067266578
4116.npy,29,0,0.0,0.3,zerofill,12.415972880648464,0.4200835348168032
4116.npy,29,0,0.0,0.3,cs,12.566417961244152,0.5827046411797671
4116.npy,29,0,0.0,0.3,ddnm,29.546216131816742,0.8162667290368902
4116.npy,29,0,0.0,0.5,zerofill,24.764466229163425,0.7132367431220711
4116.npy,29,0,0.0,0.5,cs,33.789391191855685,0.9673152117039112
4116.npy,29,0,0.0,0.5,ddnm,32.669988702576134,0.9604754503040472
4116.npy,35,6,0.154,0.2,zerofill,11.980123515490384,0.40795383861266304
4116.npy,35,6,0.154,0.2,cs,12.298573941038427,0.5364774412818922
4116.npy,35,6,0.154,0.2,ddnm,28.74774431583817,0.7920311692465388
4116.npy,35,6,0.154,0.3,zerofill,12.382937719099797,0.46849854179678274
4116.npy,35,6,0.154,0.3,cs,12.358671739799485,0.6059492301651174
4116.npy,35,6,0.154,0.3,ddnm,29.592229362062227,0.88134088192923
4116.npy,35,6,0.154,0.5,zerofill,29.11562996359914,0.8194548954877595
4116.npy,35,6,0.154,0.5,cs,35.024357443779834,0.9681150757579258
4116.npy,35,6,0.154,0.5,ddnm,33.60629661027485,0.9550569497411272
4116.npy,40,11,0.282,0.2,zerofill,12.106669030193032,0.3967679615589116
4116.npy,40,11,0.282,0.2,cs,13.248409111255206,0.5611361950285354
4116.npy,40,11,0.282,0.2,ddnm,12.109594162261697,0.558573330586815
4116.npy,40,11,0.282,0.3,zerofill,22.05690437677182,0.615789541942314
4116.npy,40,11,0.282,0.3,cs,29.062079087155432,0.9081492899488823
4116.npy,40,11,0.282,0.3,ddnm,28.99676965073516,0.9135220400814855
4116.npy,40,11,0.282,0.5,zerofill,28.012428641659657,0.8230538814061052
4116.npy,40,11,0.282,0.5,cs,33.616548981881905,0.9728274270792028
4116.npy,40,11,0.282,0.5,ddnm,31.90943364354322,0.959463698325443
4116.npy,46,17,0.436,0.2,zerofill,16.57901832401997,0.4606332298840533
4116.npy,46,17,0.436,0.2,cs,20.947703765907576,0.7133077937621558
4116.npy,46,17,0.436,0.2,ddnm,25.29567394020809,0.8087617549846585
4116.npy,46,17,0.436,0.3,zerofill,20.492814793028863,0.5868663612062659
4116.npy,46,17,0.436,0.3,cs,29.09110642378434,0.896790560365456
4116.npy,46,17,0.436,0.3,ddnm,30.094489696028973,0.9239658768634439
4116.npy,46,17,0.436,0.5,zerofill,24.923984625985884,0.7622575639260648
4116.npy,46,17,0.436,0.5,cs,34.876343199885014,0.9763879100102566
4116.npy,46,17,0.436,0.5,ddnm,36.2823340099053,0.977858532219124
4116.npy,51,22,0.564,0.2,zerofill,14.343807222276165,0.41608469515292723
4116.npy,51,22,0.564,0.2,cs,14.61461876141479,0.5926601105384238
4116.npy,51,22,0.564,0.2,ddnm,25.14683370632592,0.744472927427412
4116.npy,51,22,0.564,0.3,zerofill,14.475266497864034,0.4914409637055997
4116.npy,51,22,0.564,0.3,cs,14.864906308463725,0.6825291311291527
4116.npy,51,22,0.564,0.3,ddnm,28.107575418117598,0.8367303317190978
4116.npy,51,22,0.564,0.5,zerofill,24.263015345862446,0.7725643324890985
4116.npy,51,22,0.564,0.5,cs,31.939938079437212,0.9667932479388289
4116.npy,51,22,0.564,0.5,ddnm,32.794068831005895,0.9632533236685314
4116.npy,57,28,0.718,0.2,zerofill,13.42082285245764,0.3766361143818741
4116.npy,57,28,0.718,0.2,cs,14.180402626150038,0.5337950951108743
4116.npy,57,28,0.718,0.2,ddnm,24.705137441110757,0.7582087228322455
4116.npy,57,28,0.718,0.3,zerofill,21.008591710532066,0.5722080683738293
4116.npy,57,28,0.718,0.3,cs,28.01851045859881,0.8916893488107045
4116.npy,57,28,0.718,0.3,ddnm,30.651236809388166,0.932473746946072
4116.npy,57,28,0.718,0.5,zerofill,26.43235541746703,0.7754713663546274
4116.npy,57,28,0.718,0.5,cs,33.78707864788111,0.9776225954982998
4116.npy,57,28,0.718,0.5,ddnm,34.95884453187979,0.9745655367929299
4116.npy,62,33,0.846,0.2,zerofill,18.942729211924714,0.5037763309185614
4116.npy,62,33,0.846,0.2,cs,24.99351223800482,0.8278016159821446
4116.npy,62,33,0.846,0.2,ddnm,28.535384436914907,0.8985464898361311
4116.npy,62,33,0.846,0.3,zerofill,20.22323579165256,0.6195043704274371
4116.npy,62,33,0.846,0.3,cs,29.383136630246284,0.9331890201595034
4116.npy,62,33,0.846,0.3,ddnm,29.44845115691528,0.9340643990075066
4116.npy,62,33,0.846,0.5,zerofill,25.7007780808957,0.7359488788671078
4116.npy,62,33,0.846,0.5,cs,32.183405885990965,0.9683640940643965
4116.npy,62,33,0.846,0.5,ddnm,32.815413243766855,0.9553736466208602
4116.npy,68,39,1.0,0.2,zerofill,18.21202805652011,0.5134270401451201
4116.npy,68,39,1.0,0.2,cs,24.289239395848053,0.8071758214784027
4116.npy,68,39,1.0,0.2,ddnm,28.036595036061954,0.8929025619016704
4116.npy,68,39,1.0,0.3,zerofill,12.569099616416485,0.47458379738567685
4116.npy,68,39,1.0,0.3,cs,14.10378656677998,0.6778818243080211
4116.npy,68,39,1.0,0.3,ddnm,24.491100271404594,0.815840235049317
4116.npy,68,39,1.0,0.5,zerofill,25.879335621925534,0.756276302290725
4116.npy,68,39,1.0,0.5,cs,33.77123905798521,0.980761943525667
4116.npy,68,39,1.0,0.5,ddnm,34.39676040204827,0.9759013027661559
53677.npy,29,0,0.0,0.2,zerofill,16.998387071109594,0.4655887096048793
53677.npy,29,0,0.0,0.2,cs,27.001188173862122,0.8265359018658616
53677.npy,29,0,0.0,0.2,ddnm,31.073497153470253,0.9326762342572741
53677.npy,29,0,0.0,0.3,zerofill,11.172844612976347,0.3731520594161083
53677.npy,29,0,0.0,0.3,cs,11.36650697603237,0.5216325920161402
53677.npy,29,0,0.0,0.3,ddnm,34.20581280932006,0.8927476195895329
53677.npy,29,0,0.0,0.5,zerofill,20.760287509921824,0.5629444465451352
53677.npy,29,0,0.0,0.5,cs,37.86349325220356,0.967852458920459
53677.npy,29,0,0.0,0.5,ddnm,39.37330772741501,0.987137144998625
53677.npy,35,6,0.154,0.2,zerofill,11.239875259346107,0.3414008854569008
53677.npy,35,6,0.154,0.2,cs,12.729935538167055,0.536044222769015
53677.npy,35,6,0.154,0.2,ddnm,17.965885988573405,0.6374430969075235
53677.npy,35,6,0.154,0.3,zerofill,20.859136941629963,0.5853712577229636
53677.npy,35,6,0.154,0.3,cs,31.606830276886384,0.9175615077640574
53677.npy,35,6,0.154,0.3,ddnm,33.23179157659882,0.9595880901595656
53677.npy,35,6,0.154,0.5,zerofill,27.995660818277855,0.77639393815125
53677.npy,35,6,0.154,0.5,cs,37.985973127062564,0.9838513146001656
53677.npy,35,6,0.154,0.5,ddnm,38.33392900179173,0.9852539129721417
53677.npy,40,11,0.282,0.2,zerofill,11.490345528047266,0.37238571703196166
53677.npy,40,11,0.282,0.2,cs,12.730207853504208,0.5851535579719076
53677.npy,40,11,0.282,0.2,ddnm,24.428465034840094,0.7683558419531522
53677.npy,40,11,0.282,0.3,zerofill,12.5808974454415,0.4866150397873765
53677.npy,40,11,0.282,0.3,cs,12.498677763622318,0.6236158006880039
53677.npy,40,11,0.282,0.3,ddnm,33.253188707307174,0.9240393279537307
53677.npy,40,11,0.282,0.5,zerofill,27.380345050296803,0.7511966711303967
53677.npy,40,11,0.282,0.5,cs,37.15521044974552,0.9823374609670406
53677.npy,40,11,0.282,0.5,ddnm,35.05197794445219,0.9730797783561498
53677.npy,46,17,0.436,0.2,zerofill,12.191987304535182,0.38974200404655157
53677.npy,46,17,0.436,0.2,cs,13.092693877066457,0.597484773220255
53677.npy,46,17,0.436,0.2,ddnm,29.59311107288221,0.857429778813571
53677.npy,46,17,0.436,0.3,zerofill,19.37919901496669,0.5513819209491022
53677.npy,46,17,0.436,0.3,cs,31.272089607316424,0.900017780871765
53677.npy,46,17,0.436,0.3,ddnm,35.18162261726518,0.971041760175371
53677.npy,46,17,0.436,0.5,zerofill,25.46109410286963,0.792163557080588
53677.npy,46,17,0.436,0.5,cs,36.96694397605996,0.9825918898486988
53677.npy,46,17,0.436,0.5,ddnm,37.47117522515937,0.9850163175730704
53677.npy,51,22,0.564,0.2,zerofill,19.35364093819562,0.5281031761590129
53677.npy,51,22,0.564,0.2,cs,25.06302090563009,0.8053143016905585
53677.npy,51,22,0.564,0.2,ddnm,28.60362861615365,0.898035902799265
53677.npy,51,22,0.564,0.3,zerofill,19.23856470598713,0.5805782281004119
53677.npy,51,22,0.564,0.3,cs,30.438461119178328,0.9136089189000602
53677.npy,51,22,0.564,0.3,ddnm,32.27140342216643,0.9668094987583814
53677.npy,51,22,0.564,0.5,zerofill,27.767880747722273,0.8203375945320752
53677.npy,51,22,0.564,0.5,cs,34.5802452099909,0.9843629698492576
53677.npy,51,22,0.564,0.5,ddnm,33.191280199590636,0.9777627877052097
53677.npy,57,28,0.718,0.2,zerofill,13.091603445415549,0.4117181901614005
53677.npy,57,28,0.718,0.2,cs,14.746827143180388,0.6640466236415326
53677.npy,57,28,0.718,0.2,ddnm,22.573359537027244,0.8081897735651767
53677.npy,57,28,0.718,0.3,zerofill,20.19549767210211,0.5931808098331817
53677.npy,57,28,0.718,0.3,cs,31.288828538070664,0.9306575201463793
53677.npy,57,28,0.718,0.3,ddnm,33.39639969806096,0.9712284780844538
53677.npy,57,28,0.718,0.5,zerofill,21.29016672510287,0.7211973918380443
53677.npy,57,28,0.718,0.5,cs,34.270516140096134,0.9745317114813935
53677.npy,57,28,0.718,0.5,ddnm,37.40494752216647,0.987506585319303
53677.npy,62,33,0.846,0.2,zerofill,17.300869698312166,0.4590529076255014
53677.npy,62,33,0.846,0.2,cs,27.043090104351993,0.8429448951866194
53677.npy,62,33,0.846,0.2,ddnm,30.75670664937167,0.9266319951922046
53677.npy,62,33,0.846,0.3,zerofill,13.220624070920355,0.48966265571581147
53677.npy,62,33,0.846,0.3,cs,14.780736683971865,0.7274389222634132
53677.npy,62,33,0.846,0.3,ddnm,24.090976432184128,0.8532284359792806
53677.npy,62,33,0.846,0.5,zerofill,27.66654694022884,0.7897865477729378
53677.npy,62,33,0.846,0.5,cs,36.560285178665694,0.9880250741664327
53677.npy,62,33,0.846,0.5,ddnm,37.27525720805183,0.9852810285522937
53677.npy,68,39,1.0,0.2,zerofill,12.798789732749352,0.4212590813848675
53677.npy,68,39,1.0,0.2,cs,13.518420510665251,0.6061663582478222
53677.npy,68,39,1.0,0.2,ddnm,28.94423148641526,0.8003771559572315
53677.npy,68,39,1.0,0.3,zerofill,18.651792618997685,0.481344524997791
53677.npy,68,39,1.0,0.3,cs,29.4173515227156,0.8894839693695302
53677.npy,68,39,1.0,0.3,ddnm,35.05311723878457,0.9599555641236532
53677.npy,68,39,1.0,0.5,zerofill,26.523511133047233,0.7471620202883833
53677.npy,68,39,1.0,0.5,cs,36.04873963027979,0.9871743945697724
53677.npy,68,39,1.0,0.5,ddnm,37.734035045504235,0.9862099269590722
54262.npy,29,0,0.0,0.2,zerofill,12.233220071957069,0.3942489880199434
54262.npy,29,0,0.0,0.2,cs,12.696050010194554,0.5488327534889836
54262.npy,29,0,0.0,0.2,ddnm,24.089223661744413,0.7543623785308601
54262.npy,29,0,0.0,0.3,zerofill,20.4997629833504,0.6106726795915335
54262.npy,29,0,0.0,0.3,cs,29.936860537443167,0.9225203321144901
54262.npy,29,0,0.0,0.3,ddnm,31.56349212493169,0.9349924160592564
54262.npy,29,0,0.0,0.5,zerofill,23.807226661706288,0.7728095881070755
54262.npy,29,0,0.0,0.5,cs,32.91189847655215,0.96777720988854
54262.npy,29,0,0.0,0.5,ddnm,31.919293685658854,0.9556664235247171
54262.npy,35,6,0.154,0.2,zerofill,15.917398253426882,0.4679566083375449
54262.npy,35,6,0.154,0.2,cs,22.175243086552044,0.7577616716914021
54262.npy,35,6,0.154,0.2,ddnm,27.404405292196596,0.8365276086696536
54262.npy,35,6,0.154,0.3,zerofill,21.246312902047308,0.6171030465003068
54262.npy,35,6,0.154,0.3,cs,29.57339663538925,0.9114453123391347
54262.npy,35,6,0.154,0.3,ddnm,27.762171383627233,0.9050899791470789
54262.npy,35,6,0.154,0.5,zerofill,23.65171918977368,0.7222467183282776
54262.npy,35,6,0.154,0.5,cs,33.95047776752281,0.9721360223543513
54262.npy,35,6,0.154,0.5,ddnm,33.145322253848576,0.9694035902471191
54262.npy,40,11,0.282,0.2,zerofill,19.814106263210714,0.49284579032523335
54262.npy,40,11,0.282,0.2,cs,25.713334734703395,0.7985088612004254
54262.npy,40,11,0.282,0.2,ddnm,26.977770510237967,0.8496181694167503
54262.npy,40,11,0.282,0.3,zerofill,12.54837671176718,0.4373749430236241
54262.npy,40,11,0.282,0.3,cs,12.567834369212731,0.6102314805422883
54262.npy,40,11,0.282,0.3,ddnm,30.15274029726717,0.9003355368907751
54262.npy,40,11,0.282,0.5,zerofill,13.02454734284227,0.5680046669062809
54262.npy,40,11,0.282,0.5,cs,12.631441876487102,0.6711613822261624
54262.npy,40,11,0.282,0.5,ddnm,32.869661702642084,0.93720594487806
54262.npy,46,17,0.436,0.2,zerofill,16.79215006326396,0.45494188956895865
54262.npy,46,17,0.436,0.2,cs,23.624816829869086,0.7871466826505357
54262.npy,46,17,0.436,0.2,ddnm,30.220437264965305,0.8949104000610775
54262.npy,46,17,0.436,0.3,zerofill,20.64162765125477,0.6239594079717582
54262.npy,46,17,0.436,0.3,cs,30.436690689739624,0.912393300844373
54262.npy,46,17,0.436,0.3,ddnm,32.1976088278528,0.9514095219704645
54262.npy,46,17,0.436,0.5,zerofill,18.435278747430264,0.6433637221985883
54262.npy,46,17,0.436,0.5,cs,32.0422995125853,0.9581490763250585
54262.npy,46,17,0.436,0.5,ddnm,34.98834939994441,0.9735507540558974
54262.npy,51,22,0.564,0.2,zerofill,11.360782963009415,0.3326936049090522
54262.npy,51,22,0.564,0.2,cs,11.543782115662362,0.4924693533637621
54262.npy,51,22,0.564,0.2,ddnm,24.41062775532275,0.7218155968811406
54262.npy,51,22,0.564,0.3,zerofill,11.151726620228875,0.3897280138765618
54262.npy,51,22,0.564,0.3,cs,12.072231097591867,0.592822503207776
54262.npy,51,22,0.564,0.3,ddnm,13.404071021663455,0.6595352208907587
54262.npy,51,22,0.564,0.5,zerofill,23.722375450268792,0.7444275886935924
54262.npy,51,22,0.564,0.5,cs,34.132060155073944,0.9690071738149106
54262.npy,51,22,0.564,0.5,ddnm,36.84070810186773,0.9790859052256146
54262.npy,57,28,0.718,0.2,zerofill,10.830333951977316,0.34397101254438084
54262.npy,57,28,0.718,0.2,cs,11.641601929364736,0.505756259487379
54262.npy,57,28,0.718,0.2,ddnm,25.487636781296153,0.7984050567957927
54262.npy,57,28,0.718,0.3,zerofill,22.10188770546349,0.5627521771035993
54262.npy,57,28,0.718,0.3,cs,28.327811376232347,0.8815062650632303
54262.npy,57,28,0.718,0.3,ddnm,31.027256345286183,0.9414158323937384
54262.npy,57,28,0.718,0.5,zerofill,23.429553469223805,0.7050841718564099
54262.npy,57,28,0.718,0.5,cs,34.19970662221098,0.9740118373628907
54262.npy,57,28,0.718,0.5,ddnm,35.64405282719554,0.9812167912393256
54262.npy,62,33,0.846,0.2,zerofill,19.59847451601555,0.49038203301795746
54262.npy,62,33,0.846,0.2,cs,27.082101849177374,0.816342221372264
54262.npy,62,33,0.846,0.2,ddnm,28.312888710296498,0.9065164556985611
54262.npy,62,33,0.846,0.3,zerofill,16.69395978348305,0.4757672425286896
54262.npy,62,33,0.846,0.3,cs,30.008223800038287,0.8599070446609297
54262.npy,62,33,0.846,0.3,ddnm,30.369254408982425,0.9318937545692815
54262.npy,62,33,0.846,0.5,zerofill,23.394672262889603,0.6214656271030428
54262.npy,62,33,0.846,0.5,cs,34.64841652246973,0.9712896780785423
54262.npy,62,33,0.846,0.5,ddnm,35.42460152728458,0.9812633319027287
54262.npy,68,39,1.0,0.2,zerofill,9.549280732979348,0.25336606522041727
54262.npy,68,39,1.0,0.2,cs,10.98085723349553,0.4272544741081566
54262.npy,68,39,1.0,0.2,ddnm,14.87784271247181,0.5259669194400304
54262.npy,68,39,1.0,0.3,zerofill,18.008631056456533,0.4050760661187065
54262.npy,68,39,1.0,0.3,cs,30.11770191790006,0.8776792202633424
54262.npy,68,39,1.0,0.3,ddnm,32.361572754509815,0.9608263087165321
54262.npy,68,39,1.0,0.5,zerofill,28.068270403628873,0.7434015730798251
54262.npy,68,39,1.0,0.5,cs,37.13967911487007,0.9877365676146046
54262.npy,68,39,1.0,0.5,ddnm,35.633485875542526,0.9853657637631436
A00019903.npy,29,0,0.0,0.2,zerofill,10.214880567429624,0.3054403292398618
A00019903.npy,29,0,0.0,0.2,cs,11.368593578864246,0.4916969060542293
A00019903.npy,29,0,0.0,0.2,ddnm,16.162504448606175,0.5776552110715152
A00019903.npy,29,0,0.0,0.3,zerofill,11.206847833871144,0.34521298781062804
A00019903.npy,29,0,0.0,0.3,cs,11.157439216509664,0.49664867783589584
A00019903.npy,29,0,0.0,0.3,ddnm,30.496749681126385,0.791508362076634
A00019903.npy,29,0,0.0,0.5,zerofill,11.301532769390434,0.4325542022801107
A00019903.npy,29,0,0.0,0.5,cs,11.17417442512095,0.529710737268868
A00019903.npy,29,0,0.0,0.5,ddnm,33.82048581637179,0.8696190766555685
A00019903.npy,35,6,0.154,0.2,zerofill,11.58210038104855,0.3925703353624708
A00019903.npy,35,6,0.154,0.2,cs,11.79054203525206,0.5295847998298266
A00019903.npy,35,6,0.154,0.2,ddnm,26.98762730995694,0.7242910446790847
A00019903.npy,35,6,0.154,0.3,zerofill,20.143458170517576,0.5083641631124981
A00019903.npy,35,6,0.154,0.3,cs,30.962495610836367,0.9204898050640081
A00019903.npy,35,6,0.154,0.3,ddnm,31.27307864483846,0.9408223428306673
A00019903.npy,35,6,0.154,0.5,zerofill,25.94969381437085,0.7038267587729516
A00019903.npy,35,6,0.154,0.5,cs,34.823280132271115,0.9722084357665771
A00019903.npy,35,6,0.154,0.5,ddnm,34.56254267788371,0.9665203889117578
A00019903.npy,40,11,0.282,0.2,zerofill,11.083914981676093,0.3992336256682937
A00019903.npy,40,11,0.282,0.2,cs,12.366451053499688,0.5731487972849468
A00019903.npy,40,11,0.282,0.2,ddnm,9.769408517076462,0.48219033344887063
A00019903.npy,40,11,0.282,0.3,zerofill,12.149406340207818,0.433454498658854
A00019903.npy,40,11,0.282,0.3,cs,12.33953077018028,0.5967260492621808
A00019903.npy,40,11,0.282,0.3,ddnm,29.568976377747642,0.8431234031152786
A00019903.npy,40,11,0.282,0.5,zerofill,28.22994209746254,0.7791867451270498
A00019903.npy,40,11,0.282,0.5,cs,34.64125599628864,0.9724766123810624
A00019903.npy,40,11,0.282,0.5,ddnm,34.756556619366535,0.969567687024163
A00019903.npy,46,17,0.436,0.2,zerofill,19.125474985574023,0.4699607230704172
A00019903.npy,46,17,0.436,0.2,cs,26.23039570559974,0.7771692358662171
A00019903.npy,46,17,0.436,0.2,ddnm,27.68659601027148,0.8465131540647344
A00019903.npy,46,17,0.436,0.3,zerofill,20.96848768156694,0.5471038493069201
A00019903.npy,46,17,0.436,0.3,cs,30.123137021852706,0.8788895546004388
A00019903.npy,46,17,0.436,0.3,ddnm,32.398475642584614,0.9361105308064815
A00019903.npy,46,17,0.436,0.5,zerofill,25.082837470515376,0.7265828241327673
A00019903.npy,46,17,0.436,0.5,cs,34.89455775533054,0.9733336933339612
A00019903.npy,46,17,0.436,0.5,ddnm,35.147156596554254,0.9756523452156559
A00019903.npy,51,22,0.564,0.2,zerofill,17.201815656068252,0.48496604546714284
A00019903.npy,51,22,0.564,0.2,cs,22.726115825998484,0.770359239031157
A00019903.npy,51,22,0.564,0.2,ddnm,30.40307861658027,0.8725511478698164
A00019903.npy,51,22,0.564,0.3,zerofill,25.511226939066198,0.7410239956575203
A00019903.npy,51,22,0.564,0.3,cs,32.64369906166341,0.9455411667642463
A00019903.npy,51,22,0.564,0.3,ddnm,31.746994650742103,0.9331603444025454
A00019903.npy,51,22,0.564,0.5,zerofill,24.27519079076866,0.801870638289439
A00019903.npy,51,22,0.564,0.5,cs,35.201945553305436,0.9718771620932141
A00019903.npy,51,22,0.564,0.5,ddnm,35.46352839653686,0.9677064814688665
A00019903.npy,57,28,0.718,0.2,zerofill,22.570070413404245,0.6070221348793177
A00019903.npy,57,28,0.718,0.2,cs,28.942638334111905,0.845680730521741
A00019903.npy,57,28,0.718,0.2,ddnm,30.86099517386254,0.8999504635120008
A00019903.npy,57,28,0.718,0.3,zerofill,12.422277079057856,0.5047194893692457
A00019903.npy,57,28,0.718,0.3,cs,12.511020857123595,0.6577633422856208
A00019903.npy,57,28,0.718,0.3,ddnm,34.26082980130821,0.9470009946856759
A00019903.npy,57,28,0.718,0.5,zerofill,27.30164772313512,0.7818864324085129
A00019903.npy,57,28,0.718,0.5,cs,37.052942855567096,0.9768928923784037
A00019903.npy,57,28,0.718,0.5,ddnm,39.66647726150867,0.9857299011966548
A00019903.npy,62,33,0.846,0.2,zerofill,20.704374498267374,0.5678686430176402
A00019903.npy,62,33,0.846,0.2,cs,28.475561942497137,0.8609070236449503
A00019903.npy,62,33,0.846,0.2,ddnm,31.997362861885268,0.9203867019824654
A00019903.npy,62,33,0.846,0.3,zerofill,19.131721482708116,0.6095131490449356
A00019903.npy,62,33,0.846,0.3,cs,31.76771580124431,0.9121837380956143
A00019903.npy,62,33,0.846,0.3,ddnm,35.86604745549056,0.9539811904913826
A00019903.npy,62,33,0.846,0.5,zerofill,27.707522088638843,0.812590136071271
A00019903.npy,62,33,0.846,0.5,cs,36.39755113053013,0.9760935584749467
A00019903.npy,62,33,0.846,0.5,ddnm,38.11105692099985,0.9755560093567084
A00019903.npy,68,39,1.0,0.2,zerofill,12.28447971504072,0.39294703648776586
A00019903.npy,68,39,1.0,0.2,cs,12.561591117041464,0.5362350468109692
A00019903.npy,68,39,1.0,0.2,ddnm,21.675543717712245,0.6340132340443771
A00019903.npy,68,39,1.0,0.3,zerofill,20.240291548391962,0.5537913044868824
A00019903.npy,68,39,1.0,0.3,cs,29.584278940594828,0.8887299590865968
A00019903.npy,68,39,1.0,0.3,ddnm,32.89375439449228,0.9478823555449715
A00019903.npy,68,39,1.0,0.5,zerofill,28.191531080890954,0.8109239136346648
A00019903.npy,68,39,1.0,0.5,cs,34.71989787579657,0.9755259930879254
A00019903.npy,68,39,1.0,0.5,ddnm,35.26697336954242,0.9769340871491121
A00028150.npy,29,0,0.0,0.2,zerofill,10.99234655127768,0.31217358984241217
A00028150.npy,29,0,0.0,0.2,cs,11.420602794211403,0.4788918593878729
A00028150.npy,29,0,0.0,0.2,ddnm,28.650415486047606,0.7597559030610518
A00028150.npy,29,0,0.0,0.3,zerofill,10.75298506807581,0.32674515823935013
A00028150.npy,29,0,0.0,0.3,cs,11.473739109835499,0.5038300301582529
A00028150.npy,29,0,0.0,0.3,ddnm,23.892764238284478,0.6782842077320266
A00028150.npy,29,0,0.0,0.5,zerofill,26.588579178043084,0.7422424453357503
A00028150.npy,29,0,0.0,0.5,cs,32.73020799369422,0.9825833263744176
A00028150.npy,29,0,0.0,0.5,ddnm,31.410667521007664,0.9698140133063148
A00028150.npy,35,6,0.154,0.2,zerofill,17.811308788472648,0.4170227630606516
A00028150.npy,35,6,0.154,0.2,cs,27.29138584245982,0.8244211042260572
A00028150.npy,35,6,0.154,0.2,ddnm,30.197413358616544,0.915222037606616
A00028150.npy,35,6,0.154,0.3,zerofill,20.00748638494507,0.5313142878422846
A00028150.npy,35,6,0.154,0.3,cs,31.340425722395253,0.9305551157825274
A00028150.npy,35,6,0.154,0.3,ddnm,31.620375939791572,0.9500822756370367
A00028150.npy,35,6,0.154,0.5,zerofill,26.132537868974627,0.717867210012792
A00028150.npy,35,6,0.154,0.5,cs,33.70033124909183,0.9736481770829019
A00028150.npy,35,6,0.154,0.5,ddnm,32.38055027549191,0.9623549754634495
A00028150.npy,40,11,0.282,0.2,zerofill,19.316042924213388,0.4830886606368458
A00028150.npy,40,11,0.282,0.2,cs,27.703280717025333,0.8536355334186531
A00028150.npy,40,11,0.282,0.2,ddnm,30.042947560583176,0.9240076423584374
A00028150.npy,40,11,0.282,0.3,zerofill,18.324102765030315,0.5198615758145293
A00028150.npy,40,11,0.282,0.3,cs,30.83934668272809,0.8957905512472308
A00028150.npy,40,11,0.282,0.3,ddnm,31.66619109815695,0.9487057202038859
A00028150.npy,40,11,0.282,0.5,zerofill,12.748817932190896,0.5340359898778174
A00028150.npy,40,11,0.282,0.5,cs,12.5591640562836,0.6431785695768926
A00028150.npy,40,11,0.282,0.5,ddnm,35.41188166572803,0.9258706974217533
A00028150.npy,46,17,0.436,0.2,zerofill,19.78884097759453,0.49618581559597064
A00028150.npy,46,17,0.436,0.2,cs,25.554185335784506,0.7798300440218517
A00028150.npy,46,17,0.436,0.2,ddnm,31.478500890938594,0.9144499124285835
A00028150.npy,46,17,0.436,0.3,zerofill,20.491754467908336,0.571816982044375
A00028150.npy,46,17,0.436,0.3,cs,30.966296013254016,0.9116113432346413
A00028150.npy,46,17,0.436,0.3,ddnm,33.72834393235409,0.9661356303775801
A00028150.npy,46,17,0.436,0.5,zerofill,27.079348113612607,0.798080642958247
A00028150.npy,46,17,0.436,0.5,cs,35.7246511412477,0.9823987969016875
A00028150.npy,46,17,0.436,0.5,ddnm,38.104720824440285,0.9844364279366027
A00028150.npy,51,22,0.564,0.2,zerofill,17.57226349559606,0.4930486228624607
A00028150.npy,51,22,0.564,0.2,cs,28.28004929765318,0.8497659568168029
A00028150.npy,51,22,0.564,0.2,ddnm,34.39214070172127,0.9622821109697275
A00028150.npy,51,22,0.564,0.3,zerofill,12.791867489585469,0.44324353764908625
A00028150.npy,51,22,0.564,0.3,cs,12.938415898933197,0.6192068778084261
A00028150.npy,51,22,0.564,0.3,ddnm,33.51098865469993,0.8928543470081095
A00028150.npy,51,22,0.564,0.5,zerofill,29.08523943642564,0.8414108982525949
A00028150.npy,51,22,0.564,0.5,cs,37.041217923816546,0.984869597207888
A00028150.npy,51,22,0.564,0.5,ddnm,40.38434704086515,0.9893893310937854
A00028150.npy,57,28,0.718,0.2,zerofill,17.897842703634016,0.49013710917644454
A00028150.npy,57,28,0.718,0.2,cs,26.153922380021662,0.8443701201785563
A00028150.npy,57,28,0.718,0.2,ddnm,31.246155173028846,0.9491105272713223
A00028150.npy,57,28,0.718,0.3,zerofill,17.76931037787122,0.5128211137852432
A00028150.npy,57,28,0.718,0.3,cs,29.306142752356628,0.8991225432530466
A00028150.npy,57,28,0.718,0.3,ddnm,35.61083350231574,0.9770024204704268
A00028150.npy,57,28,0.718,0.5,zerofill,26.18408173244786,0.7312320568633535
A00028150.npy,57,28,0.718,0.5,cs,36.21469112271256,0.9869860841346281
A00028150.npy,57,28,0.718,0.5,ddnm,40.66399134711604,0.9924493361804089
A00028150.npy,62,33,0.846,0.2,zerofill,12.072460022216077,0.3332443266170504
A00028150.npy,62,33,0.846,0.2,cs,12.665463644575139,0.5211080983194918
A00028150.npy,62,33,0.846,0.2,ddnm,29.706410512394235,0.8106672867143452
A00028150.npy,62,33,0.846,0.3,zerofill,21.51960700834371,0.5925669361097778
A00028150.npy,62,33,0.846,0.3,cs,31.851068495438266,0.9604440418279033
A00028150.npy,62,33,0.846,0.3,ddnm,36.29453468514458,0.9786081313726499
A00028150.npy,62,33,0.846,0.5,zerofill,26.00686030325693,0.7048792005922682
A00028150.npy,62,33,0.846,0.5,cs,36.47648973099922,0.9864902180133729
A00028150.npy,62,33,0.846,0.5,ddnm,40.27882201804921,0.9909010545256253
A00028150.npy,68,39,1.0,0.2,zerofill,19.183299604349827,0.4590302323251977
A00028150.npy,68,39,1.0,0.2,cs,28.081626081852242,0.8755327375021029
A00028150.npy,68,39,1.0,0.2,ddnm,32.143258187899875,0.96466426933382
A00028150.npy,68,39,1.0,0.3,zerofill,19.050908460962656,0.4870076324336975
A00028150.npy,68,39,1.0,0.3,cs,29.409723267748138,0.8822886696454759
A00028150.npy,68,39,1.0,0.3,ddnm,36.41856514809808,0.9795483571327812
A00028150.npy,68,39,1.0,0.5,zerofill,28.277422436627738,0.8500004780472018
A00028150.npy,68,39,1.0,0.5,cs,32.727509716760835,0.980361138034719
A00028150.npy,68,39,1.0,0.5,ddnm,34.54068769223155,0.9798696405847237
A00028352.npy,29,0,0.0,0.2,zerofill,10.573143694364383,0.2981960452768776
A00028352.npy,29,0,0.0,0.2,cs,11.041550669611333,0.4840626791961991
A00028352.npy,29,0,0.0,0.2,ddnm,31.34638865071965,0.8653276081754355
A00028352.npy,29,0,0.0,0.3,zerofill,21.744694245166247,0.6218461879492829
A00028352.npy,29,0,0.0,0.3,cs,33.8245688070987,0.9671535980906483
A00028352.npy,29,0,0.0,0.3,ddnm,32.55387116685345,0.9615663103909462
A00028352.npy,29,0,0.0,0.5,zerofill,28.3504593901867,0.7648780668635914
A00028352.npy,29,0,0.0,0.5,cs,38.87200752085927,0.9870934154567012
A00028352.npy,29,0,0.0,0.5,ddnm,38.001286271223066,0.9827094322545527
A00028352.npy,35,6,0.154,0.2,zerofill,18.7412399350426,0.4875412354976483
A00028352.npy,35,6,0.154,0.2,cs,27.714757255996414,0.8671552848149043
A00028352.npy,35,6,0.154,0.2,ddnm,29.606324553765862,0.9162165106906666
A00028352.npy,35,6,0.154,0.3,zerofill,12.007044722756511,0.3761452937155016
A00028352.npy,35,6,0.154,0.3,cs,12.322510528583283,0.553163697082577
A00028352.npy,35,6,0.154,0.3,ddnm,27.915667214896935,0.7540752654497228
A00028352.npy,35,6,0.154,0.5,zerofill,25.74201598537384,0.712270934917686
A00028352.npy,35,6,0.154,0.5,cs,35.11832961610756,0.9762620592559419
A00028352.npy,35,6,0.154,0.5,ddnm,36.691637244398045,0.9749921558445354
A00028352.npy,40,11,0.282,0.2,zerofill,11.806065841593744,0.3293434829946019
A00028352.npy,40,11,0.282,0.2,cs,12.781304465906711,0.517262919086944
A00028352.npy,40,11,0.282,0.2,ddnm,27.761811610733396,0.7699001841559943
A00028352.npy,40,11,0.282,0.3,zerofill,12.180525605693797,0.423696933760071
A00028352.npy,40,11,0.282,0.3,cs,13.043536362362216,0.6204983441714448
A00028352.npy,40,11,0.282,0.3,ddnm,31.26229680524784,0.871923685796685
A00028352.npy,40,11,0.282,0.5,zerofill,25.122163706613417,0.6976241613810978
A00028352.npy,40,11,0.282,0.5,cs,34.016433820909654,0.9775446080506345
A00028352.npy,40,11,0.282,0.5,ddnm,35.12024525437034,0.9788950974663814
A00028352.npy,46,17,0.436,0.2,zerofill,17.65577547166969,0.4868454373422411
A00028352.npy,46,17,0.436,0.2,cs,25.73475291404599,0.8125618109350022
A00028352.npy,46,17,0.436,0.2,ddnm,30.304866083379245,0.9073493785773737
A00028352.npy,46,17,0.436,0.3,zerofill,18.40231138964748,0.5461246209160054
A00028352.npy,46,17,0.436,0.3,cs,29.42118258595382,0.9169875058653101
A00028352.npy,46,17,0.436,0.3,ddnm,35.94248413352188,0.971668027479525
A00028352.npy,46,17,0.436,0.5,zerofill,26.97451823059823,0.7740153030326424
A00028352.npy,46,17,0.436,0.5,cs,34.482351637782315,0.9812255753156671
A00028352.npy,46,17,0.436,0.5,ddnm,36.09785812455626,0.9805684290812304
A00028352.npy,51,22,0.564,0.2,zerofill,13.435056804544187,0.4390032420517622
A00028352.npy,51,22,0.564,0.2,cs,14.06388910783419,0.6512558587794024
A00028352.npy,51,22,0.564,0.2,ddnm,31.984946111642532,0.9125949046490687
A00028352.npy,51,22,0.564,0.3,zerofill,19.61737488580454,0.5031706743446844
A00028352.npy,51,22,0.564,0.3,cs,30.04464877270736,0.8907379570708192
A00028352.npy,51,22,0.564,0.3,ddnm,34.705068121411024,0.9568249190992579
A00028352.npy,51,22,0.564,0.5,zerofill,25.120687322065876,0.7187277938786344
A00028352.npy,51,22,0.564,0.5,cs,36.19028418812626,0.9831263435220116
A00028352.npy,51,22,0.564,0.5,ddnm,37.783201012048046,0.9829919918975148
A00028352.npy,57,28,0.718,0.2,zerofill,17.595461395587385,0.46610697908163634
A00028352.npy,57,28,0.718,0.2,cs,26.34058892918503,0.8047762577856776
A00028352.npy,57,28,0.718,0.2,ddnm,32.31972063697953,0.9380534354259942
A00028352.npy,57,28,0.718,0.3,zerofill,20.24748069389183,0.5878396519749047
A00028352.npy,57,28,0.718,0.3,cs,31.967673206088065,0.9328124938501173
A00028352.npy,57,28,0.718,0.3,ddnm,34.71936428074409,0.9744056542933356
A00028352.npy,57,28,0.718,0.5,zerofill,25.8975512870258,0.7563644412966016
A00028352.npy,57,28,0.718,0.5,cs,38.074678935213505,0.9870038239730362
A00028352.npy,57,28,0.718,0.5,ddnm,40.67557628416597,0.9910892385632016
A00028352.npy,62,33,0.846,0.2,zerofill,12.977235599311896,0.4139397357406648
A00028352.npy,62,33,0.846,0.2,cs,13.74136583427787,0.6355296633789339
A00028352.npy,62,33,0.846,0.2,ddnm,29.306916881590585,0.8313091627520616
A00028352.npy,62,33,0.846,0.3,zerofill,17.999995799501445,0.5229746539659309
A00028352.npy,62,33,0.846,0.3,cs,29.521910914429554,0.9050869579681988
A00028352.npy,62,33,0.846,0.3,ddnm,32.39838017928109,0.9511930432928503
A00028352.npy,62,33,0.846,0.5,zerofill,24.544047279302063,0.72703858697959
A00028352.npy,62,33,0.846,0.5,cs,37.97338342088687,0.9859085907237051
A00028352.npy,62,33,0.846,0.5,ddnm,39.427014567386166,0.987676832435497
A00028352.npy,68,39,1.0,0.2,zerofill,11.73137799331261,0.3936684573684641
A00028352.npy,68,39,1.0,0.2,cs,13.21837651131479,0.6430115041679967
A00028352.npy,68,39,1.0,0.2,ddnm,12.594019139366996,0.6287750947766566
A00028352.npy,68,39,1.0,0.3,zerofill,19.87231000933956,0.5067600488884076
A00028352.npy,68,39,1.0,0.3,cs,30.050370460939845,0.9222622404760513
A00028352.npy,68,39,1.0,0.3,ddnm,33.324453145427405,0.9661869099886787
A00028352.npy,68,39,1.0,0.5,zerofill,22.46841979292261,0.6322329286430104
A00028352.npy,68,39,1.0,0.5,cs,36.98472834980307,0.9777904516929453
A00028352.npy,68,39,1.0,0.5,ddnm,39.77468673032257,0.9908529312195428
A00028399.npy,29,0,0.0,0.2,zerofill,21.272522753673563,0.5479673324227367
A00028399.npy,29,0,0.0,0.2,cs,29.30945649102426,0.8950739713854742
A00028399.npy,29,0,0.0,0.2,ddnm,29.551993818327684,0.9225468716452244
A00028399.npy,29,0,0.0,0.3,zerofill,11.388391460951494,0.4043622873204188
A00028399.npy,29,0,0.0,0.3,cs,11.490151478368098,0.5346691251588188
A00028399.npy,29,0,0.0,0.3,ddnm,30.132464128063184,0.8075974571702061
A00028399.npy,29,0,0.0,0.5,zerofill,11.784837947749775,0.4861735200855827
A00028399.npy,29,0,0.0,0.5,cs,11.507096346490485,0.5511172875777848
A00028399.npy,29,0,0.0,0.5,ddnm,35.26212942066193,0.9113139549840429
A00028399.npy,35,6,0.154,0.2,zerofill,11.736725515992054,0.3908686660061172
A00028399.npy,35,6,0.154,0.2,cs,12.460041067842173,0.5447920586766928
A00028399.npy,35,6,0.154,0.2,ddnm,19.46786070345133,0.6133137853599011
A00028399.npy,35,6,0.154,0.3,zerofill,20.1857802750982,0.5281300586890674
A00028399.npy,35,6,0.154,0.3,cs,31.09479126137966,0.8906111737597584
A00028399.npy,35,6,0.154,0.3,ddnm,33.61730883706781,0.9449890461384658
A00028399.npy,35,6,0.154,0.5,zerofill,26.807656668897817,0.7377828167813002
A00028399.npy,35,6,0.154,0.5,cs,34.719775178662566,0.969446758154226
A00028399.npy,35,6,0.154,0.5,ddnm,35.274302758807686,0.9710199174678188
A00028399.npy,40,11,0.282,0.2,zerofill,16.45897722567711,0.4441252489865366
A00028399.npy,40,11,0.282,0.2,cs,23.517961611287763,0.7340301637066234
A00028399.npy,40,11,0.282,0.2,ddnm,29.233750635594333,0.8771264566961067
A00028399.npy,40,11,0.282,0.3,zerofill,12.922053387584299,0.45475985055908297
A00028399.npy,40,11,0.282,0.3,cs,12.844179249046096,0.6058061288941221
A00028399.npy,40,11,0.282,0.3,ddnm,31.511494367181683,0.8939539036685759
A00028399.npy,40,11,0.282,0.5,zerofill,27.214034359230897,0.7660036099891876
A00028399.npy,40,11,0.282,0.5,cs,34.83181609005838,0.9739383127789637
A00028399.npy,40,11,0.282,0.5,ddnm,35.719091046899706,0.9772646934618971
A00028399.npy,46,17,0.436,0.2,zerofill,12.818229014537108,0.4327289799963198
A00028399.npy,46,17,0.436,0.2,cs,13.942478995040599,0.6368134128801666
A00028399.npy,46,17,0.436,0.2,ddnm,13.43750412046925,0.6412968271354014
A00028399.npy,46,17,0.436,0.3,zerofill,13.023108339364315,0.5105505583391636
A00028399.npy,46,17,0.436,0.3,cs,14.269130933883549,0.7054037322550107
A00028399.npy,46,17,0.436,0.3,ddnm,15.106315161852786,0.7779170972782167
A00028399.npy,46,17,0.436,0.5,zerofill,27.3945062792256,0.8005202597508545
A00028399.npy,46,17,0.436,0.5,cs,35.72063911386269,0.9792136716821828
A00028399.npy,46,17,0.436,0.5,ddnm,36.33346674303617,0.97999671252544
A00028399.npy,51,22,0.564,0.2,zerofill,18.737538936601993,0.48096392809853367
A00028399.npy,51,22,0.564,0.2,cs,24.35581733026239,0.7401600866612934
A00028399.npy,51,22,0.564,0.2,ddnm,30.942438718060643,0.8954977643438579
A00028399.npy,51,22,0.564,0.3,zerofill,20.979490272006394,0.5856552579441288
A00028399.npy,51,22,0.564,0.3,cs,30.39643377254754,0.8918644974548324
A00028399.npy,51,22,0.564,0.3,ddnm,33.982523638678686,0.9519576671959027
A00028399.npy,51,22,0.564,0.5,zerofill,14.357550701446877,0.6324788819706458
A00028399.npy,51,22,0.564,0.5,cs,14.172067357405219,0.7364372615104261
A00028399.npy,51,22,0.564,0.5,ddnm,29.903322754400445,0.9040737076021993
A00028399.npy,57,28,0.718,0.2,zerofill,18.387680802172543,0.4940452795559591
A00028399.npy,57,28,0.718,0.2,cs,25.54201690667206,0.7807255670640646
A00028399.npy,57,28,0.718,0.2,ddnm,30.632014534896484,0.9058056231973569
A00028399.npy,57,28,0.718,0.3,zerofill,12.969401297768394,0.49311208292895065
A00028399.npy,57,28,0.718,0.3,cs,14.197956148703838,0.707159889020834
A00028399.npy,57,28,0.718,0.3,ddnm,15.483206102195314,0.7553896625491272
A00028399.npy,57,28,0.718,0.5,zerofill,24.730750333561666,0.7669163557749901
A00028399.npy,57,28,0.718,0.5,cs,34.766540771952606,0.977304269892815
A00028399.npy,57,28,0.718,0.5,ddnm,37.50414854855122,0.9852857149815053
A00028399.npy,62,33,0.846,0.2,zerofill,12.672572894101584,0.38514820898018703
A00028399.npy,62,33,0.846,0.2,cs,13.423218084273298,0.5506639025225883
A00028399.npy,62,33,0.846,0.2,ddnm,30.566519211877562,0.8371297020557241
A00028399.npy,62,33,0.846,0.3,zerofill,18.06528403617863,0.513117454539178
A00028399.npy,62,33,0.846,0.3,cs,29.690951190299245,0.8830590385911614
A00028399.npy,62,33,0.846,0.3,ddnm,33.184936154718926,0.9493701078660448
A00028399.npy,62,33,0.846,0.5,zerofill,28.34734485952655,0.7992858322863126
A00028399.npy,62,33,0.846,0.5,cs,34.319555330609816,0.9779783729558925
A00028399.npy,62,33,0.846,0.5,ddnm,36.17789703515926,0.9762788312717395
A00028399.npy,68,39,1.0,0.2,zerofill,13.013858540412741,0.3973987372869161
A00028399.npy,68,39,1.0,0.2,cs,13.311893419846228,0.5359195218965481
A00028399.npy,68,39,1.0,0.2,ddnm,21.2344910421671,0.6427812770452708
A00028399.npy,68,39,1.0,0.3,zerofill,18.38560906750779,0.5337871527234367
A00028399.npy,68,39,1.0,0.3,cs,28.404303279821686,0.8783343748698345
A00028399.npy,68,39,1.0,0.3,ddnm,32.539613157331736,0.9645495765577943
A00028399.npy,68,39,1.0,0.5,zerofill,26.959709740412436,0.7629905256547346
A00028399.npy,68,39,1.0,0.5,cs,34.413714333286435,0.9801829969072432
A00028399.npy,68,39,1.0,0.5,ddnm,36.19397003451948,0.9798404516487537
A00028400.npy,29,0,0.0,0.2,zerofill,10.560601299668107,0.30606541399411274
A00028400.npy,29,0,0.0,0.2,cs,12.024438529722556,0.5378687696109916
A00028400.npy,29,0,0.0,0.2,ddnm,15.072901171034069,0.6093037629201973
A00028400.npy,29,0,0.0,0.3,zerofill,18.131270707014387,0.4921802357300473
A00028400.npy,29,0,0.0,0.3,cs,30.035574091594825,0.9041367341638877
A00028400.npy,29,0,0.0,0.3,ddnm,30.021387060187088,0.9475572743893342
A00028400.npy,29,0,0.0,0.5,zerofill,25.867824808763594,0.7139372853832234
A00028400.npy,29,0,0.0,0.5,cs,37.04006655031216,0.982636846700076
A00028400.npy,29,0,0.0,0.5,ddnm,37.74093020273091,0.9833317059153545
A00028400.npy,35,6,0.154,0.2,zerofill,18.935743535131493,0.49149731898033755
A00028400.npy,35,6,0.154,0.2,cs,27.621510040736762,0.8554515873673413
A00028400.npy,35,6,0.154,0.2,ddnm,29.80918196772183,0.9196060731991008
A00028400.npy,35,6,0.154,0.3,zerofill,22.333244099304693,0.6010421125570913
A00028400.npy,35,6,0.154,0.3,cs,29.52100365479709,0.9268804656717605
A00028400.npy,35,6,0.154,0.3,ddnm,30.124013011070744,0.9391787435115585
A00028400.npy,35,6,0.154,0.5,zerofill,24.57806805573935,0.6931323128618756
A00028400.npy,35,6,0.154,0.5,cs,35.17283445666288,0.9758245849466811
A00028400.npy,35,6,0.154,0.5,ddnm,35.060444970870385,0.9768765844851212
A00028400.npy,40,11,0.282,0.2,zerofill,12.562962946611623,0.393937844545441
A00028400.npy,40,11,0.282,0.2,cs,13.101874059683517,0.5676869387555563
A00028400.npy,40,11,0.282,0.2,ddnm,27.520884404708028,0.8012474162543622
A00028400.npy,40,11,0.282,0.3,zerofill,19.797859633729754,0.5239206034597356
A00028400.npy,40,11,0.282,0.3,cs,29.701278811653854,0.8776519978521564
A00028400.npy,40,11,0.282,0.3,ddnm,31.481356139220154,0.9374980932770878
A00028400.npy,40,11,0.282,0.5,zerofill,26.246315855374746,0.757322179179529
A00028400.npy,40,11,0.282,0.5,cs,33.681751414317866,0.9732516413412886
A00028400.npy,40,11,0.282,0.5,ddnm,34.843885414536814,0.977810534802024
A00028400.npy,46,17,0.436,0.2,zerofill,20.215264251811394,0.5542763246813808
A00028400.npy,46,17,0.436,0.2,cs,28.14388765441975,0.8560789659582664
A00028400.npy,46,17,0.436,0.2,ddnm,31.364948468159703,0.9305787757219278
A00028400.npy,46,17,0.436,0.3,zerofill,20.239604514257742,0.6061262061441389
A00028400.npy,46,17,0.436,0.3,cs,31.55017228571264,0.9104124098491585
A00028400.npy,46,17,0.436,0.3,ddnm,35.438008476428095,0.9620901689682235
A00028400.npy,46,17,0.436,0.5,zerofill,24.686002500754157,0.7320664395545261
A00028400.npy,46,17,0.436,0.5,cs,34.492320532353475,0.9722290561384042
A00028400.npy,46,17,0.436,0.5,ddnm,35.66603071366731,0.9718628299913878
A00028400.npy,51,22,0.564,0.2,zerofill,19.499283702003567,0.520877769547082
A00028400.npy,51,22,0.564,0.2,cs,27.874187898593096,0.8302810513096577
A00028400.npy,51,22,0.564,0.2,ddnm,32.70161520384841,0.9382046280176978
A00028400.npy,51,22,0.564,0.3,zerofill,21.238817984393336,0.6023749401354019
A00028400.npy,51,22,0.564,0.3,cs,31.333531633236657,0.9167447573605707
A00028400.npy,51,22,0.564,0.3,ddnm,34.678532105561814,0.9585828278068572
A00028400.npy,51,22,0.564,0.5,zerofill,23.9394722668931,0.7622672992750623
A00028400.npy,51,22,0.564,0.5,cs,35.859825792444965,0.9739122881271992
A00028400.npy,51,22,0.564,0.5,ddnm,38.522630085601534,0.9828402647702036
A00028400.npy,57,28,0.718,0.2,zerofill,13.074411129870114,0.408058381371987
A00028400.npy,57,28,0.718,0.2,cs,13.570172713509063,0.6237280932905819
A00028400.npy,57,28,0.718,0.2,ddnm,23.339025302918316,0.7485692623057356
A00028400.npy,57,28,0.718,0.3,zerofill,20.25618681563619,0.5731915146960191
A00028400.npy,57,28,0.718,0.3,cs,30.06737178896325,0.9117233031448122
A00028400.npy,57,28,0.718,0.3,ddnm,34.910561092996794,0.9602976830751785
A00028400.npy,57,28,0.718,0.5,zerofill,26.33406507903753,0.7775191638036287
A00028400.npy,57,28,0.718,0.5,cs,35.32318977810545,0.9794563793889364
A00028400.npy,57,28,0.718,0.5,ddnm,37.37874793460465,0.9808964629073644
A00028400.npy,62,33,0.846,0.2,zerofill,12.770128903797726,0.42273894336333495
A00028400.npy,62,33,0.846,0.2,cs,14.144855077461106,0.6918352782477001
A00028400.npy,62,33,0.846,0.2,ddnm,15.240790780849098,0.7478835764789699
A00028400.npy,62,33,0.846,0.3,zerofill,21.794886579347352,0.606646922312255
A00028400.npy,62,33,0.846,0.3,cs,29.919196590279146,0.9341603060626145
A00028400.npy,62,33,0.846,0.3,ddnm,34.34291981869087,0.9622294798501394
A00028400.npy,62,33,0.846,0.5,zerofill,21.707305906510843,0.6759303786959289
A00028400.npy,62,33,0.846,0.5,cs,35.54578584639225,0.9653204239622556
A00028400.npy,62,33,0.846,0.5,ddnm,40.41169140040434,0.9883334504175622
A00028400.npy,68,39,1.0,0.2,zerofill,12.182035629202897,0.40663562906851597
A00028400.npy,68,39,1.0,0.2,cs,12.88964177039565,0.5805024112027286
A00028400.npy,68,39,1.0,0.2,ddnm,29.755276988905987,0.8537530302032789
A00028400.npy,68,39,1.0,0.3,zerofill,12.852899926175755,0.4610505370068897
A00028400.npy,68,39,1.0,0.3,cs,13.086053046825665,0.6485333908120262
A00028400.npy,68,39,1.0,0.3,ddnm,33.83777032518699,0.9249504086183816
A00028400.npy,68,39,1.0,0.5,zerofill,27.276924594549357,0.79212582003134
A00028400.npy,68,39,1.0,0.5,cs,34.3089355517425,0.9795047953961133
A00028400.npy,68,39,1.0,0.5,ddnm,36.94764402628194,0.9814330292257434
A00028678.npy,29,0,0.0,0.2,zerofill,11.09193762298627,0.3543583387351204
A00028678.npy,29,0,0.0,0.2,cs,11.37253990289214,0.5125153443444486
A00028678.npy,29,0,0.0,0.2,ddnm,28.838722254132236,0.8261396055848399
A00028678.npy,29,0,0.0,0.3,zerofill,10.551590877212595,0.3452531840137877
A00028678.npy,29,0,0.0,0.3,cs,11.830408834475874,0.5594591612548558
A00028678.npy,29,0,0.0,0.3,ddnm,11.166389369761443,0.5172363680939389
A00028678.npy,29,0,0.0,0.5,zerofill,27.617092191127952,0.7462076976769187
A00028678.npy,29,0,0.0,0.5,cs,35.30229904331298,0.9809734343208956
A00028678.npy,29,0,0.0,0.5,ddnm,34.08393169162218,0.973721828424812
A00028678.npy,35,6,0.154,0.2,zerofill,11.704171709577984,0.34686249381116846
A00028678.npy,35,6,0.154,0.2,cs,12.14352737807982,0.5132298198414683
A00028678.npy,35,6,0.154,0.2,ddnm,20.1704878550083,0.591417982339094
A00028678.npy,35,6,0.154,0.3,zerofill,11.84018692881413,0.4019026842885622
A00028678.npy,35,6,0.154,0.3,cs,12.188021377150346,0.5688754221392252
A00028678.npy,35,6,0.154,0.3,ddnm,31.752385571254983,0.8416150901461602
A00028678.npy,35,6,0.154,0.5,zerofill,27.623514057551276,0.7886995023511424
A00028678.npy,35,6,0.154,0.5,cs,34.97190797810511,0.975240736346801
A00028678.npy,35,6,0.154,0.5,ddnm,36.236982577055265,0.9787884168216728
A00028678.npy,40,11,0.282,0.2,zerofill,17.857950838542354,0.4685938371077716
A00028678.npy,40,11,0.282,0.2,cs,26.47718621831878,0.8097708859142778
A00028678.npy,40,11,0.282,0.2,ddnm,28.178616834796507,0.8758363924025528
A00028678.npy,40,11,0.282,0.3,zerofill,21.741785961822153,0.5833444759717437
A00028678.npy,40,11,0.282,0.3,cs,30.10411520097465,0.9069637499000798
A00028678.npy,40,11,0.282,0.3,ddnm,31.25875670900693,0.9354494643592604
A00028678.npy,40,11,0.282,0.5,zerofill,25.939146220120254,0.7447032842360991
A00028678.npy,40,11,0.282,0.5,cs,33.954271498493746,0.9756493456271251
A00028678.npy,40,11,0.282,0.5,ddnm,34.529824420936016,0.9757134554824083
A00028678.npy,46,17,0.436,0.2,zerofill,12.66876432084816,0.4091500638093563
A00028678.npy,46,17,0.436,0.2,cs,13.758149832049575,0.6195795670175562
A00028678.npy,46,17,0.436,0.2,ddnm,24.58944829686882,0.7938098727611065
A00028678.npy,46,17,0.436,0.3,zerofill,13.492449746334863,0.46821806795703247
A00028678.npy,46,17,0.436,0.3,cs,13.415661003113154,0.6495034332972026
A00028678.npy,46,17,0.436,0.3,ddnm,29.259008560678392,0.8598099070178429
A00028678.npy,46,17,0.436,0.5,zerofill,26.87847554848235,0.7901690092273917
A00028678.npy,46,17,0.436,0.5,cs,33.37162533902299,0.9719471876394105
A00028678.npy,46,17,0.436,0.5,ddnm,34.03490176156445,0.9702610194891315
A00028678.npy,51,22,0.564,0.2,zerofill,19.404109131682866,0.49372087397038433
A00028678.npy,51,22,0.564,0.2,cs,27.073229475547684,0.8054219712991316
A00028678.npy,51,22,0.564,0.2,ddnm,31.01351513600319,0.892104872526164
A00028678.npy,51,22,0.564,0.3,zerofill,13.147172374938442,0.5030883322732879
A00028678.npy,51,22,0.564,0.3,cs,13.231059056777049,0.683962552666345
A00028678.npy,51,22,0.564,0.3,ddnm,34.01462449275496,0.9309258224646336
A00028678.npy,51,22,0.564,0.5,zerofill,26.034999163023834,0.7220847696729855
A00028678.npy,51,22,0.564,0.5,cs,35.65074868178216,0.9731455378372545
A00028678.npy,51,22,0.564,0.5,ddnm,38.59816884364776,0.9838162500214045
A00028678.npy,57,28,0.718,0.2,zerofill,12.994211325871179,0.4149384918621848
A00028678.npy,57,28,0.718,0.2,cs,13.104134977834704,0.5908203707959266
A00028678.npy,57,28,0.718,0.2,ddnm,31.297702972240064,0.8794789054350679
A00028678.npy,57,28,0.718,0.3,zerofill,13.278174164541571,0.4751515911097365
A00028678.npy,57,28,0.718,0.3,cs,13.147534644393257,0.6412154196724623
A00028678.npy,57,28,0.718,0.3,ddnm,33.31064158927247,0.9085655902116666
A00028678.npy,57,28,0.718,0.5,zerofill,26.476644528630096,0.771756251461419
A00028678.npy,57,28,0.718,0.5,cs,35.11535993905798,0.9756808195146013
A00028678.npy,57,28,0.718,0.5,ddnm,39.15068625913871,0.9858874302538644
A00028678.npy,62,33,0.846,0.2,zerofill,12.398431194113968,0.41366971339600533
A00028678.npy,62,33,0.846,0.2,cs,13.55024663471761,0.6233370621157893
A00028678.npy,62,33,0.846,0.2,ddnm,17.93990981438333,0.7384023629040707
A00028678.npy,62,33,0.846,0.3,zerofill,13.208042596789085,0.4711573990416047
A00028678.npy,62,33,0.846,0.3,cs,13.200889852133669,0.6623670164182197
A00028678.npy,62,33,0.846,0.3,ddnm,29.024312336189336,0.8702400314830118
A00028678.npy,62,33,0.846,0.5,zerofill,27.669039028541267,0.7954545225353661
A00028678.npy,62,33,0.846,0.5,cs,35.26801093994146,0.9771279256227228
A00028678.npy,62,33,0.846,0.5,ddnm,38.28507622490711,0.980894375931861
A00028678.npy,68,39,1.0,0.2,zerofill,11.995953768698763,0.39801174588388333
A00028678.npy,68,39,1.0,0.2,cs,12.82895307873886,0.5941145337001349
A00028678.npy,68,39,1.0,0.2,ddnm,24.117802544566686,0.7533934983915391
A00028678.npy,68,39,1.0,0.3,zerofill,12.896957774448357,0.4725168687159905
A00028678.npy,68,39,1.0,0.3,cs,12.981601361022445,0.6636276634910632
A00028678.npy,68,39,1.0,0.3,ddnm,31.35522810452334,0.9175273547631315
A00028678.npy,68,39,1.0,0.5,zerofill,25.554841342404174,0.7170220509295879
A00028678.npy,68,39,1.0,0.5,cs,35.327047369427376,0.9785315486187257
A00028678.npy,68,39,1.0,0.5,ddnm,38.1111135461557,0.9820809207298011
A00028691.npy,29,0,0.0,0.2,zerofill,10.947029910275488,0.34853511087189926
A00028691.npy,29,0,0.0,0.2,cs,11.23093463541813,0.5016838512846982
A00028691.npy,29,0,0.0,0.2,ddnm,31.065334472525976,0.8544932345738817
A00028691.npy,29,0,0.0,0.3,zerofill,20.347252202915072,0.502720381368897
A00028691.npy,29,0,0.0,0.3,cs,31.92961982852463,0.937982757053959
A00028691.npy,29,0,0.0,0.3,ddnm,33.71220190578947,0.9579353182827135
A00028691.npy,29,0,0.0,0.5,zerofill,11.535765605866093,0.4568539276338615
A00028691.npy,29,0,0.0,0.5,cs,11.240794677499935,0.5423575019223479
A00028691.npy,29,0,0.0,0.5,ddnm,22.956356047672934,0.7359921519819885
A00028691.npy,35,6,0.154,0.2,zerofill,19.058176260805833,0.47710644466476454
A00028691.npy,35,6,0.154,0.2,cs,26.848718141691307,0.810780365499589
A00028691.npy,35,6,0.154,0.2,ddnm,30.122643052180322,0.9120201993692597
A00028691.npy,35,6,0.154,0.3,zerofill,17.77259658775769,0.5437063060807327
A00028691.npy,35,6,0.154,0.3,cs,31.361017918637724,0.9108934613548918
A00028691.npy,35,6,0.154,0.3,ddnm,31.541964281873774,0.9324717355436037
A00028691.npy,35,6,0.154,0.5,zerofill,27.896856808988247,0.7928650306233147
A00028691.npy,35,6,0.154,0.5,cs,36.91399226592122,0.9774017570937266
A00028691.npy,35,6,0.154,0.5,ddnm,39.63133610167931,0.9866970636148794
A00028691.npy,40,11,0.282,0.2,zerofill,12.959227216864537,0.41549899153449565
A00028691.npy,40,11,0.282,0.2,cs,12.961904889301042,0.6006674558845512
A00028691.npy,40,11,0.282,0.2,ddnm,29.784196223184676,0.87559340927861
A00028691.npy,40,11,0.282,0.3,zerofill,13.008258748577713,0.4630134034774593
A00028691.npy,40,11,0.282,0.3,cs,13.021202315111848,0.6713911117203732
A00028691.npy,40,11,0.282,0.3,ddnm,28.544785015266566,0.8723231724878131
A00028691.npy,40,11,0.282,0.5,zerofill,26.217137550828514,0.7362951019282838
A00028691.npy,40,11,0.282,0.5,cs,35.077351605617274,0.9774030082065935
A00028691.npy,40,11,0.282,0.5,ddnm,37.1490514525128,0.9833302184983436
A00028691.npy,46,17,0.436,0.2,zerofill,17.472066481057283,0.46121779641712535
A00028691.npy,46,17,0.436,0.2,cs,23.934559285754496,0.7615644809607496
A00028691.npy,46,17,0.436,0.2,ddnm,32.23715020557388,0.9000091894267708
A00028691.npy,46,17,0.436,0.3,zerofill,12.649523902583095,0.4352229355781136
A00028691.npy,46,17,0.436,0.3,cs,12.652173958732213,0.6545973814739212
A00028691.npy,46,17,0.436,0.3,ddnm,34.74077280876259,0.9364952076706025
A00028691.npy,46,17,0.436,0.5,zerofill,23.722088677395362,0.7119851648608766
A00028691.npy,46,17,0.436,0.5,cs,38.09853541400733,0.9762452446270681
A00028691.npy,46,17,0.436,0.5,ddnm,41.95061856790625,0.9907550869874499
A00028691.npy,51,22,0.564,0.2,zerofill,12.130145583990489,0.39939423773650806
A00028691.npy,51,22,0.564,0.2,cs,12.234190729379712,0.593832535922063
A00028691.npy,51,22,0.564,0.2,ddnm,27.43616849507863,0.8444160025957766
A00028691.npy,51,22,0.564,0.3,zerofill,19.728852058928016,0.5522024576268276
A00028691.npy,51,22,0.564,0.3,cs,32.297328567483405,0.9061463869371279
A00028691.npy,51,22,0.564,0.3,ddnm,36.19830509991888,0.9732215388051543
A00028691.npy,51,22,0.564,0.5,zerofill,24.483688796775734,0.6976182084121589
A00028691.npy,51,22,0.564,0.5,cs,38.2996484730796,0.981325526850674
A00028691.npy,51,22,0.564,0.5,ddnm,41.655761937279564,0.9886276655077325
A00028691.npy,57,28,0.718,0.2,zerofill,19.038072722049773,0.5169591907615931
A00028691.npy,57,28,0.718,0.2,cs,28.55095513777934,0.857958320110788
A00028691.npy,57,28,0.718,0.2,ddnm,33.19394338624464,0.9521719960276076
A00028691.npy,57,28,0.718,0.3,zerofill,12.60339557710719,0.4726496078307108
A00028691.npy,57,28,0.718,0.3,cs,12.466757975706157,0.658515155558272
A00028691.npy,57,28,0.718,0.3,ddnm,25.891436389966827,0.8520468942918888
A00028691.npy,57,28,0.718,0.5,zerofill,24.179719994555438,0.7172677433123855
A00028691.npy,57,28,0.718,0.5,cs,36.09358745452841,0.9783682567366538
A00028691.npy,57,28,0.718,0.5,ddnm,40.60715094857965,0.9892399651217416
A00028691.npy,62,33,0.846,0.2,zerofill,19.735332433602853,0.5464148124165714
A00028691.npy,62,33,0.846,0.2,cs,29.477329127000914,0.8814516765854149
A00028691.npy,62,33,0.846,0.2,ddnm,32.539030245587384,0.9458659618083779
A00028691.npy,62,33,0.846,0.3,zerofill,17.94807748872981,0.5059998912301201
A00028691.npy,62,33,0.846,0.3,cs,29.64115129643273,0.8956043686646666
A00028691.npy,62,33,0.846,0.3,ddnm,35.66402969963968,0.955651337909093
A00028691.npy,62,33,0.846,0.5,zerofill,23.811884800279902,0.6858416279314444
A00028691.npy,62,33,0.846,0.5,cs,36.52204203230638,0.9792597284843383
A00028691.npy,62,33,0.846,0.5,ddnm,42.592691402017444,0.9918619010580448
A00028691.npy,68,39,1.0,0.2,zerofill,16.857818270590258,0.4343740359861931
A00028691.npy,68,39,1.0,0.2,cs,26.161189423296655,0.8002917188480276
A00028691.npy,68,39,1.0,0.2,ddnm,32.810687089448706,0.9424872786663643
A00028691.npy,68,39,1.0,0.3,zerofill,19.33754591324224,0.5304473440120414
A00028691.npy,68,39,1.0,0.3,cs,30.795255550345413,0.9083187371788727
A00028691.npy,68,39,1.0,0.3,ddnm,35.621630975925,0.9804506759366756
A00028691.npy,68,39,1.0,0.5,zerofill,26.053585680218244,0.734774369096886
A00028691.npy,68,39,1.0,0.5,cs,34.687456582683,0.9824547923298428
A00028691.npy,68,39,1.0,0.5,ddnm,38.307587194040956,0.987764442064723
A00029230.npy,29,0,0.0,0.2,zerofill,10.660219037784318,0.34882804932491995
A00029230.npy,29,0,0.0,0.2,cs,11.100296161288226,0.48201019668274553
A00029230.npy,29,0,0.0,0.2,ddnm,29.006163124273332,0.7337947493149741
A00029230.npy,29,0,0.0,0.3,zerofill,21.467416845675036,0.5551866970323049
A00029230.npy,29,0,0.0,0.3,cs,33.12138332893568,0.9399744396452616
A00029230.npy,29,0,0.0,0.3,ddnm,34.44675685190664,0.9643652369196907
A00029230.npy,29,0,0.0,0.5,zerofill,23.28799797570926,0.6335338394650845
A00029230.npy,29,0,0.0,0.5,cs,37.876716399524554,0.9800253638382466
A00029230.npy,29,0,0.0,0.5,ddnm,36.6172437181999,0.9816264196473468
A00029230.npy,35,6,0.154,0.2,zerofill,18.728450981251715,0.4358481475939873
A00029230.npy,35,6,0.154,0.2,cs,29.511746157965536,0.8712295164358901
A00029230.npy,35,6,0.154,0.2,ddnm,29.937987478608036,0.9271103515640378
A00029230.npy,35,6,0.154,0.3,zerofill,17.641738055876854,0.4916579829603502
A00029230.npy,35,6,0.154,0.3,cs,32.820867747580216,0.906813762254074
A00029230.npy,35,6,0.154,0.3,ddnm,34.44624992516246,0.9659560160594773
A00029230.npy,35,6,0.154,0.5,zerofill,27.814657268970073,0.7385619239329999
A00029230.npy,35,6,0.154,0.5,cs,37.442190819297004,0.9818621098883079
A00029230.npy,35,6,0.154,0.5,ddnm,39.45258504796365,0.9819989384934646
A00029230.npy,40,11,0.282,0.2,zerofill,10.842390454797153,0.3106950606236359
A00029230.npy,40,11,0.282,0.2,cs,11.688510509663505,0.5017732350315685
A00029230.npy,40,11,0.282,0.2,ddnm,31.425667874072957,0.8019967329701135
A00029230.npy,40,11,0.282,0.3,zerofill,19.359498888358466,0.47807946155572545
A00029230.npy,40,11,0.282,0.3,cs,33.32709676200227,0.916665136994325
A00029230.npy,40,11,0.282,0.3,ddnm,35.82979125467699,0.9663612167622511
A00029230.npy,40,11,0.282,0.5,zerofill,28.50935694083402,0.7678079612827686
A00029230.npy,40,11,0.282,0.5,cs,36.133783657079604,0.9824866572276331
A00029230.npy,40,11,0.282,0.5,ddnm,35.64498272045161,0.9755042609997701
A00029230.npy,46,17,0.436,0.2,zerofill,11.044352750742041,0.3466935519356164
A00029230.npy,46,17,0.436,0.2,cs,11.792185764658816,0.5054712918099961
A00029230.npy,46,17,0.436,0.2,ddnm,29.118706112878698,0.7699268133905375
A00029230.npy,46,17,0.436,0.3,zerofill,11.848723971185063,0.3960070142290881
A00029230.npy,46,17,0.436,0.3,cs,11.879346341888708,0.5610976388407338
A00029230.npy,46,17,0.436,0.3,ddnm,30.898338340102484,0.8228690533562634
A00029230.npy,46,17,0.436,0.5,zerofill,11.959485714741245,0.5078648808110319
A00029230.npy,46,17,0.436,0.5,cs,11.890489088224928,0.5913669272430178
A00029230.npy,46,17,0.436,0.5,ddnm,35.63534425568052,0.8981393715028833
A00029230.npy,51,22,0.564,0.2,zerofill,12.026661107095823,0.4035149945963404
A00029230.npy,51,22,0.564,0.2,cs,12.25580762352939,0.5661934068911478
A00029230.npy,51,22,0.564,0.2,ddnm,28.050002575131362,0.774175334436475
A00029230.npy,51,22,0.564,0.3,zerofill,12.139936457327313,0.40241512711098504
A00029230.npy,51,22,0.564,0.3,cs,12.298533188739063,0.5806612692987159
A00029230.npy,51,22,0.564,0.3,ddnm,31.408821284824405,0.8375796165184144
A00029230.npy,51,22,0.564,0.5,zerofill,26.92819051893843,0.7187049066449471
A00029230.npy,51,22,0.564,0.5,cs,37.4226473004815,0.9832947341241173
A00029230.npy,51,22,0.564,0.5,ddnm,37.2780604927243,0.9832564661040546
A00029230.npy,57,28,0.718,0.2,zerofill,11.806694022720164,0.379458062505212
A00029230.npy,57,28,0.718,0.2,cs,12.586600568397285,0.5831036723648892
A00029230.npy,57,28,0.718,0.2,ddnm,28.54690826697468,0.821420899159091
A00029230.npy,57,28,0.718,0.3,zerofill,11.327593515257702,0.36762391419759605
A00029230.npy,57,28,0.718,0.3,cs,12.832859710701495,0.608457773162541
A00029230.npy,57,28,0.718,0.3,ddnm,10.299544345606723,0.5695450602102305
A00029230.npy,57,28,0.718,0.5,zerofill,27.403115582643792,0.753640021658216
A00029230.npy,57,28,0.718,0.5,cs,37.511343805846245,0.9840624102883619
A00029230.npy,57,28,0.718,0.5,ddnm,37.67658354829798,0.9839013812162966
A00029230.npy,62,33,0.846,0.2,zerofill,16.81488792253768,0.41029434592084163
A00029230.npy,62,33,0.846,0.2,cs,26.97659154940029,0.8007272860693934
A00029230.npy,62,33,0.846,0.2,ddnm,31.759848027202562,0.9091277212170833
A00029230.npy,62,33,0.846,0.3,zerofill,21.172183358041764,0.5643203295952364
A00029230.npy,62,33,0.846,0.3,cs,31.210245044488325,0.9353424626557986
A00029230.npy,62,33,0.846,0.3,ddnm,35.18969689082384,0.9716766070803786
A00029230.npy,62,33,0.846,0.5,zerofill,23.548825874944427,0.6641877250780245
A00029230.npy,62,33,0.846,0.5,cs,36.48699963211174,0.978158263506123
A00029230.npy,62,33,0.846,0.5,ddnm,39.060093596321835,0.9831451769078235
A00029230.npy,68,39,1.0,0.2,zerofill,11.983272389382176,0.3645088705729003
A00029230.npy,68,39,1.0,0.2,cs,12.594334677005705,0.5699249473801619
A00029230.npy,68,39,1.0,0.2,ddnm,31.668910695260507,0.8423048076999504
A00029230.npy,68,39,1.0,0.3,zerofill,11.895505828653587,0.4060053305499881
A00029230.npy,68,39,1.0,0.3,cs,13.054466685844197,0.6345905546909983
A00029230.npy,68,39,1.0,0.3,ddnm,13.996718648210834,0.6278192838961933
A00029230.npy,68,39,1.0,0.5,zerofill,25.69124448669951,0.6967428547093804
A00029230.npy,68,39,1.0,0.5,cs,36.68032608877182,0.9804116723614974
A00029230.npy,68,39,1.0,0.5,ddnm,38.45117275827974,0.9822988697067123
A00031411.npy,29,0,0.0,0.2,zerofill,16.40748843069912,0.4041618921542919
A00031411.npy,29,0,0.0,0.2,cs,24.977041126663238,0.7823437064074158
A00031411.npy,29,0,0.0,0.2,ddnm,30.93234219432845,0.9107374851810888
A00031411.npy,29,0,0.0,0.3,zerofill,19.729749825794677,0.49873300947508487
A00031411.npy,29,0,0.0,0.3,cs,32.64397115631493,0.9301707418943342
A00031411.npy,29,0,0.0,0.3,ddnm,30.672695779764723,0.9352300248827883
A00031411.npy,29,0,0.0,0.5,zerofill,23.499943295074065,0.6271838862998314
A00031411.npy,29,0,0.0,0.5,cs,38.17681993457582,0.9807290631944343
A00031411.npy,29,0,0.0,0.5,ddnm,38.78833244926241,0.9841271088396276
A00031411.npy,35,6,0.154,0.2,zerofill,10.958071661894444,0.3485510546423312
A00031411.npy,35,6,0.154,0.2,cs,12.365298359065493,0.5575336397040257
A00031411.npy,35,6,0.154,0.2,ddnm,13.22426143019854,0.6379664267411058
A00031411.npy,35,6,0.154,0.3,zerofill,16.261472934409774,0.4683253503781013
A00031411.npy,35,6,0.154,0.3,cs,27.523726190857296,0.8924528388384088
A00031411.npy,35,6,0.154,0.3,ddnm,33.079376920567974,0.9163696704579037
A00031411.npy,35,6,0.154,0.5,zerofill,25.210422245709164,0.707305808401859
A00031411.npy,35,6,0.154,0.5,cs,37.376798924918226,0.9777113569620571
A00031411.npy,35,6,0.154,0.5,ddnm,37.929044066308855,0.981572970279408
A00031411.npy,40,11,0.282,0.2,zerofill,12.213444770440292,0.40194009409184694
A00031411.npy,40,11,0.282,0.2,cs,12.376810705805273,0.5744811043616036
A00031411.npy,40,11,0.282,0.2,ddnm,25.9929632733553,0.7508261356926009
A00031411.npy,40,11,0.282,0.3,zerofill,20.32559846945736,0.5445819390553478
A00031411.npy,40,11,0.282,0.3,cs,32.774861272184744,0.8879868366671197
A00031411.npy,40,11,0.282,0.3,ddnm,37.14371470722134,0.9686745080142789
A00031411.npy,40,11,0.282,0.5,zerofill,27.513823388212604,0.7475167472879468
A00031411.npy,40,11,0.282,0.5,cs,36.23517425843366,0.9783529915362076
A00031411.npy,40,11,0.282,0.5,ddnm,38.527095864900495,0.983316748036841
A00031411.npy,46,17,0.436,0.2,zerofill,12.383801564189085,0.39373437601821387
A00031411.npy,46,17,0.436,0.2,cs,12.616786531203184,0.6021495050084609
A00031411.npy,46,17,0.436,0.2,ddnm,34.74057505789956,0.9199170413051873
A00031411.npy,46,17,0.436,0.3,zerofill,12.563935049199593,0.4449886380302139
A00031411.npy,46,17,0.436,0.3,cs,12.633552227659788,0.6472657144236926
A00031411.npy,46,17,0.436,0.3,ddnm,24.51701122763933,0.8054326809303236
A00031411.npy,46,17,0.436,0.5,zerofill,26.40452782206537,0.7080627303711046
A00031411.npy,46,17,0.436,0.5,cs,37.68163804367556,0.9791423742552017
A00031411.npy,46,17,0.436,0.5,ddnm,41.255534742581204,0.9878579419776017
A00031411.npy,51,22,0.564,0.2,zerofill,12.547134464967291,0.4042805861338189
A00031411.npy,51,22,0.564,0.2,cs,12.94917313664725,0.624641715802232
A00031411.npy,51,22,0.564,0.2,ddnm,32.88420904120433,0.8993250669366376
A00031411.npy,51,22,0.564,0.3,zerofill,12.807280591138479,0.4307808806373647
A00031411.npy,51,22,0.564,0.3,cs,12.944294072805551,0.6535500629817824
A00031411.npy,51,22,0.564,0.3,ddnm,36.41672905196203,0.9314201930935778
A00031411.npy,51,22,0.564,0.5,zerofill,26.161959261471743,0.7171969340904673
A00031411.npy,51,22,0.564,0.5,cs,36.880979986072965,0.9764505696133303
A00031411.npy,51,22,0.564,0.5,ddnm,38.87155193915211,0.9833235766771691
A00031411.npy,57,28,0.718,0.2,zerofill,11.742150492086555,0.38086123747909845
A00031411.npy,57,28,0.718,0.2,cs,13.283233811971618,0.6001431511543909
A00031411.npy,57,28,0.718,0.2,ddnm,20.79455684320997,0.8046338516038469
A00031411.npy,57,28,0.718,0.3,zerofill,12.801267045341863,0.4230304083587341
A00031411.npy,57,28,0.718,0.3,cs,13.05053215342684,0.6400864686358136
A00031411.npy,57,28,0.718,0.3,ddnm,28.3696096774717,0.8429820008202487
A00031411.npy,57,28,0.718,0.5,zerofill,27.921590108883546,0.7889475162358526
A00031411.npy,57,28,0.718,0.5,cs,37.06283799929903,0.9829070364049736
A00031411.npy,57,28,0.718,0.5,ddnm,38.9407331868966,0.9832679060230458
A00031411.npy,62,33,0.846,0.2,zerofill,15.721503804409423,0.40991419374402305
A00031411.npy,62,33,0.846,0.2,cs,24.133722451395755,0.7302246545920438
A00031411.npy,62,33,0.846,0.2,ddnm,31.05269614437972,0.8532119792548439
A00031411.npy,62,33,0.846,0.3,zerofill,12.713509716975715,0.40543034129354927
A00031411.npy,62,33,0.846,0.3,cs,12.85799567774172,0.6249932126296779
A00031411.npy,62,33,0.846,0.3,ddnm,33.138228718153286,0.8789878676374395
A00031411.npy,62,33,0.846,0.5,zerofill,23.3529600777478,0.6460174321060113
A00031411.npy,62,33,0.846,0.5,cs,37.833069967850705,0.9755569924809413
A00031411.npy,62,33,0.846,0.5,ddnm,41.19185404767216,0.9883546706802644
A00031411.npy,68,39,1.0,0.2,zerofill,18.841789988926585,0.47806834408518945
A00031411.npy,68,39,1.0,0.2,cs,28.793370143382152,0.8419313986000556
A00031411.npy,68,39,1.0,0.2,ddnm,33.41535818326709,0.9534510051017165
A00031411.npy,68,39,1.0,0.3,zerofill,19.63929285485974,0.5248947085058785
A00031411.npy,68,39,1.0,0.3,cs,31.941346125745884,0.8839517646098499
A00031411.npy,68,39,1.0,0.3,ddnm,37.64363496430882,0.9812498782646012
A00031411.npy,68,39,1.0,0.5,zerofill,27.434558644461227,0.7711462569540656
A00031411.npy,68,39,1.0,0.5,cs,35.48344667600913,0.9803771456742089
A00031411.npy,68,39,1.0,0.5,ddnm,37.883000780125,0.980412688155355
A00031604.npy,29,0,0.0,0.2,zerofill,11.677418355766186,0.3390482656158009
A00031604.npy,29,0,0.0,0.2,cs,13.067796112515746,0.5957807077314806
A00031604.npy,29,0,0.0,0.2,ddnm,18.74479268166362,0.7431952861013545
A00031604.npy,29,0,0.0,0.3,zerofill,20.224709141996343,0.559492248834827
A00031604.npy,29,0,0.0,0.3,cs,31.85456900138815,0.9188874101477008
A00031604.npy,29,0,0.0,0.3,ddnm,31.90478483775908,0.9525278267585536
A00031604.npy,29,0,0.0,0.5,zerofill,25.93609621585738,0.7272304021291276
A00031604.npy,29,0,0.0,0.5,cs,36.1001988278357,0.9798589288964127
A00031604.npy,29,0,0.0,0.5,ddnm,37.40228319140685,0.9827710270553275
A00031604.npy,35,6,0.154,0.2,zerofill,12.34782807874902,0.3701530244718828
A00031604.npy,35,6,0.154,0.2,cs,13.014875091723175,0.5679177011826312
A00031604.npy,35,6,0.154,0.2,ddnm,25.658011301559046,0.7846980133603606
A00031604.npy,35,6,0.154,0.3,zerofill,12.634390253204835,0.44645274306855587
A00031604.npy,35,6,0.154,0.3,cs,13.679525738393938,0.6984116881344868
A00031604.npy,35,6,0.154,0.3,ddnm,23.780996222369804,0.8765920200809392
A00031604.npy,35,6,0.154,0.5,zerofill,26.262838635981808,0.7613151477844031
A00031604.npy,35,6,0.154,0.5,cs,36.23783455838527,0.9813076895400101
A00031604.npy,35,6,0.154,0.5,ddnm,37.16996079693857,0.9844443954205007
A00031604.npy,40,11,0.282,0.2,zerofill,17.009267744774967,0.484073931827979
A00031604.npy,40,11,0.282,0.2,cs,26.533043056324775,0.8334824899418639
A00031604.npy,40,11,0.282,0.2,ddnm,31.89234957131639,0.9117871592803944
A00031604.npy,40,11,0.282,0.3,zerofill,13.787727696696226,0.49527306426740286
A00031604.npy,40,11,0.282,0.3,cs,13.56801053183518,0.6951727202085402
A00031604.npy,40,11,0.282,0.3,ddnm,35.119738006729555,0.9435258425313662
A00031604.npy,40,11,0.282,0.5,zerofill,25.247377283668953,0.7217905397846788
A00031604.npy,40,11,0.282,0.5,cs,36.760454007401876,0.9797189448732614
A00031604.npy,40,11,0.282,0.5,ddnm,39.91764408366568,0.9878081548473457
A00031604.npy,46,17,0.436,0.2,zerofill,13.33429471904051,0.40188372316485826
A00031604.npy,46,17,0.436,0.2,cs,13.881355458976646,0.6304195012231142
A00031604.npy,46,17,0.436,0.2,ddnm,32.854395616452365,0.8986856217439282
A00031604.npy,46,17,0.436,0.3,zerofill,13.492536127471194,0.442672582131218
A00031604.npy,46,17,0.436,0.3,cs,13.914523192164342,0.6852407396855102
A00031604.npy,46,17,0.436,0.3,ddnm,34.44197377490119,0.9170602325853626
A00031604.npy,46,17,0.436,0.5,zerofill,25.5729630041912,0.7034064037318298
A00031604.npy,46,17,0.436,0.5,cs,36.11458569994208,0.9806111185933851
A00031604.npy,46,17,0.436,0.5,ddnm,38.79143807851397,0.9864658925024549
A00031604.npy,51,22,0.564,0.2,zerofill,12.460194729108725,0.33031466104761503
A00031604.npy,51,22,0.564,0.2,cs,13.499813722461889,0.5193986880218482
A00031604.npy,51,22,0.564,0.2,ddnm,28.81761330398559,0.8402653740502711
A00031604.npy,51,22,0.564,0.3,zerofill,13.907036456887425,0.500243987379758
A00031604.npy,51,22,0.564,0.3,cs,13.782737137351702,0.7192081960915157
A00031604.npy,51,22,0.564,0.3,ddnm,29.530772774725072,0.8936142727589493
A00031604.npy,51,22,0.564,0.5,zerofill,27.03885944005833,0.7468667775933155
A00031604.npy,51,22,0.564,0.5,cs,36.394261974505795,0.9843762514172174
A00031604.npy,51,22,0.564,0.5,ddnm,39.4046364517621,0.9868163027628171
A00031604.npy,57,28,0.718,0.2,zerofill,12.326193709323995,0.3427809777533306
A00031604.npy,57,28,0.718,0.2,cs,13.325355935010034,0.5627722243879097
A00031604.npy,57,28,0.718,0.2,ddnm,27.71830716857658,0.824755938574011
A00031604.npy,57,28,0.718,0.3,zerofill,19.343974225717496,0.5670106309121745
A00031604.npy,57,28,0.718,0.3,cs,30.780664236243652,0.9103240038097321
A00031604.npy,57,28,0.718,0.3,ddnm,36.36786990027946,0.9781754436679695
A00031604.npy,57,28,0.718,0.5,zerofill,27.16747384852119,0.7771870609627147
A00031604.npy,57,28,0.718,0.5,cs,35.69411309177961,0.985260798642149
A00031604.npy,57,28,0.718,0.5,ddnm,38.56172633040358,0.9851708284703611
A00031604.npy,62,33,0.846,0.2,zerofill,12.184753746623942,0.3802427925876204
A00031604.npy,62,33,0.846,0.2,cs,13.497064737316462,0.614159747923186
A00031604.npy,62,33,0.846,0.2,ddnm,30.26461557773706,0.8474393164074747
A00031604.npy,62,33,0.846,0.3,zerofill,19.549115355682634,0.5684499906485028
A00031604.npy,62,33,0.846,0.3,cs,30.698435721381998,0.9181412669948411
A00031604.npy,62,33,0.846,0.3,ddnm,35.20645743914371,0.9766526289706716
A00031604.npy,62,33,0.846,0.5,zerofill,27.028373132852717,0.7838013450332533
A00031604.npy,62,33,0.846,0.5,cs,35.15902442114519,0.9858768483870647
A00031604.npy,62,33,0.846,0.5,ddnm,37.683139003896784,0.9848068932817687
A00031604.npy,68,39,1.0,0.2,zerofill,11.152194045523771,0.3326214197097278
A00031604.npy,68,39,1.0,0.2,cs,12.4747608787129,0.5199236687707737
A00031604.npy,68,39,1.0,0.2,ddnm,17.32565542152607,0.6850438951207433
A00031604.npy,68,39,1.0,0.3,zerofill,19.146320960455192,0.5280356877397195
A00031604.npy,68,39,1.0,0.3,cs,29.894651254083527,0.8901899558604884
A00031604.npy,68,39,1.0,0.3,ddnm,33.693183500835715,0.9732016209984492
A00031604.npy,68,39,1.0,0.5,zerofill,26.654431232380137,0.7604332675724231
A00031604.npy,68,39,1.0,0.5,cs,35.395708877133,0.9864882087153282
A00031604.npy,68,39,1.0,0.5,ddnm,35.91274425497281,0.9883864987836798
A00031683.npy,29,0,0.0,0.2,zerofill,11.604151862764025,0.37100079551080634
A00031683.npy,29,0,0.0,0.2,cs,11.876724524459334,0.5364294492939978
A00031683.npy,29,0,0.0,0.2,ddnm,30.438478915652073,0.8696910352580043
A00031683.npy,29,0,0.0,0.3,zerofill,20.60786044345523,0.5637975622360905
A00031683.npy,29,0,0.0,0.3,cs,32.26878365736559,0.931068618308069
A00031683.npy,29,0,0.0,0.3,ddnm,33.1849200789599,0.9533710273018258
A00031683.npy,29,0,0.0,0.5,zerofill,24.638068373332402,0.7132696059931173
A00031683.npy,29,0,0.0,0.5,cs,36.530773463584566,0.9749677232943437
A00031683.npy,29,0,0.0,0.5,ddnm,37.2990963152627,0.9763880490543893
A00031683.npy,35,6,0.154,0.2,zerofill,17.146945664034455,0.522785385491841
A00031683.npy,35,6,0.154,0.2,cs,23.708072394383116,0.8297236113463902
A00031683.npy,35,6,0.154,0.2,ddnm,32.87020151372864,0.9482491771037045
A00031683.npy,35,6,0.154,0.3,zerofill,11.806627905030801,0.4120767516927566
A00031683.npy,35,6,0.154,0.3,cs,12.88539383766134,0.6589900265010645
A00031683.npy,35,6,0.154,0.3,ddnm,27.190671118015,0.8383842396564397
A00031683.npy,35,6,0.154,0.5,zerofill,26.923975223184048,0.7533308196803107
A00031683.npy,35,6,0.154,0.5,cs,36.312043504087235,0.9770065581236306
A00031683.npy,35,6,0.154,0.5,ddnm,35.242568640657474,0.9680453311172393
A00031683.npy,40,11,0.282,0.2,zerofill,11.954609517069304,0.39687036831109335
A00031683.npy,40,11,0.282,0.2,cs,13.10515894119684,0.6171818919490989
A00031683.npy,40,11,0.282,0.2,ddnm,13.228530269105715,0.6199340256240053
A00031683.npy,40,11,0.282,0.3,zerofill,12.614744028409032,0.46692530123453113
A00031683.npy,40,11,0.282,0.3,cs,13.720090371441225,0.7096189293973028
A00031683.npy,40,11,0.282,0.3,ddnm,32.64389475986928,0.9333498322737054
A00031683.npy,40,11,0.282,0.5,zerofill,27.41795097943376,0.81920278507111
A00031683.npy,40,11,0.282,0.5,cs,36.93961207595686,0.9771556905386942
A00031683.npy,40,11,0.282,0.5,ddnm,37.34704006358998,0.9794032688151761
A00031683.npy,46,17,0.436,0.2,zerofill,17.990345337537374,0.5549975511261861
A00031683.npy,46,17,0.436,0.2,cs,28.20333040982922,0.8581953419745869
A00031683.npy,46,17,0.436,0.2,ddnm,33.84550383465606,0.9389250647778218
A00031683.npy,46,17,0.436,0.3,zerofill,20.94546798666968,0.6033805986073806
A00031683.npy,46,17,0.436,0.3,cs,31.911467450210658,0.9155328885808054
A00031683.npy,46,17,0.436,0.3,ddnm,35.81356503795589,0.962992798982529
A00031683.npy,46,17,0.436,0.5,zerofill,25.668359002628087,0.7278642106129021
A00031683.npy,46,17,0.436,0.5,cs,36.62937746555128,0.9767434291543579
A00031683.npy,46,17,0.436,0.5,ddnm,39.17045943687712,0.9848078823448413
A00031683.npy,51,22,0.564,0.2,zerofill,12.873135608316499,0.40792947387222145
A00031683.npy,51,22,0.564,0.2,cs,14.032629154416458,0.6501020195256786
A00031683.npy,51,22,0.564,0.2,ddnm,24.858572946916354,0.8557658140772583
A00031683.npy,51,22,0.564,0.3,zerofill,18.539034272936767,0.5653684862091289
A00031683.npy,51,22,0.564,0.3,cs,28.45846234750728,0.914408351153784
A00031683.npy,51,22,0.564,0.3,ddnm,36.59509349928569,0.9615239410935728
A00031683.npy,51,22,0.564,0.5,zerofill,24.35715712204718,0.7584635325169625
A00031683.npy,51,22,0.564,0.5,cs,36.176569248333344,0.9794209170881314
A00031683.npy,51,22,0.564,0.5,ddnm,38.83579496278852,0.9862874078913999
A00031683.npy,57,28,0.718,0.2,zerofill,12.296565530818796,0.4147428916310398
A00031683.npy,57,28,0.718,0.2,cs,13.159444049749862,0.6438721935826781
A00031683.npy,57,28,0.718,0.2,ddnm,31.638482233845707,0.9011887285920465
A00031683.npy,57,28,0.718,0.3,zerofill,22.66603459403114,0.6458197997688864
A00031683.npy,57,28,0.718,0.3,cs,31.659640648529344,0.9394178190552653
A00031683.npy,57,28,0.718,0.3,ddnm,36.0524101569252,0.9727444709532685
A00031683.npy,57,28,0.718,0.5,zerofill,22.16085727070267,0.6863571349814395
A00031683.npy,57,28,0.718,0.5,cs,36.19988900289835,0.9708697109197103
A00031683.npy,57,28,0.718,0.5,ddnm,39.92945036021506,0.9878331602692957
A00031683.npy,62,33,0.846,0.2,zerofill,12.945085113430057,0.3941911026771759
A00031683.npy,62,33,0.846,0.2,cs,13.566974485514748,0.6224571810296143
A00031683.npy,62,33,0.846,0.2,ddnm,30.388513612102788,0.8811027757889544
A00031683.npy,62,33,0.846,0.3,zerofill,13.49898351132327,0.45813340423938315
A00031683.npy,62,33,0.846,0.3,cs,13.62380915847619,0.6894478108062514
A00031683.npy,62,33,0.846,0.3,ddnm,30.631911064654574,0.8916730228163255
A00031683.npy,62,33,0.846,0.5,zerofill,26.50375546395807,0.7790305187630794
A00031683.npy,62,33,0.846,0.5,cs,35.718917700952275,0.9800332224727862
A00031683.npy,62,33,0.846,0.5,ddnm,38.5026293674347,0.9829371892270207
A00031683.npy,68,39,1.0,0.2,zerofill,19.95864271117708,0.5257000939040422
A00031683.npy,68,39,1.0,0.2,cs,27.701380613815182,0.8325500461902746
A00031683.npy,68,39,1.0,0.2,ddnm,31.74556341436231,0.9276288481981355
A00031683.npy,68,39,1.0,0.3,zerofill,17.877226739179385,0.5136440434096969
A00031683.npy,68,39,1.0,0.3,cs,28.937831240843757,0.8927855860663177
A00031683.npy,68,39,1.0,0.3,ddnm,33.422906794870656,0.9550250477005608
A00031683.npy,68,39,1.0,0.5,zerofill,23.975858461604226,0.7084813701930505
A00031683.npy,68,39,1.0,0.5,cs,36.89993138022863,0.9780115939955082
A00031683.npy,68,39,1.0,0.5,ddnm,40.61623345840228,0.990704863670852
A00031893.npy,29,0,0.0,0.2,zerofill,18.983973403945214,0.45305378917543937
A00031893.npy,29,0,0.0,0.2,cs,26.93912089950198,0.8355652506955547
A00031893.npy,29,0,0.0,0.2,ddnm,30.364766392361346,0.9227887273257265
A00031893.npy,29,0,0.0,0.3,zerofill,20.666047829519147,0.5706046972328933
A00031893.npy,29,0,0.0,0.3,cs,33.066739514013435,0.9575668666767068
A00031893.npy,29,0,0.0,0.3,ddnm,33.655802248621335,0.9667823023931919
A00031893.npy,29,0,0.0,0.5,zerofill,26.43056074526349,0.7199334272707394
A00031893.npy,29,0,0.0,0.5,cs,36.3995967639373,0.9823055785811098
A00031893.npy,29,0,0.0,0.5,ddnm,37.70336770118048,0.9820688943473987
A00031893.npy,35,6,0.154,0.2,zerofill,11.833696741336581,0.4030198230675365
A00031893.npy,35,6,0.154,0.2,cs,12.148996533327661,0.5799376920225914
A00031893.npy,35,6,0.154,0.2,ddnm,31.503866821787916,0.8830741746754087
A00031893.npy,35,6,0.154,0.3,zerofill,21.521049492747597,0.589160674756029
A00031893.npy,35,6,0.154,0.3,cs,32.19415646117173,0.9072382164574925
A00031893.npy,35,6,0.154,0.3,ddnm,35.057637234630675,0.9632105410291251
A00031893.npy,35,6,0.154,0.5,zerofill,24.84719513469814,0.6989537811777254
A00031893.npy,35,6,0.154,0.5,cs,35.74491297798366,0.9723944701764956
A00031893.npy,35,6,0.154,0.5,ddnm,35.95171881741998,0.9712199732216735
A00031893.npy,40,11,0.282,0.2,zerofill,11.611055043312685,0.3561712923234541
A00031893.npy,40,11,0.282,0.2,cs,12.63081946093842,0.6033122669726048
A00031893.npy,40,11,0.282,0.2,ddnm,10.549619951640718,0.5697405480472529
A00031893.npy,40,11,0.282,0.3,zerofill,21.222081972024927,0.6181091769426805
A00031893.npy,40,11,0.282,0.3,cs,32.24768060377854,0.9364042652330871
A00031893.npy,40,11,0.282,0.3,ddnm,35.739648163363015,0.9724706426298897
A00031893.npy,40,11,0.282,0.5,zerofill,28.133927871880296,0.782841236889087
A00031893.npy,40,11,0.282,0.5,cs,36.56685198903509,0.9766912431333757
A00031893.npy,40,11,0.282,0.5,ddnm,40.54403607383822,0.9874986045080563
A00031893.npy,46,17,0.436,0.2,zerofill,12.394633791777744,0.4007678868416382
A00031893.npy,46,17,0.436,0.2,cs,13.478090947253952,0.6648470652855046
A00031893.npy,46,17,0.436,0.2,ddnm,26.884117517176005,0.8908426468109162
A00031893.npy,46,17,0.436,0.3,zerofill,13.062269333701085,0.5299372242133461
A00031893.npy,46,17,0.436,0.3,cs,13.015354503266238,0.7053912742778969
A00031893.npy,46,17,0.436,0.3,ddnm,35.2564531051671,0.9609065365824159
A00031893.npy,46,17,0.436,0.5,zerofill,24.97931712585086,0.7655087382864382
A00031893.npy,46,17,0.436,0.5,cs,35.343929318014546,0.9769973252143824
A00031893.npy,46,17,0.436,0.5,ddnm,38.98822879408752,0.9820821762917921
A00031893.npy,51,22,0.564,0.2,zerofill,18.010963325688,0.5284376973810351
A00031893.npy,51,22,0.564,0.2,cs,28.837513934819732,0.8704234223209123
A00031893.npy,51,22,0.564,0.2,ddnm,34.79475108375853,0.9555466661439471
A00031893.npy,51,22,0.564,0.3,zerofill,21.364758363208097,0.5741111430371912
A00031893.npy,51,22,0.564,0.3,cs,31.906301704353407,0.9161787766725971
A00031893.npy,51,22,0.564,0.3,ddnm,36.96360963562094,0.9658090076685849
A00031893.npy,51,22,0.564,0.5,zerofill,27.907874301930597,0.7878928250900739
A00031893.npy,51,22,0.564,0.5,cs,37.625286390649,0.984386468271644
A00031893.npy,51,22,0.564,0.5,ddnm,40.748201302319316,0.9887821368434614
A00031893.npy,57,28,0.718,0.2,zerofill,19.221704268050857,0.5115709494500356
A00031893.npy,57,28,0.718,0.2,cs,29.38326472324527,0.8692905416162031
A00031893.npy,57,28,0.718,0.2,ddnm,34.20199351216271,0.9665082352788049
A00031893.npy,57,28,0.718,0.3,zerofill,22.848451045399525,0.6034899255532599
A00031893.npy,57,28,0.718,0.3,cs,31.39070145789816,0.9441357968463688
A00031893.npy,57,28,0.718,0.3,ddnm,33.93857292802254,0.9676866288051846
A00031893.npy,57,28,0.718,0.5,zerofill,23.834510679229673,0.7350636965050058
A00031893.npy,57,28,0.718,0.5,cs,35.494473695353726,0.9727506774430856
A00031893.npy,57,28,0.718,0.5,ddnm,42.69539558725876,0.9916522202753502
A00031893.npy,62,33,0.846,0.2,zerofill,16.05398079418215,0.4797808320591941
A00031893.npy,62,33,0.846,0.2,cs,24.90966022866349,0.7834948287788479
A00031893.npy,62,33,0.846,0.2,ddnm,32.727843936621085,0.8993609768749725
A00031893.npy,62,33,0.846,0.3,zerofill,20.806061034119065,0.5775183617886569
A00031893.npy,62,33,0.846,0.3,cs,30.087476710411135,0.9154093352233297
A00031893.npy,62,33,0.846,0.3,ddnm,34.137327701964544,0.9630209693894916
A00031893.npy,62,33,0.846,0.5,zerofill,25.476936137564362,0.6806216676151896
A00031893.npy,62,33,0.846,0.5,cs,35.314251091124646,0.9798467068686917
A00031893.npy,62,33,0.846,0.5,ddnm,40.11703018188698,0.985596324072125
A00031893.npy,68,39,1.0,0.2,zerofill,11.752140483269118,0.34255088952943896
A00031893.npy,68,39,1.0,0.2,cs,12.772511942495392,0.5903674144519535
A00031893.npy,68,39,1.0,0.2,ddnm,30.924011731144727,0.8488755428388182
A00031893.npy,68,39,1.0,0.3,zerofill,19.98134314519904,0.5531654488720963
A00031893.npy,68,39,1.0,0.3,cs,30.900731590226698,0.9070923980365506
A00031893.npy,68,39,1.0,0.3,ddnm,35.89322349437239,0.9780537272149983
A00031893.npy,68,39,1.0,0.5,zerofill,26.813448868827603,0.7757238799473208
A00031893.npy,68,39,1.0,0.5,cs,33.861734173406745,0.9785149141213036
A00031893.npy,68,39,1.0,0.5,ddnm,38.191413169511705,0.9850265514470979
A00032876.npy,29,0,0.0,0.2,zerofill,10.323376783412714,0.25932348306622416
A00032876.npy,29,0,0.0,0.2,cs,11.191393479905923,0.4607328078202924
A00032876.npy,29,0,0.0,0.2,ddnm,28.91054451512048,0.7428244235378496
A00032876.npy,29,0,0.0,0.3,zerofill,18.862072474978216,0.4728403861745115
A00032876.npy,29,0,0.0,0.3,cs,33.71193983036603,0.9472205713761731
A00032876.npy,29,0,0.0,0.3,ddnm,34.19452201720768,0.9765845706700894
A00032876.npy,29,0,0.0,0.5,zerofill,27.08300547132708,0.7581586305530593
A00032876.npy,29,0,0.0,0.5,cs,38.05383266765715,0.9888038099076407
A00032876.npy,29,0,0.0,0.5,ddnm,38.53043584901211,0.9885060716639664
A00032876.npy,35,6,0.154,0.2,zerofill,11.40490424891945,0.3456920812880503
A00032876.npy,35,6,0.154,0.2,cs,11.647983875131398,0.5133754119983213
A00032876.npy,35,6,0.154,0.2,ddnm,30.708177081811606,0.8554106808425966
A00032876.npy,35,6,0.154,0.3,zerofill,11.318672806834444,0.3875739592590502
A00032876.npy,35,6,0.154,0.3,cs,11.683984100888331,0.5520070807521534
A00032876.npy,35,6,0.154,0.3,ddnm,19.18714313585123,0.6383384386159273
A00032876.npy,35,6,0.154,0.5,zerofill,20.68987890447566,0.6266025393450809
A00032876.npy,35,6,0.154,0.5,cs,35.17522150781681,0.9522061721311401
A00032876.npy,35,6,0.154,0.5,ddnm,36.000270425570115,0.9808146337112795
A00032876.npy,40,11,0.282,0.2,zerofill,16.52328307653716,0.4080412601431656
A00032876.npy,40,11,0.282,0.2,cs,25.5756115903875,0.7934581908094688
A00032876.npy,40,11,0.282,0.2,ddnm,28.68978684866424,0.878463180357772
A00032876.npy,40,11,0.282,0.3,zerofill,17.95477977405591,0.5269753096703852
A00032876.npy,40,11,0.282,0.3,cs,31.63561917409548,0.9046792807455458
A00032876.npy,40,11,0.282,0.3,ddnm,34.3660922404574,0.9666006831040276
A00032876.npy,40,11,0.282,0.5,zerofill,24.02906529648906,0.6751247070522712
A00032876.npy,40,11,0.282,0.5,cs,36.48719753447117,0.9818382513992442
A00032876.npy,40,11,0.282,0.5,ddnm,36.353013928312336,0.9808117507070151
A00032876.npy,46,17,0.436,0.2,zerofill,19.144638975914184,0.5408205711024386
A00032876.npy,46,17,0.436,0.2,cs,27.161543784401722,0.8446964566465452
A00032876.npy,46,17,0.436,0.2,ddnm,31.020732368659335,0.938957757611119
A00032876.npy,46,17,0.436,0.3,zerofill,20.33633992325923,0.5938028961071251
A00032876.npy,46,17,0.436,0.3,cs,30.837204052346905,0.9365981822171157
A00032876.npy,46,17,0.436,0.3,ddnm,33.79734465409026,0.9684011203423843
A00032876.npy,46,17,0.436,0.5,zerofill,22.36592673530049,0.6709114571218316
A00032876.npy,46,17,0.436,0.5,cs,35.85593444263782,0.9782811592071968
A00032876.npy,46,17,0.436,0.5,ddnm,36.88120777722823,0.9856678182336791
A00032876.npy,51,22,0.564,0.2,zerofill,17.458806123108545,0.4746838660292893
A00032876.npy,51,22,0.564,0.2,cs,26.591865661146056,0.8440112767906774
A00032876.npy,51,22,0.564,0.2,ddnm,31.196481196450613,0.9367506511967947
A00032876.npy,51,22,0.564,0.3,zerofill,12.219602925687719,0.393742039798965
A00032876.npy,51,22,0.564,0.3,cs,13.212662635586497,0.6268543336110066
A00032876.npy,51,22,0.564,0.3,ddnm,32.51747557280225,0.8820365889779312
A00032876.npy,51,22,0.564,0.5,zerofill,26.88817016315328,0.7869292277727877
A00032876.npy,51,22,0.564,0.5,cs,36.40967129171,0.983216583896984
A00032876.npy,51,22,0.564,0.5,ddnm,38.74298628724333,0.9873590571437911
A00032876.npy,57,28,0.718,0.2,zerofill,16.65888812365461,0.4400839941718924
A00032876.npy,57,28,0.718,0.2,cs,24.353032671444993,0.7939368566128735
A00032876.npy,57,28,0.718,0.2,ddnm,32.01630714123823,0.9315881821212029
A00032876.npy,57,28,0.718,0.3,zerofill,19.861026064350995,0.5147544486861519
A00032876.npy,57,28,0.718,0.3,cs,29.68958018593179,0.8962270762214226
A00032876.npy,57,28,0.718,0.3,ddnm,36.3762765877459,0.9775047973178785
A00032876.npy,57,28,0.718,0.5,zerofill,26.812438082622243,0.7556677739902679
A00032876.npy,57,28,0.718,0.5,cs,34.92579755734158,0.9830261461919304
A00032876.npy,57,28,0.718,0.5,ddnm,36.36203381001464,0.9830021942071907
A00032876.npy,62,33,0.846,0.2,zerofill,11.99276007933227,0.3577140022246608
A00032876.npy,62,33,0.846,0.2,cs,12.883145087341752,0.5738633459413912
A00032876.npy,62,33,0.846,0.2,ddnm,29.73001072326,0.8259161909217717
A00032876.npy,62,33,0.846,0.3,zerofill,12.928973689647428,0.4601667031847773
A00032876.npy,62,33,0.846,0.3,cs,13.275997164711011,0.6755688717470975
A00032876.npy,62,33,0.846,0.3,ddnm,28.70203161551196,0.8516043321655258
A00032876.npy,62,33,0.846,0.5,zerofill,25.834991805909407,0.7751065965863763
A00032876.npy,62,33,0.846,0.5,cs,35.55000859839091,0.9858454275046328
A00032876.npy,62,33,0.846,0.5,ddnm,39.22998042832611,0.9894307502188756
A00032876.npy,68,39,1.0,0.2,zerofill,16.402608893210065,0.3845064033734143
A00032876.npy,68,39,1.0,0.2,cs,24.03418621203652,0.7374692587843938
A00032876.npy,68,39,1.0,0.2,ddnm,29.457948500358494,0.896118368341762
A00032876.npy,68,39,1.0,0.3,zerofill,20.41455145702216,0.5962131316914537
A00032876.npy,68,39,1.0,0.3,cs,29.570957316154598,0.9434456843334668
A00032876.npy,68,39,1.0,0.3,ddnm,33.432709829318426,0.972569409100095
A00032876.npy,68,39,1.0,0.5,zerofill,22.841614580347635,0.6826409479699986
A00032876.npy,68,39,1.0,0.5,cs,35.427973634706504,0.9812682191031622
A00032876.npy,68,39,1.0,0.5,ddnm,38.71088507494031,0.9883161474142431
A00033747.npy,29,0,0.0,0.2,zerofill,11.10273630596163,0.3559985100406235
A00033747.npy,29,0,0.0,0.2,cs,11.952032015681546,0.5751308249255334
A00033747.npy,29,0,0.0,0.2,ddnm,30.11891812688255,0.8418961909037205
A00033747.npy,29,0,0.0,0.3,zerofill,19.51072164671726,0.5619543700659796
A00033747.npy,29,0,0.0,0.3,cs,32.53004498806796,0.9326413960602296
A00033747.npy,29,0,0.0,0.3,ddnm,34.13011079647794,0.9693132184407814
A00033747.npy,29,0,0.0,0.5,zerofill,12.225284985356318,0.500690334793988
A00033747.npy,29,0,0.0,0.5,cs,11.854574764634764,0.6157795907659737
A00033747.npy,29,0,0.0,0.5,ddnm,33.7633825739967,0.8951482725702877
A00033747.npy,35,6,0.154,0.2,zerofill,17.305773933191595,0.45471627343336435
A00033747.npy,35,6,0.154,0.2,cs,27.073038443239508,0.8099304752895402
A00033747.npy,35,6,0.154,0.2,ddnm,30.97312483480492,0.9176402635786265
A00033747.npy,35,6,0.154,0.3,zerofill,12.580558121254924,0.4722384797227262
A00033747.npy,35,6,0.154,0.3,cs,13.192087552271603,0.661288896949094
A00033747.npy,35,6,0.154,0.3,ddnm,32.352026312493436,0.902485731797925
A00033747.npy,35,6,0.154,0.5,zerofill,22.887877822637503,0.6666036790269572
A00033747.npy,35,6,0.154,0.5,cs,34.75848883867852,0.9711235560290565
A00033747.npy,35,6,0.154,0.5,ddnm,36.45096702312879,0.9785647427313304
A00033747.npy,40,11,0.282,0.2,zerofill,12.919790772437265,0.39043374642632034
A00033747.npy,40,11,0.282,0.2,cs,13.296093028682145,0.5898210043377662
A00033747.npy,40,11,0.282,0.2,ddnm,28.497408382966782,0.8423766855173488
A00033747.npy,40,11,0.282,0.3,zerofill,20.292288339184232,0.5965389240121659
A00033747.npy,40,11,0.282,0.3,cs,30.40202163661951,0.9195760914390605
A00033747.npy,40,11,0.282,0.3,ddnm,32.91110162056214,0.9601995710566844
A00033747.npy,40,11,0.282,0.5,zerofill,23.664493755443004,0.7074145527688535
A00033747.npy,40,11,0.282,0.5,cs,35.98464558377204,0.977369439758879
A00033747.npy,40,11,0.282,0.5,ddnm,37.9831508367584,0.9834474609948012
A00033747.npy,46,17,0.436,0.2,zerofill,17.82650591788723,0.496764649419893
A00033747.npy,46,17,0.436,0.2,cs,27.195900959095045,0.8403889674377545
A00033747.npy,46,17,0.436,0.2,ddnm,32.44072458203976,0.9253843074819151
A00033747.npy,46,17,0.436,0.3,zerofill,21.73962357793487,0.5806139338589354
A00033747.npy,46,17,0.436,0.3,cs,29.753352500732227,0.9069171996526391
A00033747.npy,46,17,0.436,0.3,ddnm,33.96460537880047,0.9643914513339986
A00033747.npy,46,17,0.436,0.5,zerofill,24.17237973059911,0.7332095331102075
A00033747.npy,46,17,0.436,0.5,cs,36.61117575985606,0.9827436133998916
A00033747.npy,46,17,0.436,0.5,ddnm,39.74174325817798,0.9885563811838418
A00033747.npy,51,22,0.564,0.2,zerofill,20.11286445976094,0.5111129958481644
A00033747.npy,51,22,0.564,0.2,cs,25.397415504822032,0.7923949318284079
A00033747.npy,51,22,0.564,0.2,ddnm,33.973341975443205,0.9509227395826564
A00033747.npy,51,22,0.564,0.3,zerofill,21.042283759148223,0.6390284015903608
A00033747.npy,51,22,0.564,0.3,cs,31.736919612730333,0.9400870701725109
A00033747.npy,51,22,0.564,0.3,ddnm,35.70178773002317,0.9790573775271708
A00033747.npy,51,22,0.564,0.5,zerofill,27.128711246344565,0.7838257880965526
A00033747.npy,51,22,0.564,0.5,cs,36.47568617603397,0.9835285542953787
A00033747.npy,51,22,0.564,0.5,ddnm,38.539124779542405,0.985181088266242
A00033747.npy,57,28,0.718,0.2,zerofill,12.509811363623456,0.3821019900319435
A00033747.npy,57,28,0.718,0.2,cs,13.277019313184564,0.6331452273925574
A00033747.npy,57,28,0.718,0.2,ddnm,31.962324977008674,0.8828474408793004
A00033747.npy,57,28,0.718,0.3,zerofill,20.312224993844772,0.5455954096283824
A00033747.npy,57,28,0.718,0.3,cs,32.09849588017385,0.9318214093405804
A00033747.npy,57,28,0.718,0.3,ddnm,35.54657069983574,0.9783687161056946
A00033747.npy,57,28,0.718,0.5,zerofill,25.2956236101624,0.7195153962554212
A00033747.npy,57,28,0.718,0.5,cs,35.55766973904185,0.983641921777105
A00033747.npy,57,28,0.718,0.5,ddnm,37.624028964191595,0.985216505867568
A00033747.npy,62,33,0.846,0.2,zerofill,12.277659360882353,0.39126027903434446
A00033747.npy,62,33,0.846,0.2,cs,12.706084789648743,0.557107472817919
A00033747.npy,62,33,0.846,0.2,ddnm,31.647334255869172,0.8984510492932906
A00033747.npy,62,33,0.846,0.3,zerofill,20.938640699162665,0.5619793224782041
A00033747.npy,62,33,0.846,0.3,cs,31.266033094228156,0.9442068542669423
A00033747.npy,62,33,0.846,0.3,ddnm,34.55364514550689,0.9718804161968618
A00033747.npy,62,33,0.846,0.5,zerofill,25.946351990460247,0.7159004802452072
A00033747.npy,62,33,0.846,0.5,cs,37.83581980290473,0.9881026706838761
A00033747.npy,62,33,0.846,0.5,ddnm,42.1058150902691,0.9939292262307549
A00033747.npy,68,39,1.0,0.2,zerofill,11.566306698475113,0.3290461746458032
A00033747.npy,68,39,1.0,0.2,cs,12.074777867506533,0.5108659640420885
A00033747.npy,68,39,1.0,0.2,ddnm,27.012691035248707,0.727995106135714
A00033747.npy,68,39,1.0,0.3,zerofill,11.672422245734488,0.36503222465066354
A00033747.npy,68,39,1.0,0.3,cs,12.16684888125657,0.5742138445161273
A00033747.npy,68,39,1.0,0.3,ddnm,33.79265564947094,0.876077550524699
A00033747.npy,68,39,1.0,0.5,zerofill,12.368364605436659,0.521825511686919
A00033747.npy,68,39,1.0,0.5,cs,12.26013482420859,0.6098253847435399
A00033747.npy,68,39,1.0,0.5,ddnm,29.365075311505123,0.8171907352307124
A00033748.npy,29,0,0.0,0.2,zerofill,18.873826994557877,0.470078031100246
A00033748.npy,29,0,0.0,0.2,cs,28.243497530393384,0.8533157853154855
A00033748.npy,29,0,0.0,0.2,ddnm,30.42546314882354,0.9375873147981786
A00033748.npy,29,0,0.0,0.3,zerofill,10.801743452669552,0.3383775235129109
A00033748.npy,29,0,0.0,0.3,cs,11.236054798284343,0.503236963436608
A00033748.npy,29,0,0.0,0.3,ddnm,26.997945228195547,0.7111734129734751
A00033748.npy,29,0,0.0,0.5,zerofill,11.18444642691747,0.40106684822454225
A00033748.npy,29,0,0.0,0.5,cs,11.244130092071343,0.512288263014409
A00033748.npy,29,0,0.0,0.5,ddnm,37.722313422863095,0.8984538766865094
A00033748.npy,35,6,0.154,0.2,zerofill,10.785670043375262,0.2801132157063997
A00033748.npy,35,6,0.154,0.2,cs,12.249922696881367,0.5057330526173257
A00033748.npy,35,6,0.154,0.2,ddnm,17.36765663065379,0.6575372108446027
A00033748.npy,35,6,0.154,0.3,zerofill,16.867126804566162,0.45717737905464
A00033748.npy,35,6,0.154,0.3,cs,29.712886118301007,0.9066806508749283
A00033748.npy,35,6,0.154,0.3,ddnm,35.32200927675026,0.9689775161871632
A00033748.npy,35,6,0.154,0.5,zerofill,11.998943504218055,0.4677408713024738
A00033748.npy,35,6,0.154,0.5,cs,12.088077122398907,0.5858480887477692
A00033748.npy,35,6,0.154,0.5,ddnm,34.22787694168224,0.9022164611815124
A00033748.npy,40,11,0.282,0.2,zerofill,11.276466189182292,0.30799584135628433
A00033748.npy,40,11,0.282,0.2,cs,12.25713762231859,0.5066566869034302
A00033748.npy,40,11,0.282,0.2,ddnm,21.297721413054873,0.644183982925596
A00033748.npy,40,11,0.282,0.3,zerofill,17.21459300040526,0.4855448404719737
A00033748.npy,40,11,0.282,0.3,cs,28.882688909502615,0.8948266927720526
A00033748.npy,40,11,0.282,0.3,ddnm,32.725785024376385,0.9575710516864495
A00033748.npy,40,11,0.282,0.5,zerofill,27.428539155216527,0.7756481915615996
A00033748.npy,40,11,0.282,0.5,cs,35.04822049653431,0.9791290130835648
A00033748.npy,40,11,0.282,0.5,ddnm,34.73853138199281,0.9752918259010172
A00033748.npy,46,17,0.436,0.2,zerofill,12.338747109967859,0.3951372922446556
A00033748.npy,46,17,0.436,0.2,cs,12.876055410079314,0.5824601134048792
A00033748.npy,46,17,0.436,0.2,ddnm,24.839034160837503,0.7621027453844074
A00033748.npy,46,17,0.436,0.3,zerofill,17.754427182501384,0.5256840824096422
A00033748.npy,46,17,0.436,0.3,cs,29.232914640067005,0.9002213326218476
A00033748.npy,46,17,0.436,0.3,ddnm,33.688887284617444,0.9564760174322948
A00033748.npy,46,17,0.436,0.5,zerofill,25.804341443815908,0.7367193663440676
A00033748.npy,46,17,0.436,0.5,cs,36.07055822004877,0.980454051788537
A00033748.npy,46,17,0.436,0.5,ddnm,37.23684237797354,0.9829902336766277
A00033748.npy,51,22,0.564,0.2,zerofill,12.426564095971893,0.4064702635604277
A00033748.npy,51,22,0.564,0.2,cs,12.632483315897503,0.5897274038462185
A00033748.npy,51,22,0.564,0.2,ddnm,32.04575613561876,0.8858069652424676
A00033748.npy,51,22,0.564,0.3,zerofill,21.131936202507674,0.6043152011116153
A00033748.npy,51,22,0.564,0.3,cs,31.69634961986982,0.9295546514996035
A00033748.npy,51,22,0.564,0.3,ddnm,33.55747552596056,0.9656111359940649
A00033748.npy,51,22,0.564,0.5,zerofill,24.34120630678713,0.7323574190673067
A00033748.npy,51,22,0.564,0.5,cs,36.07056752949307,0.9810720852420267
A00033748.npy,51,22,0.564,0.5,ddnm,38.8695192984147,0.9868152781988594
A00033748.npy,57,28,0.718,0.2,zerofill,16.937484310891794,0.4172273592990698
A00033748.npy,57,28,0.718,0.2,cs,25.7027613599746,0.7814711910311195
A00033748.npy,57,28,0.718,0.2,ddnm,34.44083574943719,0.9514246489677465
A00033748.npy,57,28,0.718,0.3,zerofill,12.633797719881155,0.45428562590584487
A00033748.npy,57,28,0.718,0.3,cs,12.92894703899957,0.6651428924484101
A00033748.npy,57,28,0.718,0.3,ddnm,28.339572848639712,0.8607276456372488
A00033748.npy,57,28,0.718,0.5,zerofill,23.62095322361261,0.6748694623817825
A00033748.npy,57,28,0.718,0.5,cs,37.08732323441505,0.9808297508291838
A00033748.npy,57,28,0.718,0.5,ddnm,40.99341178399218,0.9897604027372059
A00033748.npy,62,33,0.846,0.2,zerofill,11.558813645805003,0.3742051889317749
A00033748.npy,62,33,0.846,0.2,cs,12.892606915274952,0.6371122799053051
A00033748.npy,62,33,0.846,0.2,ddnm,22.147122449463275,0.8503685274887985
A00033748.npy,62,33,0.846,0.3,zerofill,22.177939583032078,0.6351675254545491
A00033748.npy,62,33,0.846,0.3,cs,32.3086657188185,0.9492618450011434
A00033748.npy,62,33,0.846,0.3,ddnm,35.64831888989759,0.9745239911140917
A00033748.npy,62,33,0.846,0.5,zerofill,27.074270208889857,0.7350279898609234
A00033748.npy,62,33,0.846,0.5,cs,37.18174745582357,0.9855875978944636
A00033748.npy,62,33,0.846,0.5,ddnm,39.808528820398806,0.988668555299206
A00033748.npy,68,39,1.0,0.2,zerofill,18.3482826296419,0.49153168306154543
A00033748.npy,68,39,1.0,0.2,cs,28.10203922435363,0.8600178714857717
A00033748.npy,68,39,1.0,0.2,ddnm,32.75538679051289,0.9521340218900001
A00033748.npy,68,39,1.0,0.3,zerofill,19.10105637648727,0.523253917828567
A00033748.npy,68,39,1.0,0.3,cs,31.840435502089633,0.8982249649561435
A00033748.npy,68,39,1.0,0.3,ddnm,36.993402495632736,0.9793442962783795
A00033748.npy,68,39,1.0,0.5,zerofill,23.26069296165768,0.7002668226631388
A00033748.npy,68,39,1.0,0.5,cs,36.38079205500797,0.974156779928638
A00033748.npy,68,39,1.0,0.5,ddnm,40.47799648318319,0.9886547816965856
A00033849.npy,29,0,0.0,0.2,zerofill,15.806549203843407,0.37429471075808823
A00033849.npy,29,0,0.0,0.2,cs,24.72972481498642,0.7832731110288105
A00033849.npy,29,0,0.0,0.2,ddnm,31.14217223362143,0.9341006525095129
A00033849.npy,29,0,0.0,0.3,zerofill,21.358786934890638,0.5797044427942966
A00033849.npy,29,0,0.0,0.3,cs,32.806787503340246,0.9510003585829926
A00033849.npy,29,0,0.0,0.3,ddnm,32.241582612571655,0.963929248739958
A00033849.npy,29,0,0.0,0.5,zerofill,26.094024987180497,0.702100286439829
A00033849.npy,29,0,0.0,0.5,cs,36.90235347321089,0.9850011840082247
A00033849.npy,29,0,0.0,0.5,ddnm,36.56635594063359,0.9834865884406373
A00033849.npy,35,6,0.154,0.2,zerofill,16.931277883232514,0.46698001328022937
A00033849.npy,35,6,0.154,0.2,cs,25.086397958202824,0.8068556829599187
A00033849.npy,35,6,0.154,0.2,ddnm,28.2547660201673,0.8783822241898759
A00033849.npy,35,6,0.154,0.3,zerofill,18.037059954146386,0.5230065446457876
A00033849.npy,35,6,0.154,0.3,cs,30.967386671762938,0.9051515294884168
A00033849.npy,35,6,0.154,0.3,ddnm,32.79235971436527,0.9421405556825213
A00033849.npy,35,6,0.154,0.5,zerofill,26.550849442910724,0.7459594026445447
A00033849.npy,35,6,0.154,0.5,cs,36.91164555921209,0.9786624851461637
A00033849.npy,35,6,0.154,0.5,ddnm,38.21006540470024,0.9868390426316014
A00033849.npy,40,11,0.282,0.2,zerofill,18.986371665517797,0.4783532487869575
A00033849.npy,40,11,0.282,0.2,cs,26.42316282057037,0.7738942149109254
A00033849.npy,40,11,0.282,0.2,ddnm,30.7591885598638,0.9056412696225673
A00033849.npy,40,11,0.282,0.3,zerofill,19.836434730721773,0.5567902182213306
A00033849.npy,40,11,0.282,0.3,cs,29.579175800176554,0.8924381999512676
A00033849.npy,40,11,0.282,0.3,ddnm,31.94298504850768,0.953579164867246
A00033849.npy,40,11,0.282,0.5,zerofill,27.22016115843626,0.8328684396375154
A00033849.npy,40,11,0.282,0.5,cs,32.76456751980374,0.9753168618981796
A00033849.npy,40,11,0.282,0.5,ddnm,31.655991132965063,0.9636115000428803
A00033849.npy,46,17,0.436,0.2,zerofill,17.173860072885933,0.46569908320207365
A00033849.npy,46,17,0.436,0.2,cs,25.653186856305567,0.8421431657232723
A00033849.npy,46,17,0.436,0.2,ddnm,31.454192077710875,0.9269162983521199
A00033849.npy,46,17,0.436,0.3,zerofill,19.433689758061,0.5496026416255538
A00033849.npy,46,17,0.436,0.3,cs,32.393991188710594,0.9202003581942457
A00033849.npy,46,17,0.436,0.3,ddnm,35.5601638417725,0.9629280581585793
A00033849.npy,46,17,0.436,0.5,zerofill,26.193534281925658,0.7449299187583533
A00033849.npy,46,17,0.436,0.5,cs,33.65108937620224,0.9784917584656708
A00033849.npy,46,17,0.436,0.5,ddnm,34.241723972656985,0.978908633175027
A00033849.npy,51,22,0.564,0.2,zerofill,12.590152671579657,0.3678824447623256
A00033849.npy,51,22,0.564,0.2,cs,13.123067486394218,0.5825897686124529
A00033849.npy,51,22,0.564,0.2,ddnm,30.48172055658241,0.8624424505320565
A00033849.npy,51,22,0.564,0.3,zerofill,21.379683637080234,0.5826690848791214
A00033849.npy,51,22,0.564,0.3,cs,31.410458259044184,0.9390403597814138
A00033849.npy,51,22,0.564,0.3,ddnm,34.676521628237325,0.9678310165319415
A00033849.npy,51,22,0.564,0.5,zerofill,13.57648709237325,0.5535253004389392
A00033849.npy,51,22,0.564,0.5,cs,13.145844278724164,0.7182215680297147
A00033849.npy,51,22,0.564,0.5,ddnm,40.98797574235125,0.9745900920123959
A00033849.npy,57,28,0.718,0.2,zerofill,12.465745094007435,0.4207281007698021
A00033849.npy,57,28,0.718,0.2,cs,13.793694418895912,0.7015083187748601
A00033849.npy,57,28,0.718,0.2,ddnm,17.631790497974226,0.7702602419954793
A00033849.npy,57,28,0.718,0.3,zerofill,20.081824093776078,0.5704430068658565
A00033849.npy,57,28,0.718,0.3,cs,32.13748700479404,0.9286276737668042
A00033849.npy,57,28,0.718,0.3,ddnm,36.266909748505014,0.9770115504291101
A00033849.npy,57,28,0.718,0.5,zerofill,27.768319309451872,0.8286222994552304
A00033849.npy,57,28,0.718,0.5,cs,34.71262558779006,0.9841129966710915
A00033849.npy,57,28,0.718,0.5,ddnm,36.62322331154979,0.9858943718562874
A00033849.npy,62,33,0.846,0.2,zerofill,12.39669251990957,0.38633192234827013
A00033849.npy,62,33,0.846,0.2,cs,13.00601585781923,0.6124146752228538
A00033849.npy,62,33,0.846,0.2,ddnm,29.434642999263406,0.8472072282664376
A00033849.npy,62,33,0.846,0.3,zerofill,20.02304501330793,0.5144279648319374
A00033849.npy,62,33,0.846,0.3,cs,30.19115434899006,0.901973482427102
A00033849.npy,62,33,0.846,0.3,ddnm,35.20631027060142,0.9637287281767971
A00033849.npy,62,33,0.846,0.5,zerofill,25.548526888938113,0.7159662312055928
A00033849.npy,62,33,0.846,0.5,cs,34.185172825468555,0.983164105519304
A00033849.npy,62,33,0.846,0.5,ddnm,37.79521284969816,0.9891270818977195
A00033849.npy,68,39,1.0,0.2,zerofill,11.741988407399885,0.349278235409686
A00033849.npy,68,39,1.0,0.2,cs,12.107257724906159,0.5140360464497248
A00033849.npy,68,39,1.0,0.2,ddnm,29.859217860194917,0.8362679295201787
A00033849.npy,68,39,1.0,0.3,zerofill,11.863320435421192,0.3906873784254925
A00033849.npy,68,39,1.0,0.3,cs,12.227418314427869,0.5909518006340027
A00033849.npy,68,39,1.0,0.3,ddnm,31.51293002320802,0.8693087328965227
A00033849.npy,68,39,1.0,0.5,zerofill,23.95997083012208,0.6833624943246676
A00033849.npy,68,39,1.0,0.5,cs,35.865000828604835,0.9832392502290784
A00033849.npy,68,39,1.0,0.5,ddnm,38.16546721100509,0.9910538829212322
A00034987.npy,29,0,0.0,0.2,zerofill,19.105462919693235,0.4994069355682442
A00034987.npy,29,0,0.0,0.2,cs,28.656013164647373,0.8662600920695057
A00034987.npy,29,0,0.0,0.2,ddnm,29.055785059105716,0.9364355612492143
A00034987.npy,29,0,0.0,0.3,zerofill,18.029281624303955,0.4875688899537592
A00034987.npy,29,0,0.0,0.3,cs,31.88360976261023,0.8879002941528561
A00034987.npy,29,0,0.0,0.3,ddnm,31.813237861076228,0.9557144824987104
A00034987.npy,29,0,0.0,0.5,zerofill,26.72310790420422,0.7260952210271865
A00034987.npy,29,0,0.0,0.5,cs,37.168606997332944,0.9845197413660319
A00034987.npy,29,0,0.0,0.5,ddnm,38.76885374474356,0.9865540195836139
A00034987.npy,35,6,0.154,0.2,zerofill,11.558824379674022,0.33946569496166995
A00034987.npy,35,6,0.154,0.2,cs,12.652596946834851,0.5912863415288014
A00034987.npy,35,6,0.154,0.2,ddnm,25.395608574610602,0.8019332638352277
A00034987.npy,35,6,0.154,0.3,zerofill,12.373595345413118,0.4348721544556811
A00034987.npy,35,6,0.154,0.3,cs,12.463393152190642,0.618712991180887
A00034987.npy,35,6,0.154,0.3,ddnm,30.928386027163455,0.8786102498740607
A00034987.npy,35,6,0.154,0.5,zerofill,23.533301857766876,0.6835121095929272
A00034987.npy,35,6,0.154,0.5,cs,36.610937079424474,0.9736843661687221
A00034987.npy,35,6,0.154,0.5,ddnm,39.805207218890544,0.9855090328095517
A00034987.npy,40,11,0.282,0.2,zerofill,17.227192775566305,0.4571128668155135
A00034987.npy,40,11,0.282,0.2,cs,26.893416809365313,0.7991520773862943
A00034987.npy,40,11,0.282,0.2,ddnm,31.257912074536307,0.9185412812017423
A00034987.npy,40,11,0.282,0.3,zerofill,16.937847486368746,0.5379056840413878
A00034987.npy,40,11,0.282,0.3,cs,29.97619815620847,0.9303895330071065
A00034987.npy,40,11,0.282,0.3,ddnm,33.719869422353604,0.935700278340753
A00034987.npy,40,11,0.282,0.5,zerofill,28.628219937596192,0.8226098600961218
A00034987.npy,40,11,0.282,0.5,cs,36.92749168843094,0.981144092898957
A00034987.npy,40,11,0.282,0.5,ddnm,39.90083046652102,0.9861053879047651
A00034987.npy,46,17,0.436,0.2,zerofill,12.769497929165162,0.4080586997054211
A00034987.npy,46,17,0.436,0.2,cs,13.040808591802836,0.6002175185967908
A00034987.npy,46,17,0.436,0.2,ddnm,30.10988378315424,0.8321041540312561
A00034987.npy,46,17,0.436,0.3,zerofill,11.884536193573291,0.40576872394891284
A00034987.npy,46,17,0.436,0.3,cs,13.388779511778033,0.6553352897823566
A00034987.npy,46,17,0.436,0.3,ddnm,11.537777139153409,0.7068989094029821
A00034987.npy,46,17,0.436,0.5,zerofill,24.126099339621668,0.7067594767235409
A00034987.npy,46,17,0.436,0.5,cs,34.596651418973345,0.9789154756753171
A00034987.npy,46,17,0.436,0.5,ddnm,38.304051285576165,0.9862499355837339
A00034987.npy,51,22,0.564,0.2,zerofill,12.606784371036522,0.382438412238627
A00034987.npy,51,22,0.564,0.2,cs,12.844153662399357,0.5621961261211125
A00034987.npy,51,22,0.564,0.2,ddnm,33.70441994197117,0.9046285465395729
A00034987.npy,51,22,0.564,0.3,zerofill,20.262365054586056,0.5824103583989637
A00034987.npy,51,22,0.564,0.3,cs,31.564054664585854,0.9241574659805422
A00034987.npy,51,22,0.564,0.3,ddnm,34.70362626516871,0.9785740925151794
A00034987.npy,51,22,0.564,0.5,zerofill,26.888337719938864,0.7633697029552141
A00034987.npy,51,22,0.564,0.5,cs,36.611399084076844,0.9841066442672298
A00034987.npy,51,22,0.564,0.5,ddnm,41.25793957598251,0.9914096976417395
A00034987.npy,57,28,0.718,0.2,zerofill,15.788976969939792,0.39751159747874754
A00034987.npy,57,28,0.718,0.2,cs,22.836109062064622,0.7109311444281461
A00034987.npy,57,28,0.718,0.2,ddnm,33.34974586185826,0.9092820269250639
A00034987.npy,57,28,0.718,0.3,zerofill,17.16685976663448,0.5025633220002749
A00034987.npy,57,28,0.718,0.3,cs,30.917048629629168,0.9065382889822602
A00034987.npy,57,28,0.718,0.3,ddnm,38.72869778835796,0.9736359620071874
A00034987.npy,57,28,0.718,0.5,zerofill,26.951880765098135,0.7548615394405559
A00034987.npy,57,28,0.718,0.5,cs,35.82287627525455,0.9859707487130863
A00034987.npy,57,28,0.718,0.5,ddnm,40.69245815530258,0.9898813475895492
A00034987.npy,62,33,0.846,0.2,zerofill,12.284448423332279,0.4112939732153513
A00034987.npy,62,33,0.846,0.2,cs,12.70492311264077,0.5999124671430471
A00034987.npy,62,33,0.846,0.2,ddnm,32.497140321657625,0.8945856603867134
A00034987.npy,62,33,0.846,0.3,zerofill,18.49640511821431,0.5286195025802162
A00034987.npy,62,33,0.846,0.3,cs,30.808638237734232,0.9273336291625031
A00034987.npy,62,33,0.846,0.3,ddnm,36.786392263960416,0.9751797104091677
A00034987.npy,62,33,0.846,0.5,zerofill,27.539983069324077,0.7883363925481205
A00034987.npy,62,33,0.846,0.5,cs,37.464180771442884,0.9870094187763935
A00034987.npy,62,33,0.846,0.5,ddnm,41.486450759970566,0.9908441144655674
A00034987.npy,68,39,1.0,0.2,zerofill,10.644081854518646,0.32435264866412356
A00034987.npy,68,39,1.0,0.2,cs,11.98494575709978,0.5163455750338113
A00034987.npy,68,39,1.0,0.2,ddnm,13.938534238112625,0.6146098914137841
A00034987.npy,68,39,1.0,0.3,zerofill,18.998834247068256,0.473599775986445
A00034987.npy,68,39,1.0,0.3,cs,30.347755909576097,0.8829990208413762
A00034987.npy,68,39,1.0,0.3,ddnm,37.566748234419734,0.9846459594994456
A00034987.npy,68,39,1.0,0.5,zerofill,26.566485308983392,0.7438818478985727
A00034987.npy,68,39,1.0,0.5,cs,36.742689035831575,0.9867132115959961
A00034987.npy,68,39,1.0,0.5,ddnm,39.94791264862767,0.9918081923033787
A00035054.npy,29,0,0.0,0.2,zerofill,11.170016267320417,0.327620492793388
A00035054.npy,29,0,0.0,0.2,cs,11.576586817812961,0.5134068867842031
A00035054.npy,29,0,0.0,0.2,ddnm,26.059599753497857,0.6914435134871741
A00035054.npy,29,0,0.0,0.3,zerofill,16.555960279042527,0.4437355678203808
A00035054.npy,29,0,0.0,0.3,cs,24.718185192776836,0.8357052478525818
A00035054.npy,29,0,0.0,0.3,ddnm,32.10517163462062,0.9487953990121196
A00035054.npy,29,0,0.0,0.5,zerofill,26.21952528782622,0.7495523769962321
A00035054.npy,29,0,0.0,0.5,cs,33.92034897981665,0.9781800958937902
A00035054.npy,29,0,0.0,0.5,ddnm,32.767034284925586,0.9634730803393062
A00035054.npy,35,6,0.154,0.2,zerofill,17.2040118376572,0.479987203044111
A00035054.npy,35,6,0.154,0.2,cs,27.084669891622887,0.8304132445237254
A00035054.npy,35,6,0.154,0.2,ddnm,28.566708697635743,0.8632049763580703
A00035054.npy,35,6,0.154,0.3,zerofill,12.57480579751076,0.42418644095265984
A00035054.npy,35,6,0.154,0.3,cs,12.499155824934938,0.6173191531617591
A00035054.npy,35,6,0.154,0.3,ddnm,31.43402426875289,0.9054319388139267
A00035054.npy,35,6,0.154,0.5,zerofill,28.013158287717154,0.8159589315033139
A00035054.npy,35,6,0.154,0.5,cs,35.19269221371489,0.9770315035084376
A00035054.npy,35,6,0.154,0.5,ddnm,34.91876522567997,0.9751877208345201
A00035054.npy,40,11,0.282,0.2,zerofill,12.427540489179648,0.4387538028477656
A00035054.npy,40,11,0.282,0.2,cs,12.487654161807404,0.603572245337445
A00035054.npy,40,11,0.282,0.2,ddnm,30.244714764279493,0.8794942127279908
A00035054.npy,40,11,0.282,0.3,zerofill,21.970635242977853,0.5796209739375071
A00035054.npy,40,11,0.282,0.3,cs,30.626206958888726,0.9174745999433318
A00035054.npy,40,11,0.282,0.3,ddnm,32.96359637095699,0.9563848113331286
A00035054.npy,40,11,0.282,0.5,zerofill,24.93730235588732,0.7087631491739177
A00035054.npy,40,11,0.282,0.5,cs,37.40798645253091,0.98116262439309
A00035054.npy,40,11,0.282,0.5,ddnm,41.86897126814202,0.9929298381592695
A00035054.npy,46,17,0.436,0.2,zerofill,17.338525080879354,0.5038413129658879
A00035054.npy,46,17,0.436,0.2,cs,25.4729400866631,0.7950050391743182
A00035054.npy,46,17,0.436,0.2,ddnm,33.0022163429049,0.9272561317464415
A00035054.npy,46,17,0.436,0.3,zerofill,12.546417981537463,0.4306604202055841
A00035054.npy,46,17,0.436,0.3,cs,12.648806279997284,0.638089775551257
A00035054.npy,46,17,0.436,0.3,ddnm,23.964525344601817,0.7912101966391929
A00035054.npy,46,17,0.436,0.5,zerofill,26.913082256207407,0.7807859941135398
A00035054.npy,46,17,0.436,0.5,cs,38.063682538493985,0.9855885323186101
A00035054.npy,46,17,0.436,0.5,ddnm,40.80537113186787,0.9902734028991913
A00035054.npy,51,22,0.564,0.2,zerofill,16.987700606106785,0.4359655121114884
A00035054.npy,51,22,0.564,0.2,cs,23.526964491834672,0.7817956493594037
A00035054.npy,51,22,0.564,0.2,ddnm,32.703600207142635,0.9320298160629803
A00035054.npy,51,22,0.564,0.3,zerofill,12.121341374489788,0.4727218115563785
A00035054.npy,51,22,0.564,0.3,cs,12.170834465443182,0.6435701800322963
A00035054.npy,51,22,0.564,0.3,ddnm,23.423845230357564,0.810854319808792
A00035054.npy,51,22,0.564,0.5,zerofill,23.90634767835715,0.7223850775698133
A00035054.npy,51,22,0.564,0.5,cs,37.44717086286943,0.9816862234294623
A00035054.npy,51,22,0.564,0.5,ddnm,39.59640917682965,0.988672927066031
A00035054.npy,57,28,0.718,0.2,zerofill,11.958577725312873,0.3692577560422185
A00035054.npy,57,28,0.718,0.2,cs,12.842843983942016,0.5872645622553097
A00035054.npy,57,28,0.718,0.2,ddnm,30.023792033080348,0.8554513411888254
A00035054.npy,57,28,0.718,0.3,zerofill,11.994617432628662,0.44255587403270874
A00035054.npy,57,28,0.718,0.3,cs,13.158669735279416,0.6869942623725086
A00035054.npy,57,28,0.718,0.3,ddnm,13.09875352119363,0.7031189252067912
A00035054.npy,57,28,0.718,0.5,zerofill,24.143689397870098,0.7464091692713833
A00035054.npy,57,28,0.718,0.5,cs,37.17392915268717,0.9843258976864258
A00035054.npy,57,28,0.718,0.5,ddnm,42.37763112824604,0.9927585851045682
A00035054.npy,62,33,0.846,0.2,zerofill,17.497307350977334,0.5332331184426902
A00035054.npy,62,33,0.846,0.2,cs,29.248520683997338,0.8856515495696757
A00035054.npy,62,33,0.846,0.2,ddnm,33.086049553686976,0.9524320631186125
A00035054.npy,62,33,0.846,0.3,zerofill,21.423186137974277,0.6213980642648893
A00035054.npy,62,33,0.846,0.3,cs,31.121963724300766,0.9375041050476529
A00035054.npy,62,33,0.846,0.3,ddnm,33.50549577920313,0.9705568095251169
A00035054.npy,62,33,0.846,0.5,zerofill,26.736184762467296,0.7553151980904326
A00035054.npy,62,33,0.846,0.5,cs,36.09239364547874,0.9854215021152325
A00035054.npy,62,33,0.846,0.5,ddnm,39.09846580099649,0.9878539031982678
A00035054.npy,68,39,1.0,0.2,zerofill,11.882939548477838,0.3689358317968842
A00035054.npy,68,39,1.0,0.2,cs,12.889448275658573,0.5576621611352496
A00035054.npy,68,39,1.0,0.2,ddnm,28.084662971778357,0.8178915694962663
A00035054.npy,68,39,1.0,0.3,zerofill,20.044187808109868,0.5546271764648639
A00035054.npy,68,39,1.0,0.3,cs,30.944077735792582,0.9154196759464118
A00035054.npy,68,39,1.0,0.3,ddnm,34.260899029959944,0.9758020388370431
A00035054.npy,68,39,1.0,0.5,zerofill,26.38123534287633,0.7669338690981372
A00035054.npy,68,39,1.0,0.5,cs,35.122667905621114,0.9831755355749359
A00035054.npy,68,39,1.0,0.5,ddnm,36.79536721542606,0.9851365946763884
A00035378.npy,29,0,0.0,0.2,zerofill,10.65137075841272,0.32019737945109433
A00035378.npy,29,0,0.0,0.2,cs,11.071348925689005,0.47434337393572595
A00035378.npy,29,0,0.0,0.2,ddnm,30.675764307216635,0.799742797251968
A00035378.npy,29,0,0.0,0.3,zerofill,10.76429223619182,0.35561157057627246
A00035378.npy,29,0,0.0,0.3,cs,11.057237390779289,0.48675923095897555
A00035378.npy,29,0,0.0,0.3,ddnm,31.855173824750715,0.8298539643808378
A00035378.npy,29,0,0.0,0.5,zerofill,27.88157511589528,0.7496847119672914
A00035378.npy,29,0,0.0,0.5,cs,37.75288361367593,0.9888701929628961
A00035378.npy,29,0,0.0,0.5,ddnm,36.82935759400469,0.9844455433905813
A00035378.npy,35,6,0.154,0.2,zerofill,11.46767448068658,0.32822209858425005
A00035378.npy,35,6,0.154,0.2,cs,11.77278407600345,0.5046296238796859
A00035378.npy,35,6,0.154,0.2,ddnm,25.223775041981273,0.6972691534104958
A00035378.npy,35,6,0.154,0.3,zerofill,17.485323206076757,0.43499958855856374
A00035378.npy,35,6,0.154,0.3,cs,30.652248624759146,0.8575385595383751
A00035378.npy,35,6,0.154,0.3,ddnm,35.346441831998526,0.9577378544458872
A00035378.npy,35,6,0.154,0.5,zerofill,26.042704799005346,0.6854962176430942
A00035378.npy,35,6,0.154,0.5,cs,36.52898045058861,0.9805555493760832
A00035378.npy,35,6,0.154,0.5,ddnm,36.6112759198129,0.9834362076306593
A00035378.npy,40,11,0.282,0.2,zerofill,12.104520592077584,0.42229798285446063
A00035378.npy,40,11,0.282,0.2,cs,12.202775374073166,0.573904913725794
A00035378.npy,40,11,0.282,0.2,ddnm,30.570730601385954,0.8988087978299123
A00035378.npy,40,11,0.282,0.3,zerofill,22.1835528305756,0.5905449442114906
A00035378.npy,40,11,0.282,0.3,cs,31.12778126431796,0.9271432146413997
A00035378.npy,40,11,0.282,0.3,ddnm,31.33198674462627,0.9417155920013534
A00035378.npy,40,11,0.282,0.5,zerofill,12.454788196865731,0.5474521148154058
A00035378.npy,40,11,0.282,0.5,cs,12.244961666846487,0.6347961421240005
A00035378.npy,40,11,0.282,0.5,ddnm,33.838496590502416,0.8951640185694546
A00035378.npy,46,17,0.436,0.2,zerofill,12.656331899378323,0.39165144414607794
A00035378.npy,46,17,0.436,0.2,cs,12.957672123848337,0.5949888671447877
A00035378.npy,46,17,0.436,0.2,ddnm,30.294914885406122,0.8665620152157995
A00035378.npy,46,17,0.436,0.3,zerofill,20.718948459306937,0.55719539792402
A00035378.npy,46,17,0.436,0.3,cs,31.785406547898724,0.9076305465876368
A00035378.npy,46,17,0.436,0.3,ddnm,36.805228743169245,0.9751932659446473
A00035378.npy,46,17,0.436,0.5,zerofill,27.60143661960655,0.788322256037175
A00035378.npy,46,17,0.436,0.5,cs,34.867165265801404,0.9782220421059098
A00035378.npy,46,17,0.436,0.5,ddnm,36.855526819671184,0.978435032788511
A00035378.npy,51,22,0.564,0.2,zerofill,11.596267589020194,0.35281348993685624
A00035378.npy,51,22,0.564,0.2,cs,12.936464420523668,0.5664618110888986
A00035378.npy,51,22,0.564,0.2,ddnm,15.124703703703656,0.7186496679601528
A00035378.npy,51,22,0.564,0.3,zerofill,21.126090836908816,0.5609576312626425
A00035378.npy,51,22,0.564,0.3,cs,31.893298877504165,0.9172581474195882
A00035378.npy,51,22,0.564,0.3,ddnm,36.5906513659012,0.9777388655868662
A00035378.npy,51,22,0.564,0.5,zerofill,12.959947430334038,0.5115620870759482
A00035378.npy,51,22,0.564,0.5,cs,12.843985747003897,0.6816635752328039
A00035378.npy,51,22,0.564,0.5,ddnm,40.50956554760438,0.9663610231753031
A00035378.npy,57,28,0.718,0.2,zerofill,12.046504394907966,0.41070779040902355
A00035378.npy,57,28,0.718,0.2,cs,12.750984514731252,0.6004357580775785
A00035378.npy,57,28,0.718,0.2,ddnm,29.616868803905618,0.8153453672803324
A00035378.npy,57,28,0.718,0.3,zerofill,12.254654830075095,0.44428824484543306
A00035378.npy,57,28,0.718,0.3,cs,13.408551291018666,0.6852236838104396
A00035378.npy,57,28,0.718,0.3,ddnm,26.77623167877404,0.8725499373076504
A00035378.npy,57,28,0.718,0.5,zerofill,23.933801483201126,0.6856022816032455
A00035378.npy,57,28,0.718,0.5,cs,38.285348018275236,0.9841987874816419
A00035378.npy,57,28,0.718,0.5,ddnm,44.68527110489,0.9942533585916953
A00035378.npy,62,33,0.846,0.2,zerofill,11.814721517527541,0.34520748996299583
A00035378.npy,62,33,0.846,0.2,cs,13.131195160591888,0.5972442004271628
A00035378.npy,62,33,0.846,0.2,ddnm,31.094851027693196,0.8388620707723523
A00035378.npy,62,33,0.846,0.3,zerofill,17.55365049189497,0.5381094711245873
A00035378.npy,62,33,0.846,0.3,cs,32.157462606076706,0.908860238174863
A00035378.npy,62,33,0.846,0.3,ddnm,36.16950582653223,0.9607484472459505
A00035378.npy,62,33,0.846,0.5,zerofill,24.15909664710508,0.7094291151051095
A00035378.npy,62,33,0.846,0.5,cs,36.001991682096815,0.9808731079642186
A00035378.npy,62,33,0.846,0.5,ddnm,41.6054548205024,0.9922455867887088
A00035378.npy,68,39,1.0,0.2,zerofill,19.23273920171781,0.5011099142895635
A00035378.npy,68,39,1.0,0.2,cs,27.123921966722403,0.8484764607445264
A00035378.npy,68,39,1.0,0.2,ddnm,32.82640114799719,0.9636819565273748
A00035378.npy,68,39,1.0,0.3,zerofill,22.42610067877253,0.6325845481701835
A00035378.npy,68,39,1.0,0.3,cs,29.438140407632474,0.9402735825736668
A00035378.npy,68,39,1.0,0.3,ddnm,33.36451316418931,0.9760950212756078
A00035378.npy,68,39,1.0,0.5,zerofill,11.62632785961029,0.4734117037945166
A00035378.npy,68,39,1.0,0.5,cs,12.183764347504324,0.6077303045995223
A00035378.npy,68,39,1.0,0.5,ddnm,31.05698403618178,0.8320137609854577
A00035553.npy,29,0,0.0,0.2,zerofill,10.262911960977055,0.2752214774828226
A00035553.npy,29,0,0.0,0.2,cs,11.333294267493443,0.4593854934998119
A00035553.npy,29,0,0.0,0.2,ddnm,10.596030277473805,0.4175026370643463
A00035553.npy,29,0,0.0,0.3,zerofill,22.428984427206423,0.6158135493152644
A00035553.npy,29,0,0.0,0.3,cs,33.11236597203234,0.9478417134988183
A00035553.npy,29,0,0.0,0.3,ddnm,33.372256885161995,0.9485800342433589
A00035553.npy,29,0,0.0,0.5,zerofill,24.168724650773562,0.6723338203524142
A00035553.npy,29,0,0.0,0.5,cs,37.07828509190967,0.9769288836524103
A00035553.npy,29,0,0.0,0.5,ddnm,37.09753680687572,0.976908584330326
A00035553.npy,35,6,0.154,0.2,zerofill,11.825641989496456,0.40429922671136975
A00035553.npy,35,6,0.154,0.2,cs,12.176175734803989,0.5662831027106683
A00035553.npy,35,6,0.154,0.2,ddnm,30.67408323690082,0.8534772426662859
A00035553.npy,35,6,0.154,0.3,zerofill,12.210363922543232,0.4460439379213392
A00035553.npy,35,6,0.154,0.3,cs,12.172652781604436,0.6073932817391907
A00035553.npy,35,6,0.154,0.3,ddnm,32.57055432193551,0.9156654264354411
A00035553.npy,35,6,0.154,0.5,zerofill,27.858983052706595,0.8010991497017036
A00035553.npy,35,6,0.154,0.5,cs,36.04107462511128,0.9759455546716694
A00035553.npy,35,6,0.154,0.5,ddnm,37.353992399450405,0.9755366138114753
A00035553.npy,40,11,0.282,0.2,zerofill,12.031316902797029,0.3619526742128116
A00035553.npy,40,11,0.282,0.2,cs,12.641309918557083,0.5410211010812342
A00035553.npy,40,11,0.282,0.2,ddnm,29.76385228300181,0.8296929776754554
A00035553.npy,40,11,0.282,0.3,zerofill,20.58792575601554,0.6232528398590662
A00035553.npy,40,11,0.282,0.3,cs,33.03515417462619,0.9230696346948173
A00035553.npy,40,11,0.282,0.3,ddnm,36.058766374031705,0.9752242904145434
A00035553.npy,40,11,0.282,0.5,zerofill,27.36391004130568,0.7855617695332107
A00035553.npy,40,11,0.282,0.5,cs,36.85755495642457,0.9798764545401396
A00035553.npy,40,11,0.282,0.5,ddnm,38.28562877553883,0.9847900653535786
A00035553.npy,46,17,0.436,0.2,zerofill,13.052855505249124,0.41265395529409404
A00035553.npy,46,17,0.436,0.2,cs,13.479584358367067,0.6168576622383894
A00035553.npy,46,17,0.436,0.2,ddnm,29.41120313255576,0.8594793563238622
A00035553.npy,46,17,0.436,0.3,zerofill,13.481242388805825,0.5235417590835562
A00035553.npy,46,17,0.436,0.3,cs,13.484176642829432,0.6986372232794787
A00035553.npy,46,17,0.436,0.3,ddnm,33.31248593729449,0.9291717239090653
A00035553.npy,46,17,0.436,0.5,zerofill,14.021467158060943,0.6153608463470208
A00035553.npy,46,17,0.436,0.5,cs,13.465650796618991,0.7391381292031204
A00035553.npy,46,17,0.436,0.5,ddnm,35.92506244419736,0.9574784178349863
A00035553.npy,51,22,0.564,0.2,zerofill,12.429607193270213,0.38113979418308963
A00035553.npy,51,22,0.564,0.2,cs,13.668865863537041,0.5923989430924378
A00035553.npy,51,22,0.564,0.2,ddnm,14.50033599459562,0.6630933619625332
A00035553.npy,51,22,0.564,0.3,zerofill,21.86928580830193,0.601593246227724
A00035553.npy,51,22,0.564,0.3,cs,30.50076423807406,0.9065221433403374
A00035553.npy,51,22,0.564,0.3,ddnm,33.931918877015505,0.9516729068985167
A00035553.npy,51,22,0.564,0.5,zerofill,26.291856690763773,0.7778190981515959
A00035553.npy,51,22,0.564,0.5,cs,37.457970567368974,0.983573287793527
A00035553.npy,51,22,0.564,0.5,ddnm,39.70026692762683,0.9892467128088384
A00035553.npy,57,28,0.718,0.2,zerofill,13.131596441209496,0.39781313381459565
A00035553.npy,57,28,0.718,0.2,cs,13.464160129822229,0.566568472301255
A00035553.npy,57,28,0.718,0.2,ddnm,30.76371295409664,0.8655730120895755
A00035553.npy,57,28,0.718,0.3,zerofill,19.04983093539804,0.5504354102211032
A00035553.npy,57,28,0.718,0.3,cs,31.58462796021839,0.9087347862698905
A00035553.npy,57,28,0.718,0.3,ddnm,34.90794686411987,0.9447319018715846
A00035553.npy,57,28,0.718,0.5,zerofill,14.168945479027908,0.6491894485106423
A00035553.npy,57,28,0.718,0.5,cs,13.643263403459493,0.7500294203453676
A00035553.npy,57,28,0.718,0.5,ddnm,36.72247854672567,0.967645607197903
A00035553.npy,62,33,0.846,0.2,zerofill,20.681935195609338,0.5213399627514494
A00035553.npy,62,33,0.846,0.2,cs,27.62932986488753,0.8526885038647462
A00035553.npy,62,33,0.846,0.2,ddnm,30.847514703946047,0.9236057578187833
A00035553.npy,62,33,0.846,0.3,zerofill,21.219788862916722,0.6098760234781317
A00035553.npy,62,33,0.846,0.3,cs,31.413935040995455,0.9286319195688095
A00035553.npy,62,33,0.846,0.3,ddnm,33.99932809002471,0.9625945768427445
A00035553.npy,62,33,0.846,0.5,zerofill,27.817808552605538,0.7895358245846338
A00035553.npy,62,33,0.846,0.5,cs,35.290967899673674,0.9793573745121658
A00035553.npy,62,33,0.846,0.5,ddnm,36.810942735312544,0.9780737836413472
A00035553.npy,68,39,1.0,0.2,zerofill,12.22291710156857,0.3829912807896022
A00035553.npy,68,39,1.0,0.2,cs,13.267412013180568,0.6031935543716462
A00035553.npy,68,39,1.0,0.2,ddnm,21.011746646706996,0.7590664701448196
A00035553.npy,68,39,1.0,0.3,zerofill,12.705281655847376,0.45257329369190086
A00035553.npy,68,39,1.0,0.3,cs,12.958372437712626,0.6407260733171581
A00035553.npy,68,39,1.0,0.3,ddnm,30.835462678647648,0.9020681642561559
A00035553.npy,68,39,1.0,0.5,zerofill,26.527184240947026,0.7782953818620515
A00035553.npy,68,39,1.0,0.5,cs,36.436718318081056,0.9850316732176784
A00035553.npy,68,39,1.0,0.5,ddnm,37.394358483580284,0.9881147863010474
A00035633.npy,29,0,0.0,0.2,zerofill,10.571788952652465,0.32648112801197104
A00035633.npy,29,0,0.0,0.2,cs,11.267177617023805,0.4895108676009445
A00035633.npy,29,0,0.0,0.2,ddnm,27.887965849909193,0.7553547446417516
A00035633.npy,29,0,0.0,0.3,zerofill,10.67877442259971,0.3319079068359425
A00035633.npy,29,0,0.0,0.3,cs,11.315960562830004,0.5212859198142695
A00035633.npy,29,0,0.0,0.3,ddnm,30.613227017567826,0.8107003695507967
A00035633.npy,29,0,0.0,0.5,zerofill,27.142954424183422,0.7482556825302475
A00035633.npy,29,0,0.0,0.5,cs,34.51911847000625,0.9739387002792355
A00035633.npy,29,0,0.0,0.5,ddnm,34.19580072469854,0.9631944729880728
A00035633.npy,35,6,0.154,0.2,zerofill,19.68201384472039,0.529299112401854
A00035633.npy,35,6,0.154,0.2,cs,28.325563367787186,0.8697826634257535
A00035633.npy,35,6,0.154,0.2,ddnm,29.116834275609342,0.9043403781811064
A00035633.npy,35,6,0.154,0.3,zerofill,11.247732223320256,0.4118783820827129
A00035633.npy,35,6,0.154,0.3,cs,12.493691682774903,0.5912932763374324
A00035633.npy,35,6,0.154,0.3,ddnm,13.139209223037184,0.613095178793125
A00035633.npy,35,6,0.154,0.5,zerofill,24.47884707996412,0.6946134140436683
A00035633.npy,35,6,0.154,0.5,cs,36.41793576616657,0.9724902424784124
A00035633.npy,35,6,0.154,0.5,ddnm,37.60306492340621,0.9798958372906375
A00035633.npy,40,11,0.282,0.2,zerofill,18.562671221341326,0.5331229202750423
A00035633.npy,40,11,0.282,0.2,cs,28.152837476783937,0.8490813439764489
A00035633.npy,40,11,0.282,0.2,ddnm,30.012093765154134,0.9040270427737993
A00035633.npy,40,11,0.282,0.3,zerofill,21.659800904145754,0.5781643945811435
A00035633.npy,40,11,0.282,0.3,cs,31.220540817243908,0.9187012311512666
A00035633.npy,40,11,0.282,0.3,ddnm,31.47546533071097,0.9282087122751672
A00035633.npy,40,11,0.282,0.5,zerofill,28.434542764198873,0.8251984647332018
A00035633.npy,40,11,0.282,0.5,cs,34.91720834205047,0.9760371014992417
A00035633.npy,40,11,0.282,0.5,ddnm,34.761197563735756,0.967996226146605
A00035633.npy,46,17,0.436,0.2,zerofill,12.02062047060247,0.4571133903754151
A00035633.npy,46,17,0.436,0.2,cs,13.235774951774488,0.630020637199685
A00035633.npy,46,17,0.436,0.2,ddnm,19.195116667373316,0.773059419923033
A00035633.npy,46,17,0.436,0.3,zerofill,21.774357933859104,0.6642610553603836
A00035633.npy,46,17,0.436,0.3,cs,31.172113349374797,0.9297440782003155
A00035633.npy,46,17,0.436,0.3,ddnm,29.762128563795038,0.9298266814368382
A00035633.npy,46,17,0.436,0.5,zerofill,28.005911818225492,0.8035216542588809
A00035633.npy,46,17,0.436,0.5,cs,34.969487831331435,0.9734445044315813
A00035633.npy,46,17,0.436,0.5,ddnm,34.419809205371294,0.9675783925889737
A00035633.npy,51,22,0.564,0.2,zerofill,12.941251723989094,0.4370215514369961
A00035633.npy,51,22,0.564,0.2,cs,12.986935106236558,0.6040114591539375
A00035633.npy,51,22,0.564,0.2,ddnm,29.041573733774932,0.8360958075237447
A00035633.npy,51,22,0.564,0.3,zerofill,13.145989107682823,0.54022163065951
A00035633.npy,51,22,0.564,0.3,cs,13.034966357971872,0.6755016075275254
A00035633.npy,51,22,0.564,0.3,ddnm,29.408461547654426,0.8793675299174233
A00035633.npy,51,22,0.564,0.5,zerofill,13.456183579975216,0.6177718895954118
A00035633.npy,51,22,0.564,0.5,cs,13.048384312366608,0.7050520377687975
A00035633.npy,51,22,0.564,0.5,ddnm,28.80006996516821,0.8995290591239576
A00035633.npy,57,28,0.718,0.2,zerofill,16.65300342622553,0.5066948825053119
A00035633.npy,57,28,0.718,0.2,cs,23.49515913073917,0.7868975695807884
A00035633.npy,57,28,0.718,0.2,ddnm,29.91567611045014,0.8807044765563845
A00035633.npy,57,28,0.718,0.3,zerofill,20.796476712051568,0.6297868954793839
A00035633.npy,57,28,0.718,0.3,cs,30.9680064136381,0.9214663460302084
A00035633.npy,57,28,0.718,0.3,ddnm,33.433154200532904,0.9517786086358488
A00035633.npy,57,28,0.718,0.5,zerofill,24.357321631964055,0.7084562611803922
A00035633.npy,57,28,0.718,0.5,cs,35.07951409138953,0.9692411067920871
A00035633.npy,57,28,0.718,0.5,ddnm,38.163194396370386,0.9804147278804415
A00035633.npy,62,33,0.846,0.2,zerofill,12.34596003425712,0.41733981037725876
A00035633.npy,62,33,0.846,0.2,cs,13.57484637096567,0.6415269887928732
A00035633.npy,62,33,0.846,0.2,ddnm,22.865997285311664,0.800902785434498
A00035633.npy,62,33,0.846,0.3,zerofill,22.203774953403755,0.6003366439835709
A00035633.npy,62,33,0.846,0.3,cs,28.561847650461797,0.9175364373772896
A00035633.npy,62,33,0.846,0.3,ddnm,30.914006967222896,0.9382553606448524
A00035633.npy,62,33,0.846,0.5,zerofill,19.14755625393594,0.657675690990994
A00035633.npy,62,33,0.846,0.5,cs,31.273880306885793,0.957627814208042
A00035633.npy,62,33,0.846,0.5,ddnm,36.253580065467595,0.9707979089356469
A00035633.npy,68,39,1.0,0.2,zerofill,18.882423991926647,0.46484302665367155
A00035633.npy,68,39,1.0,0.2,cs,26.793903948264003,0.8155706426513187
A00035633.npy,68,39,1.0,0.2,ddnm,29.52281728562427,0.8970502290281036
A00035633.npy,68,39,1.0,0.3,zerofill,18.93282530926029,0.5762712300452947
A00035633.npy,68,39,1.0,0.3,cs,30.908915694049472,0.9026108347775514
A00035633.npy,68,39,1.0,0.3,ddnm,33.819929912546485,0.9557348913929854
A00035633.npy,68,39,1.0,0.5,zerofill,25.38729652456405,0.7458166704984206
A00035633.npy,68,39,1.0,0.5,cs,35.74799660505174,0.9793073840677594
A00035633.npy,68,39,1.0,0.5,ddnm,36.93162147095853,0.9772333118807273
A00035798.npy,29,0,0.0,0.2,zerofill,19.723939431787052,0.5001153671981737
A00035798.npy,29,0,0.0,0.2,cs,29.43705937254017,0.8511514194669876
A00035798.npy,29,0,0.0,0.2,ddnm,29.972958075163895,0.9151348787104849
A00035798.npy,29,0,0.0,0.3,zerofill,18.185744271082417,0.4376894226611046
A00035798.npy,29,0,0.0,0.3,cs,29.19391973092869,0.8642695326021692
A00035798.npy,29,0,0.0,0.3,ddnm,32.187764151086085,0.9328482715221253
A00035798.npy,29,0,0.0,0.5,zerofill,12.031417666991434,0.4847337712659501
A00035798.npy,29,0,0.0,0.5,cs,11.720263035950147,0.5867790992325935
A00035798.npy,29,0,0.0,0.5,ddnm,32.43077432245166,0.8605484189322977
A00035798.npy,35,6,0.154,0.2,zerofill,12.275493087435356,0.3972021465072679
A00035798.npy,35,6,0.154,0.2,cs,12.420999677618953,0.5723658380642213
A00035798.npy,35,6,0.154,0.2,ddnm,22.077915993348547,0.6677664882732057
A00035798.npy,35,6,0.154,0.3,zerofill,21.740892583685127,0.5812238319745158
A00035798.npy,35,6,0.154,0.3,cs,30.686847708259208,0.8943585871952343
A00035798.npy,35,6,0.154,0.3,ddnm,31.327976221174115,0.9352149424568376
A00035798.npy,35,6,0.154,0.5,zerofill,27.400372661883715,0.7692188374148529
A00035798.npy,35,6,0.154,0.5,cs,35.23953872818466,0.9689079179450794
A00035798.npy,35,6,0.154,0.5,ddnm,35.19699167412223,0.9667169034112624
A00035798.npy,40,11,0.282,0.2,zerofill,19.924666085110335,0.5328393617282543
A00035798.npy,40,11,0.282,0.2,cs,26.93542372961295,0.8152992559521309
A00035798.npy,40,11,0.282,0.2,ddnm,31.337958086156014,0.8996225949261689
A00035798.npy,40,11,0.282,0.3,zerofill,20.467593948582035,0.6021070379506952
A00035798.npy,40,11,0.282,0.3,cs,29.592891990475863,0.9083323152883499
A00035798.npy,40,11,0.282,0.3,ddnm,31.927600682457687,0.9530512888271845
A00035798.npy,40,11,0.282,0.5,zerofill,27.437164211735645,0.8057277280077922
A00035798.npy,40,11,0.282,0.5,cs,35.45052626038701,0.9761352041329276
A00035798.npy,40,11,0.282,0.5,ddnm,36.92257412277354,0.9771947475754423
A00035798.npy,46,17,0.436,0.2,zerofill,13.017561344376226,0.41200766401214284
A00035798.npy,46,17,0.436,0.2,cs,14.031388417321036,0.6424609548173551
A00035798.npy,46,17,0.436,0.2,ddnm,13.218554809721766,0.6543665515714965
A00035798.npy,46,17,0.436,0.3,zerofill,13.41671981661901,0.4968114214039073
A00035798.npy,46,17,0.436,0.3,cs,13.520789518780825,0.7170585535046723
A00035798.npy,46,17,0.436,0.3,ddnm,30.528866817650645,0.9213151648431391
A00035798.npy,46,17,0.436,0.5,zerofill,25.383594865302953,0.7718253095479853
A00035798.npy,46,17,0.436,0.5,cs,36.07876677664014,0.9782124933008544
A00035798.npy,46,17,0.436,0.5,ddnm,39.756059055649786,0.9841348912023274
A00035798.npy,51,22,0.564,0.2,zerofill,13.548528393159476,0.45519101542627766
A00035798.npy,51,22,0.564,0.2,cs,13.783528319701325,0.6675251150261174
A00035798.npy,51,22,0.564,0.2,ddnm,32.218727763983786,0.9013642758607576
A00035798.npy,51,22,0.564,0.3,zerofill,13.730121949178411,0.45896269903982306
A00035798.npy,51,22,0.564,0.3,cs,13.86370148533029,0.6831260618070207
A00035798.npy,51,22,0.564,0.3,ddnm,34.54734709625315,0.9210804979131927
A00035798.npy,51,22,0.564,0.5,zerofill,27.93985028947022,0.7948632271844244
A00035798.npy,51,22,0.564,0.5,cs,37.58095258679442,0.982994950709084
A00035798.npy,51,22,0.564,0.5,ddnm,40.81090516116966,0.9878183829507274
A00035798.npy,57,28,0.718,0.2,zerofill,16.979870457248044,0.46164258849482026
A00035798.npy,57,28,0.718,0.2,cs,24.64329556422332,0.7721117443031036
A00035798.npy,57,28,0.718,0.2,ddnm,32.12070206083838,0.8974141697791019
A00035798.npy,57,28,0.718,0.3,zerofill,13.941859435913242,0.4856245692840433
A00035798.npy,57,28,0.718,0.3,cs,13.954149191399646,0.7279061468667992
A00035798.npy,57,28,0.718,0.3,ddnm,28.635923875282153,0.8700195190613628
A00035798.npy,57,28,0.718,0.5,zerofill,26.042513299342676,0.7579423337120325
A00035798.npy,57,28,0.718,0.5,cs,35.26164050928229,0.9811037537816775
A00035798.npy,57,28,0.718,0.5,ddnm,37.60179442268048,0.9851140052368487
A00035798.npy,62,33,0.846,0.2,zerofill,12.93540553470481,0.4017791285388653
A00035798.npy,62,33,0.846,0.2,cs,13.913258250111248,0.637387457461667
A00035798.npy,62,33,0.846,0.2,ddnm,28.07954791470829,0.8184495191907
A00035798.npy,62,33,0.846,0.3,zerofill,13.817072230787122,0.42470453677286535
A00035798.npy,62,33,0.846,0.3,cs,14.070138939811548,0.6837298660192681
A00035798.npy,62,33,0.846,0.3,ddnm,33.16071874804893,0.9091728280581989
A00035798.npy,62,33,0.846,0.5,zerofill,25.905884575263535,0.7106980481147476
A00035798.npy,62,33,0.846,0.5,cs,35.744478011783784,0.9820565404317867
A00035798.npy,62,33,0.846,0.5,ddnm,40.455417457220484,0.987481400718999
A00035798.npy,68,39,1.0,0.2,zerofill,12.713479939523163,0.42752058049530944
A00035798.npy,68,39,1.0,0.2,cs,13.166135373511075,0.6242204329679969
A00035798.npy,68,39,1.0,0.2,ddnm,30.751954264218195,0.9077597498689502
A00035798.npy,68,39,1.0,0.3,zerofill,19.59762739195924,0.50082652318177
A00035798.npy,68,39,1.0,0.3,cs,29.038718929756108,0.8795983332039844
A00035798.npy,68,39,1.0,0.3,ddnm,33.22003636155023,0.9634680978531351
A00035798.npy,68,39,1.0,0.5,zerofill,26.19585669373325,0.7376273611022469
A00035798.npy,68,39,1.0,0.5,cs,35.64720524535078,0.9836407311178605
A00035798.npy,68,39,1.0,0.5,ddnm,38.03886572758061,0.9889313396756222
A00035840.npy,29,0,0.0,0.2,zerofill,16.32662365457376,0.3940138703565549
A00035840.npy,29,0,0.0,0.2,cs,24.88419704489049,0.8001878361741531
A00035840.npy,29,0,0.0,0.2,ddnm,32.01943851603396,0.9435156579461029
A00035840.npy,29,0,0.0,0.3,zerofill,20.6873929963634,0.5303727624455262
A00035840.npy,29,0,0.0,0.3,cs,33.175082852797544,0.9345006548114535
A00035840.npy,29,0,0.0,0.3,ddnm,34.447152891425,0.9736641533943121
A00035840.npy,29,0,0.0,0.5,zerofill,23.15327800570111,0.7078310505892367
A00035840.npy,29,0,0.0,0.5,cs,35.48738957879873,0.9797778028941737
A00035840.npy,29,0,0.0,0.5,ddnm,36.06227078489062,0.9789451892675171
A00035840.npy,35,6,0.154,0.2,zerofill,17.080815655096266,0.4268598947552079
A00035840.npy,35,6,0.154,0.2,cs,26.827260009666006,0.8071248182695028
A00035840.npy,35,6,0.154,0.2,ddnm,31.66866299667305,0.9130891636884988
A00035840.npy,35,6,0.154,0.3,zerofill,23.187286869535324,0.6198986983196568
A00035840.npy,35,6,0.154,0.3,cs,31.527918926193976,0.9476836308520573
A00035840.npy,35,6,0.154,0.3,ddnm,30.887816963797952,0.9388011207914712
A00035840.npy,35,6,0.154,0.5,zerofill,24.027744289367135,0.6968006580026433
A00035840.npy,35,6,0.154,0.5,cs,36.36462324144465,0.9799845294265521
A00035840.npy,35,6,0.154,0.5,ddnm,37.27265801962818,0.9816146176553676
A00035840.npy,40,11,0.282,0.2,zerofill,17.21571984867111,0.4540796261822248
A00035840.npy,40,11,0.282,0.2,cs,26.983015258599885,0.8279154068248252
A00035840.npy,40,11,0.282,0.2,ddnm,31.15712437744246,0.9003527787176392
A00035840.npy,40,11,0.282,0.3,zerofill,20.67807664284105,0.6470609699876918
A00035840.npy,40,11,0.282,0.3,cs,31.08119505955993,0.9282550981743334
A00035840.npy,40,11,0.282,0.3,ddnm,34.19261795013722,0.9649355858444238
A00035840.npy,40,11,0.282,0.5,zerofill,24.53885719263932,0.7413612756965363
A00035840.npy,40,11,0.282,0.5,cs,35.9015328344932,0.980765529851925
A00035840.npy,40,11,0.282,0.5,ddnm,37.82202882245917,0.9846565927694447
A00035840.npy,46,17,0.436,0.2,zerofill,18.44574844502462,0.4460276277142455
A00035840.npy,46,17,0.436,0.2,cs,27.202914165832773,0.7992647333075391
A00035840.npy,46,17,0.436,0.2,ddnm,34.51888378921046,0.9431136026758239
A00035840.npy,46,17,0.436,0.3,zerofill,13.090416817776461,0.45881563202619086
A00035840.npy,46,17,0.436,0.3,cs,13.000019606318949,0.6715257745083247
A00035840.npy,46,17,0.436,0.3,ddnm,28.628595796017954,0.8537484143896429
A00035840.npy,46,17,0.436,0.5,zerofill,26.525190646045008,0.7552962979393854
A00035840.npy,46,17,0.436,0.5,cs,38.054941837945044,0.9846262868270538
A00035840.npy,46,17,0.436,0.5,ddnm,43.15148792423656,0.992295204748136
A00035840.npy,51,22,0.564,0.2,zerofill,12.59940598650109,0.36430801299513027
A00035840.npy,51,22,0.564,0.2,cs,12.872042893225139,0.5610069900022552
A00035840.npy,51,22,0.564,0.2,ddnm,26.193015204580306,0.7997619701739379
A00035840.npy,51,22,0.564,0.3,zerofill,20.55123534665251,0.5327739868648241
A00035840.npy,51,22,0.564,0.3,cs,31.065146926372996,0.9285779392716665
A00035840.npy,51,22,0.564,0.3,ddnm,36.91758721906749,0.9778172791372606
A00035840.npy,51,22,0.564,0.5,zerofill,23.54836166938523,0.6925069423322429
A00035840.npy,51,22,0.564,0.5,cs,35.74121729626721,0.9790920060557469
A00035840.npy,51,22,0.564,0.5,ddnm,41.00556336741212,0.9923723884341346
A00035840.npy,57,28,0.718,0.2,zerofill,11.913879671954632,0.3370764074276004
A00035840.npy,57,28,0.718,0.2,cs,12.861676327026245,0.5631995267669222
A00035840.npy,57,28,0.718,0.2,ddnm,26.56232916329021,0.7988205673545373
A00035840.npy,57,28,0.718,0.3,zerofill,12.93649942608523,0.49560235741543596
A00035840.npy,57,28,0.718,0.3,cs,13.095059165626132,0.6743119944004828
A00035840.npy,57,28,0.718,0.3,ddnm,30.869840027542693,0.8846473045781299
A00035840.npy,57,28,0.718,0.5,zerofill,28.132991246020747,0.821041008644757
A00035840.npy,57,28,0.718,0.5,cs,35.76831458568136,0.986475401369515
A00035840.npy,57,28,0.718,0.5,ddnm,40.428904698200725,0.9901127748850115
A00035840.npy,62,33,0.846,0.2,zerofill,12.467719141229221,0.3457603234545669
A00035840.npy,62,33,0.846,0.2,cs,12.696734508318666,0.5363416336490198
A00035840.npy,62,33,0.846,0.2,ddnm,29.522525256572614,0.8164996648549201
A00035840.npy,62,33,0.846,0.3,zerofill,12.771161654433023,0.4249264834516895
A00035840.npy,62,33,0.846,0.3,cs,12.911237499708456,0.6416443240274127
A00035840.npy,62,33,0.846,0.3,ddnm,33.037431194709306,0.8973527850382464
A00035840.npy,62,33,0.846,0.5,zerofill,27.137722841423564,0.7550671422801255
A00035840.npy,62,33,0.846,0.5,cs,35.530772911525894,0.9835499956527085
A00035840.npy,62,33,0.846,0.5,ddnm,40.991020953835964,0.9900815590587363
A00035840.npy,68,39,1.0,0.2,zerofill,17.769489870722676,0.4333608088539199
A00035840.npy,68,39,1.0,0.2,cs,25.42883780271143,0.7555338009247454
A00035840.npy,68,39,1.0,0.2,ddnm,33.43504985863293,0.9534679768335207
A00035840.npy,68,39,1.0,0.3,zerofill,21.52048689310236,0.5462739345921943
A00035840.npy,68,39,1.0,0.3,cs,30.00434463838877,0.9206933414348789
A00035840.npy,68,39,1.0,0.3,ddnm,34.89061276929243,0.9754090612892885
A00035840.npy,68,39,1.0,0.5,zerofill,27.257037734341818,0.7646155573977811
A00035840.npy,68,39,1.0,0.5,cs,36.33192688154968,0.9865604034517119
A00035840.npy,68,39,1.0,0.5,ddnm,39.26308311125057,0.9909463525098743
A00035940.npy,29,0,0.0,0.2,zerofill,11.591838503195916,0.34527964768685165
A00035940.npy,29,0,0.0,0.2,cs,12.091003257810552,0.5411700160548149
A00035940.npy,29,0,0.0,0.2,ddnm,28.221976807569366,0.8029280178077686
A00035940.npy,29,0,0.0,0.3,zerofill,11.861699817721032,0.38684455028569453
A00035940.npy,29,0,0.0,0.3,cs,12.131843500312966,0.5847936846024728
A00035940.npy,29,0,0.0,0.3,ddnm,30.055913604994235,0.8730092479571304
A00035940.npy,29,0,0.0,0.5,zerofill,28.7270548441693,0.8427191023934844
A00035940.npy,29,0,0.0,0.5,cs,35.63792927248012,0.9809051548936488
A00035940.npy,29,0,0.0,0.5,ddnm,36.0154181723116,0.9773053856658154
A00035940.npy,35,6,0.154,0.2,zerofill,17.57000044924256,0.46579892625259744
A00035940.npy,35,6,0.154,0.2,cs,23.090970401650427,0.7611788208073306
A00035940.npy,35,6,0.154,0.2,ddnm,28.99875536438811,0.8717882092576599
A00035940.npy,35,6,0.154,0.3,zerofill,19.07499333389889,0.5525045107848126
A00035940.npy,35,6,0.154,0.3,cs,26.24084092401194,0.8711234808265482
A00035940.npy,35,6,0.154,0.3,ddnm,31.189555509649853,0.9142626564738507
A00035940.npy,35,6,0.154,0.5,zerofill,24.571971092318993,0.7567229972117275
A00035940.npy,35,6,0.154,0.5,cs,34.002869882088376,0.9709125310402825
A00035940.npy,35,6,0.154,0.5,ddnm,32.871674601914066,0.9599141228250264
A00035940.npy,40,11,0.282,0.2,zerofill,13.432971018418415,0.4496696258257873
A00035940.npy,40,11,0.282,0.2,cs,14.246656830943143,0.6260892637637455
A00035940.npy,40,11,0.282,0.2,ddnm,29.39072864329503,0.8421790488354624
A00035940.npy,40,11,0.282,0.3,zerofill,13.736314051543019,0.5392862274784715
A00035940.npy,40,11,0.282,0.3,cs,14.339304421533887,0.7042511624030015
A00035940.npy,40,11,0.282,0.3,ddnm,30.814466098249742,0.8950621927158546
A00035940.npy,40,11,0.282,0.5,zerofill,28.08742062292044,0.8251911391484336
A00035940.npy,40,11,0.282,0.5,cs,35.15134259429631,0.97594769751151
A00035940.npy,40,11,0.282,0.5,ddnm,35.401467172677314,0.9727567035011052
A00035940.npy,46,17,0.436,0.2,zerofill,14.097161816451841,0.46528500389084115
A00035940.npy,46,17,0.436,0.2,cs,14.495568120225201,0.6591514607372784
A00035940.npy,46,17,0.436,0.2,ddnm,31.241622537082776,0.8943378140219307
A00035940.npy,46,17,0.436,0.3,zerofill,14.76876791837497,0.5570693968708912
A00035940.npy,46,17,0.436,0.3,cs,14.518720019550688,0.7363695707454101
A00035940.npy,46,17,0.436,0.3,ddnm,34.24796733552468,0.9411197234785099
A00035940.npy,46,17,0.436,0.5,zerofill,25.92284215424309,0.7713115682109121
A00035940.npy,46,17,0.436,0.5,cs,35.93833243254495,0.9784846983147193
A00035940.npy,46,17,0.436,0.5,ddnm,37.73646472109115,0.9804681752981341
A00035940.npy,51,22,0.564,0.2,zerofill,20.271264716555972,0.48749630931669874
A00035940.npy,51,22,0.564,0.2,cs,26.080118849832537,0.779744881313135
A00035940.npy,51,22,0.564,0.2,ddnm,30.833780017171527,0.9282340581311842
A00035940.npy,51,22,0.564,0.3,zerofill,14.248922253545661,0.5103851490003075
A00035940.npy,51,22,0.564,0.3,cs,14.439800734896263,0.7083966335771705
A00035940.npy,51,22,0.564,0.3,ddnm,31.884434056004768,0.9188937250954254
A00035940.npy,51,22,0.564,0.5,zerofill,26.317551530806238,0.7532761681462505
A00035940.npy,51,22,0.564,0.5,cs,36.806769561732104,0.9830131933505546
A00035940.npy,51,22,0.564,0.5,ddnm,41.42620134870807,0.9903246704624148
A00035940.npy,57,28,0.718,0.2,zerofill,13.609535607228798,0.43214585444574294
A00035940.npy,57,28,0.718,0.2,cs,14.259812673427525,0.6291237554794441
A00035940.npy,57,28,0.718,0.2,ddnm,31.74987313624742,0.8995752475857415
A00035940.npy,57,28,0.718,0.3,zerofill,21.732684967106323,0.5787459441221534
A00035940.npy,57,28,0.718,0.3,cs,28.821229736152887,0.9170814863776798
A00035940.npy,57,28,0.718,0.3,ddnm,33.96372702804693,0.9628351991157703
A00035940.npy,57,28,0.718,0.5,zerofill,26.21708972104567,0.7702766868862249
A00035940.npy,57,28,0.718,0.5,cs,35.0720808420465,0.9829103974157429
A00035940.npy,57,28,0.718,0.5,ddnm,37.01942362224723,0.9819274772578304
A00035940.npy,62,33,0.846,0.2,zerofill,18.440077460587283,0.4786997873203739
A00035940.npy,62,33,0.846,0.2,cs,25.427367845612345,0.7890236502784007
A00035940.npy,62,33,0.846,0.2,ddnm,32.89218192630386,0.9144573619860021
A00035940.npy,62,33,0.846,0.3,zerofill,21.72229340389142,0.5623321607033143
A00035940.npy,62,33,0.846,0.3,cs,30.508126162757513,0.9125776695469492
A00035940.npy,62,33,0.846,0.3,ddnm,33.98047501610892,0.9645965379217049
A00035940.npy,62,33,0.846,0.5,zerofill,26.753880667997688,0.7676739181360358
A00035940.npy,62,33,0.846,0.5,cs,34.54418523007884,0.9807288980442361
A00035940.npy,62,33,0.846,0.5,ddnm,36.19466116178052,0.9775923282965253
A00035940.npy,68,39,1.0,0.2,zerofill,17.15291547800955,0.44695155906778467
A00035940.npy,68,39,1.0,0.2,cs,26.837256981685883,0.8113936326816028
A00035940.npy,68,39,1.0,0.2,ddnm,30.506996318835867,0.9240403560447504
A00035940.npy,68,39,1.0,0.3,zerofill,12.492720865840607,0.4479160626081326
A00035940.npy,68,39,1.0,0.3,cs,12.757716290978479,0.6235644060698068
A00035940.npy,68,39,1.0,0.3,ddnm,32.89999993192162,0.9426303140917186
A00035940.npy,68,39,1.0,0.5,zerofill,26.732474051060358,0.7545062936834933
A00035940.npy,68,39,1.0,0.5,cs,36.57162717509513,0.9852140927644738
A00035940.npy,68,39,1.0,0.5,ddnm,37.89169473680816,0.9894592815495025
A00037266.npy,29,0,0.0,0.2,zerofill,11.007852708984128,0.32333330659126913
A00037266.npy,29,0,0.0,0.2,cs,11.409206064983145,0.49198363387670957
A00037266.npy,29,0,0.0,0.2,ddnm,22.84323796772628,0.6158637655182361
A00037266.npy,29,0,0.0,0.3,zerofill,22.906118697187004,0.6164880480231966
A00037266.npy,29,0,0.0,0.3,cs,32.96034742218585,0.9493315600897958
A00037266.npy,29,0,0.0,0.3,ddnm,31.077864926250136,0.9386591097598785
A00037266.npy,29,0,0.0,0.5,zerofill,28.46021291867084,0.7625835437099361
A00037266.npy,29,0,0.0,0.5,cs,37.465300630471766,0.9794262387569282
A00037266.npy,29,0,0.0,0.5,ddnm,38.047548809215805,0.97560026151251
A00037266.npy,35,6,0.154,0.2,zerofill,19.282658493068933,0.48457277651410646
A00037266.npy,35,6,0.154,0.2,cs,27.983140226504872,0.8518844484666939
A00037266.npy,35,6,0.154,0.2,ddnm,29.667078202466797,0.9183080623112069
A00037266.npy,35,6,0.154,0.3,zerofill,11.337174482006462,0.3918710977060933
A00037266.npy,35,6,0.154,0.3,cs,12.78324221037421,0.6031783704859801
A00037266.npy,35,6,0.154,0.3,ddnm,26.66767263769822,0.8180488289825196
A00037266.npy,35,6,0.154,0.5,zerofill,23.574184699354067,0.6999774433806207
A00037266.npy,35,6,0.154,0.5,cs,36.35855595170772,0.9801791800194548
A00037266.npy,35,6,0.154,0.5,ddnm,37.339686127811646,0.9855176057867772
A00037266.npy,40,11,0.282,0.2,zerofill,11.949232497641752,0.32522042480407437
A00037266.npy,40,11,0.282,0.2,cs,12.23885629350179,0.48797514705724293
A00037266.npy,40,11,0.282,0.2,ddnm,27.850889603129247,0.7881502287840961
A00037266.npy,40,11,0.282,0.3,zerofill,11.954736410427584,0.41462517559745315
A00037266.npy,40,11,0.282,0.3,cs,12.318445201417278,0.5962172682028385
A00037266.npy,40,11,0.282,0.3,ddnm,25.157767646008402,0.7695767527420622
A00037266.npy,40,11,0.282,0.5,zerofill,24.273064584908543,0.6947458667076769
A00037266.npy,40,11,0.282,0.5,cs,36.49583138067116,0.9774120408131595
A00037266.npy,40,11,0.282,0.5,ddnm,37.735463411709,0.982211125590602
A00037266.npy,46,17,0.436,0.2,zerofill,13.2237967598293,0.4211549937687218
A00037266.npy,46,17,0.436,0.2,cs,14.878256834604557,0.670651045098427
A00037266.npy,46,17,0.436,0.2,ddnm,26.023128039602554,0.8145732991551308
A00037266.npy,46,17,0.436,0.3,zerofill,20.488849107880004,0.6153033517487008
A00037266.npy,46,17,0.436,0.3,cs,30.03522570776422,0.9175804276835274
A00037266.npy,46,17,0.436,0.3,ddnm,30.142487877318175,0.9413319297817663
A00037266.npy,46,17,0.436,0.5,zerofill,25.814221424380186,0.7448800797098362
A00037266.npy,46,17,0.436,0.5,cs,34.50878639853652,0.9799297587128616
A00037266.npy,46,17,0.436,0.5,ddnm,33.88093293429786,0.9777303776876224
A00037266.npy,51,22,0.564,0.2,zerofill,20.355449480184316,0.5573617831575655
A00037266.npy,51,22,0.564,0.2,cs,26.963636071884814,0.8717490995552584
A00037266.npy,51,22,0.564,0.2,ddnm,28.03058038434511,0.9190943174332469
A00037266.npy,51,22,0.564,0.3,zerofill,21.38442186146751,0.582381112012488
A00037266.npy,51,22,0.564,0.3,cs,28.712427774545635,0.9107095061219954
A00037266.npy,51,22,0.564,0.3,ddnm,31.62190560875888,0.9510035075165193
A00037266.npy,51,22,0.564,0.5,zerofill,24.443540270952976,0.7543011561362235
A00037266.npy,51,22,0.564,0.5,cs,33.104749581108365,0.9766914129329285
A00037266.npy,51,22,0.564,0.5,ddnm,31.6820509870877,0.9678688886760864
A00037266.npy,57,28,0.718,0.2,zerofill,14.162344250976759,0.4030795746302319
A00037266.npy,57,28,0.718,0.2,cs,15.325569730969125,0.5970678873807495
A00037266.npy,57,28,0.718,0.2,ddnm,28.143798284173094,0.8349337076692692
A00037266.npy,57,28,0.718,0.3,zerofill,18.53933622470652,0.5404695709152076
A00037266.npy,57,28,0.718,0.3,cs,27.92285435843247,0.904744288041195
A00037266.npy,57,28,0.718,0.3,ddnm,31.428387566902142,0.9383422522010966
A00037266.npy,57,28,0.718,0.5,zerofill,24.958658540505652,0.759541236083634
A00037266.npy,57,28,0.718,0.5,cs,33.74628529876465,0.982573186440578
A00037266.npy,57,28,0.718,0.5,ddnm,35.71872658166725,0.9858609244760023
A00037266.npy,62,33,0.846,0.2,zerofill,13.99887200301171,0.4891768531605001
A00037266.npy,62,33,0.846,0.2,cs,14.45136623836145,0.6509918088196163
A00037266.npy,62,33,0.846,0.2,ddnm,30.11367903742648,0.891744931669717
A00037266.npy,62,33,0.846,0.3,zerofill,14.478199772426652,0.5270225943631878
A00037266.npy,62,33,0.846,0.3,cs,14.622207591911733,0.7274165418727228
A00037266.npy,62,33,0.846,0.3,ddnm,32.13263722066738,0.9101212242239267
A00037266.npy,62,33,0.846,0.5,zerofill,28.766431965725772,0.8471716723322981
A00037266.npy,62,33,0.846,0.5,cs,34.94613224815226,0.9814184938618266
A00037266.npy,62,33,0.846,0.5,ddnm,35.159580729001945,0.9718985763833715
A00037266.npy,68,39,1.0,0.2,zerofill,13.380491687734475,0.408418861690363
A00037266.npy,68,39,1.0,0.2,cs,14.30874526074865,0.6207681038031931
A00037266.npy,68,39,1.0,0.2,ddnm,28.710691754327993,0.8341538336931922
A00037266.npy,68,39,1.0,0.3,zerofill,20.67029689925178,0.6051954694718198
A00037266.npy,68,39,1.0,0.3,cs,29.326632651118018,0.9198927767632353
A00037266.npy,68,39,1.0,0.3,ddnm,31.76293835714781,0.9654354773535904
A00037266.npy,68,39,1.0,0.5,zerofill,14.827585228624876,0.6312416701424822
A00037266.npy,68,39,1.0,0.5,cs,14.853892100756788,0.7314112692853395
A00037266.npy,68,39,1.0,0.5,ddnm,30.76514088539481,0.8891287376752258
A00037377.npy,29,0,0.0,0.2,zerofill,19.342905686945823,0.4749054441688367
A00037377.npy,29,0,0.0,0.2,cs,27.405232525594098,0.8281432217031065
A00037377.npy,29,0,0.0,0.2,ddnm,29.84424954837305,0.8961417278421563
A00037377.npy,29,0,0.0,0.3,zerofill,21.14066746405207,0.5641701908305865
A00037377.npy,29,0,0.0,0.3,cs,30.90427065265521,0.9482998569440663
A00037377.npy,29,0,0.0,0.3,ddnm,29.88014093475904,0.9424873107892342
A00037377.npy,29,0,0.0,0.5,zerofill,22.792559160351455,0.6349726077944134
A00037377.npy,29,0,0.0,0.5,cs,36.13107596480384,0.9774991837569188
A00037377.npy,29,0,0.0,0.5,ddnm,37.50312311642485,0.9813065127367231
A00037377.npy,35,6,0.154,0.2,zerofill,19.018677213525272,0.471972888089562
A00037377.npy,35,6,0.154,0.2,cs,27.663941893325372,0.8116425534395425
A00037377.npy,35,6,0.154,0.2,ddnm,29.914816632819694,0.8963161253952765
A00037377.npy,35,6,0.154,0.3,zerofill,12.207352377019081,0.46159719681919154
A00037377.npy,35,6,0.154,0.3,cs,13.271819357666528,0.6798000587273174
A00037377.npy,35,6,0.154,0.3,ddnm,17.9011132967857,0.7604396395001135
A00037377.npy,35,6,0.154,0.5,zerofill,26.271174724079742,0.7295826936940453
A00037377.npy,35,6,0.154,0.5,cs,36.41698021875542,0.9784152722389139
A00037377.npy,35,6,0.154,0.5,ddnm,37.93656898344289,0.9818389891889332
A00037377.npy,40,11,0.282,0.2,zerofill,17.612372274898032,0.5156487294632178
A00037377.npy,40,11,0.282,0.2,cs,27.464063791319553,0.8239752131170606
A00037377.npy,40,11,0.282,0.2,ddnm,34.51892836206684,0.9533463863696472
A00037377.npy,40,11,0.282,0.3,zerofill,21.52681422827575,0.6191944403763339
A00037377.npy,40,11,0.282,0.3,cs,32.29746221202069,0.9322817546766761
A00037377.npy,40,11,0.282,0.3,ddnm,35.74688806024665,0.9683829967500189
A00037377.npy,40,11,0.282,0.5,zerofill,26.383890309018852,0.7255983327763084
A00037377.npy,40,11,0.282,0.5,cs,36.3075751040643,0.9762496403494819
A00037377.npy,40,11,0.282,0.5,ddnm,38.978042254179066,0.9855047875123779
A00037377.npy,46,17,0.436,0.2,zerofill,17.9706652703401,0.49315718740258285
A00037377.npy,46,17,0.436,0.2,cs,25.86823747808228,0.824073269111033
A00037377.npy,46,17,0.436,0.2,ddnm,31.682445371871548,0.9208165718699552
A00037377.npy,46,17,0.436,0.3,zerofill,20.036484394584683,0.5650786272305459
A00037377.npy,46,17,0.436,0.3,cs,29.54156657590996,0.8951434368020871
A00037377.npy,46,17,0.436,0.3,ddnm,34.727547227985,0.961092638952602
A00037377.npy,46,17,0.436,0.5,zerofill,27.881292054349508,0.8059248303053703
A00037377.npy,46,17,0.436,0.5,cs,36.143781839605865,0.9800835154456049
A00037377.npy,46,17,0.436,0.5,ddnm,38.05296012728005,0.9820515460639319
A00037377.npy,51,22,0.564,0.2,zerofill,18.796008159563012,0.49035246929001153
A00037377.npy,51,22,0.564,0.2,cs,26.112861701543714,0.8086398809044969
A00037377.npy,51,22,0.564,0.2,ddnm,33.29745724636429,0.9465495424544865
A00037377.npy,51,22,0.564,0.3,zerofill,13.252626906005771,0.47366168969940414
A00037377.npy,51,22,0.564,0.3,cs,13.509032097059938,0.7021008817383686
A00037377.npy,51,22,0.564,0.3,ddnm,34.87481375346002,0.9468849257287464
A00037377.npy,51,22,0.564,0.5,zerofill,27.11855646267366,0.7879077264053826
A00037377.npy,51,22,0.564,0.5,cs,34.6073175873942,0.9812389854196578
A00037377.npy,51,22,0.564,0.5,ddnm,36.08202421915997,0.9815347713669345
A00037377.npy,57,28,0.718,0.2,zerofill,12.108237171413876,0.3828296940926675
A00037377.npy,57,28,0.718,0.2,cs,13.116275725705792,0.6248075190091888
A00037377.npy,57,28,0.718,0.2,ddnm,31.9492472350306,0.8868025172691021
A00037377.npy,57,28,0.718,0.3,zerofill,20.755937691283034,0.5415165817466735
A00037377.npy,57,28,0.718,0.3,cs,31.195554780135552,0.9356783874737371
A00037377.npy,57,28,0.718,0.3,ddnm,36.07055187095471,0.9758906910029255
A00037377.npy,57,28,0.718,0.5,zerofill,24.801899001635185,0.7698304383801879
A00037377.npy,57,28,0.718,0.5,cs,35.41759826717622,0.9833485141929136
A00037377.npy,57,28,0.718,0.5,ddnm,37.91937640876723,0.9855638512782402
A00037377.npy,62,33,0.846,0.2,zerofill,12.891312169801123,0.42031138644510996
A00037377.npy,62,33,0.846,0.2,cs,13.249969648301235,0.6309551175993343
A00037377.npy,62,33,0.846,0.2,ddnm,29.103007127597124,0.8390475918875006
A00037377.npy,62,33,0.846,0.3,zerofill,18.17015490033975,0.539329155997315
A00037377.npy,62,33,0.846,0.3,cs,31.9426928160396,0.9318384238025957
A00037377.npy,62,33,0.846,0.3,ddnm,36.301731174112575,0.9632183641547704
A00037377.npy,62,33,0.846,0.5,zerofill,26.568717029502107,0.7543741124990921
A00037377.npy,62,33,0.846,0.5,cs,35.868886726320916,0.9845574171520375
A00037377.npy,62,33,0.846,0.5,ddnm,38.027638395248026,0.9850618075824688
A00037377.npy,68,39,1.0,0.2,zerofill,18.404237693842884,0.4451991494264494
A00037377.npy,68,39,1.0,0.2,cs,26.118124386360964,0.8135236956062476
A00037377.npy,68,39,1.0,0.2,ddnm,30.20224184432426,0.9301865488246736
A00037377.npy,68,39,1.0,0.3,zerofill,22.02467542372178,0.5913671266067281
A00037377.npy,68,39,1.0,0.3,cs,28.190257151239187,0.9045140889669235
A00037377.npy,68,39,1.0,0.3,ddnm,32.9986963891202,0.9665667490712804
A00037377.npy,68,39,1.0,0.5,zerofill,26.08835196818451,0.7377905226805959
A00037377.npy,68,39,1.0,0.5,cs,35.09393552214388,0.9835930115247215
A00037377.npy,68,39,1.0,0.5,ddnm,37.802086371424906,0.9873040671655806
A00037421.npy,29,0,0.0,0.2,zerofill,15.051300515570825,0.3713533193962983
A00037421.npy,29,0,0.0,0.2,cs,24.536232779149355,0.7661194307275955
A00037421.npy,29,0,0.0,0.2,ddnm,29.900075418632333,0.8977520154699987
A00037421.npy,29,0,0.0,0.3,zerofill,19.879085558538222,0.5179452857036357
A00037421.npy,29,0,0.0,0.3,cs,32.53637301569188,0.9466823518788805
A00037421.npy,29,0,0.0,0.3,ddnm,33.11341626811925,0.9573547576795147
A00037421.npy,29,0,0.0,0.5,zerofill,11.434113100755068,0.43468024785635984
A00037421.npy,29,0,0.0,0.5,cs,11.208104041375869,0.5329724938403829
A00037421.npy,29,0,0.0,0.5,ddnm,39.14256040817542,0.9269570764179225
A00037421.npy,35,6,0.154,0.2,zerofill,11.397310499039646,0.3343126146506291
A00037421.npy,35,6,0.154,0.2,cs,11.983464191295568,0.5066868374556504
A00037421.npy,35,6,0.154,0.2,ddnm,20.248575183041684,0.5849765057834974
A00037421.npy,35,6,0.154,0.3,zerofill,19.36545337323238,0.477925169458189
A00037421.npy,35,6,0.154,0.3,cs,31.351940870408328,0.9053618835725312
A00037421.npy,35,6,0.154,0.3,ddnm,32.53118314445465,0.949522109113051
A00037421.npy,35,6,0.154,0.5,zerofill,27.378712595935852,0.7498395042610949
A00037421.npy,35,6,0.154,0.5,cs,36.861677715335766,0.9819638255630184
A00037421.npy,35,6,0.154,0.5,ddnm,37.30174113009006,0.9808736787756038
A00037421.npy,40,11,0.282,0.2,zerofill,11.752847766775826,0.3663857653152924
A00037421.npy,40,11,0.282,0.2,cs,12.613983866816556,0.5426822860254319
A00037421.npy,40,11,0.282,0.2,ddnm,20.849379509052103,0.6841027899613397
A00037421.npy,40,11,0.282,0.3,zerofill,21.020405881184978,0.5645932656214185
A00037421.npy,40,11,0.282,0.3,cs,29.993006797776935,0.9098413888404076
A00037421.npy,40,11,0.282,0.3,ddnm,31.418176134849407,0.9525986098612037
A00037421.npy,40,11,0.282,0.5,zerofill,26.429765215755168,0.7493444481150374
A00037421.npy,40,11,0.282,0.5,cs,36.869464365062555,0.9855782457999535
A00037421.npy,40,11,0.282,0.5,ddnm,35.18603133559861,0.9813201331629352
A00037421.npy,46,17,0.436,0.2,zerofill,11.987319152284268,0.39744104160173005
A00037421.npy,46,17,0.436,0.2,cs,12.8463031963996,0.5813533400212301
A00037421.npy,46,17,0.436,0.2,ddnm,30.22415253812423,0.8441051703998386
A00037421.npy,46,17,0.436,0.3,zerofill,12.719929242623438,0.44441188127790104
A00037421.npy,46,17,0.436,0.3,cs,13.049526892374159,0.6441884162613396
A00037421.npy,46,17,0.436,0.3,ddnm,24.670741409790185,0.8035348780468597
A00037421.npy,46,17,0.436,0.5,zerofill,25.282105189785042,0.7032075616431209
A00037421.npy,46,17,0.436,0.5,cs,37.1522357862422,0.9813816320452438
A00037421.npy,46,17,0.436,0.5,ddnm,37.20098219267204,0.9820534376303889
A00037421.npy,51,22,0.564,0.2,zerofill,13.057577986863201,0.41950799680379885
A00037421.npy,51,22,0.564,0.2,cs,13.48187644195091,0.6011533669905781
A00037421.npy,51,22,0.564,0.2,ddnm,30.85494592745347,0.8676264283137916
A00037421.npy,51,22,0.564,0.3,zerofill,13.009836483124275,0.43950173935987913
A00037421.npy,51,22,0.564,0.3,cs,13.60299800786098,0.6623966869308101
A00037421.npy,51,22,0.564,0.3,ddnm,32.305811269960174,0.9006159010022133
A00037421.npy,51,22,0.564,0.5,zerofill,26.3050165592893,0.759537894782376
A00037421.npy,51,22,0.564,0.5,cs,37.85035968402289,0.9865418632635664
A00037421.npy,51,22,0.564,0.5,ddnm,37.405419799033396,0.9858548017366379
A00037421.npy,57,28,0.718,0.2,zerofill,11.650262825579734,0.35385365644809263
A00037421.npy,57,28,0.718,0.2,cs,13.042764865441093,0.5750239307047804
A00037421.npy,57,28,0.718,0.2,ddnm,17.828781068717305,0.7220770906126541
A00037421.npy,57,28,0.718,0.3,zerofill,20.657356693420546,0.5790814534748012
A00037421.npy,57,28,0.718,0.3,cs,31.565766987920437,0.9386224821545294
A00037421.npy,57,28,0.718,0.3,ddnm,34.60458443560934,0.9704299859143943
A00037421.npy,57,28,0.718,0.5,zerofill,23.768839835748018,0.7128610181486988
A00037421.npy,57,28,0.718,0.5,cs,38.2899717319109,0.9854937180039768
A00037421.npy,57,28,0.718,0.5,ddnm,38.6571195804542,0.9871801583757647
A00037421.npy,62,33,0.846,0.2,zerofill,16.575776749930604,0.41690724540973506
A00037421.npy,62,33,0.846,0.2,cs,26.346276933831522,0.8088988223576403
A00037421.npy,62,33,0.846,0.2,ddnm,30.688197341078013,0.9228191550498694
A00037421.npy,62,33,0.846,0.3,zerofill,19.655925471921854,0.57960514131863
A00037421.npy,62,33,0.846,0.3,cs,32.52450736421819,0.9508778873652829
A00037421.npy,62,33,0.846,0.3,ddnm,34.46635627993179,0.9717584136624197
A00037421.npy,62,33,0.846,0.5,zerofill,24.325986040403023,0.7415722661612845
A00037421.npy,62,33,0.846,0.5,cs,36.73069067653586,0.9829884001770445
A00037421.npy,62,33,0.846,0.5,ddnm,37.78209911783587,0.9823824266125457
A00037421.npy,68,39,1.0,0.2,zerofill,11.924423079522873,0.3827605090467391
A00037421.npy,68,39,1.0,0.2,cs,12.524507652046006,0.5748918332745061
A00037421.npy,68,39,1.0,0.2,ddnm,31.332408035542613,0.8679299751330178
A00037421.npy,68,39,1.0,0.3,zerofill,12.36763926134461,0.441689874455434
A00037421.npy,68,39,1.0,0.3,cs,12.598644261252801,0.617179014133175
A00037421.npy,68,39,1.0,0.3,ddnm,33.958780352104,0.9105049879524183
A00037421.npy,68,39,1.0,0.5,zerofill,27.134195595570773,0.8076551176746332
A00037421.npy,68,39,1.0,0.5,cs,35.617698627083065,0.987357020510265
A00037421.npy,68,39,1.0,0.5,ddnm,36.077254171768665,0.9864627104337674
A00037635.npy,29,0,0.0,0.2,zerofill,17.177223704290917,0.4074541139262948
A00037635.npy,29,0,0.0,0.2,cs,27.808800283519226,0.8207948716205675
A00037635.npy,29,0,0.0,0.2,ddnm,29.881957403931978,0.9025227068038645
A00037635.npy,29,0,0.0,0.3,zerofill,19.30457700980343,0.49858945151817413
A00037635.npy,29,0,0.0,0.3,cs,32.062069347572596,0.9244653351266549
A00037635.npy,29,0,0.0,0.3,ddnm,33.47512681376337,0.9539610711205425
A00037635.npy,29,0,0.0,0.5,zerofill,11.775163830362128,0.4833193299879517
A00037635.npy,29,0,0.0,0.5,cs,11.784356704920214,0.580811231951606
A00037635.npy,29,0,0.0,0.5,ddnm,36.136325919290265,0.9155738497014265
A00037635.npy,35,6,0.154,0.2,zerofill,15.87983830238571,0.4646331977624984
A00037635.npy,35,6,0.154,0.2,cs,22.772710875461136,0.7682537441450071
A00037635.npy,35,6,0.154,0.2,ddnm,28.44639466366907,0.8483255421885462
A00037635.npy,35,6,0.154,0.3,zerofill,21.33161280492295,0.6275435389553664
A00037635.npy,35,6,0.154,0.3,cs,31.119693440234645,0.9406907590177712
A00037635.npy,35,6,0.154,0.3,ddnm,29.710761078340823,0.9330922309124031
A00037635.npy,35,6,0.154,0.5,zerofill,25.070187901043624,0.7151703847366908
A00037635.npy,35,6,0.154,0.5,cs,35.59917094097233,0.9775096844222013
A00037635.npy,35,6,0.154,0.5,ddnm,36.03931556456162,0.9804621672388432
A00037635.npy,40,11,0.282,0.2,zerofill,20.251859481280277,0.5383135981577456
A00037635.npy,40,11,0.282,0.2,cs,27.28946862585105,0.8024162315493597
A00037635.npy,40,11,0.282,0.2,ddnm,30.435801690226555,0.9019511535461392
A00037635.npy,40,11,0.282,0.3,zerofill,18.338643313325814,0.6022419962158798
A00037635.npy,40,11,0.282,0.3,cs,26.023964211567122,0.9001439455788992
A00037635.npy,40,11,0.282,0.3,ddnm,32.95903500547723,0.962372374110919
A00037635.npy,40,11,0.282,0.5,zerofill,27.475185800771772,0.8132949673647
A00037635.npy,40,11,0.282,0.5,cs,35.38352126662379,0.9759962723015522
A00037635.npy,40,11,0.282,0.5,ddnm,35.84596395079653,0.976775743790097
A00037635.npy,46,17,0.436,0.2,zerofill,13.069178708809634,0.45356861690769495
A00037635.npy,46,17,0.436,0.2,cs,13.251026226241294,0.624293246294383
A00037635.npy,46,17,0.436,0.2,ddnm,30.529035655698195,0.8896731711900049
A00037635.npy,46,17,0.436,0.3,zerofill,12.979313207705236,0.4834999523526899
A00037635.npy,46,17,0.436,0.3,cs,13.315273914624344,0.678913239303946
A00037635.npy,46,17,0.436,0.3,ddnm,30.219113931278404,0.8977531731685333
A00037635.npy,46,17,0.436,0.5,zerofill,28.635502456853978,0.8310301444424154
A00037635.npy,46,17,0.436,0.5,cs,35.99061059963789,0.9792823937071552
A00037635.npy,46,17,0.436,0.5,ddnm,35.902121901082666,0.9791715136220845
A00037635.npy,51,22,0.564,0.2,zerofill,13.163371817688407,0.4720605981247144
A00037635.npy,51,22,0.564,0.2,cs,13.177091852096385,0.6530197190725074
A00037635.npy,51,22,0.564,0.2,ddnm,30.04549686682678,0.8544397846795869
A00037635.npy,51,22,0.564,0.3,zerofill,21.851595633977375,0.633157691403891
A00037635.npy,51,22,0.564,0.3,cs,31.81612511190107,0.9311511580724929
A00037635.npy,51,22,0.564,0.3,ddnm,34.55072211244847,0.9628932685484908
A00037635.npy,51,22,0.564,0.5,zerofill,28.21440701446768,0.8316561659327859
A00037635.npy,51,22,0.564,0.5,cs,35.67875369213907,0.9790020679769194
A00037635.npy,51,22,0.564,0.5,ddnm,36.42949957565486,0.981826100525469
A00037635.npy,57,28,0.718,0.2,zerofill,18.441988134399182,0.5380061779530912
A00037635.npy,57,28,0.718,0.2,cs,27.463578519697904,0.8398029596270236
A00037635.npy,57,28,0.718,0.2,ddnm,32.580610831142394,0.9239455233399376
A00037635.npy,57,28,0.718,0.3,zerofill,13.438052362919493,0.48618193200393356
A00037635.npy,57,28,0.718,0.3,cs,13.658998422928088,0.6891880560699892
A00037635.npy,57,28,0.718,0.3,ddnm,31.71130589501506,0.906443140079292
A00037635.npy,57,28,0.718,0.5,zerofill,27.18078805089259,0.8050863345170712
A00037635.npy,57,28,0.718,0.5,cs,35.527575719276065,0.9806349030331686
A00037635.npy,57,28,0.718,0.5,ddnm,38.97899276148222,0.9875484948892229
A00037635.npy,62,33,0.846,0.2,zerofill,12.926808233413869,0.4850282562918993
A00037635.npy,62,33,0.846,0.2,cs,13.69697452287209,0.6725080283820631
A00037635.npy,62,33,0.846,0.2,ddnm,30.720268890423483,0.9040093464184692
A00037635.npy,62,33,0.846,0.3,zerofill,19.07949343179557,0.6036327861545249
A00037635.npy,62,33,0.846,0.3,cs,30.006327531558142,0.9201603736393044
A00037635.npy,62,33,0.846,0.3,ddnm,31.77432769644057,0.9456847696271002
A00037635.npy,62,33,0.846,0.5,zerofill,27.698983851371707,0.8061806618284061
A00037635.npy,62,33,0.846,0.5,cs,35.57802250834951,0.9795827754072142
A00037635.npy,62,33,0.846,0.5,ddnm,38.60388221140813,0.9824829219778646
A00037635.npy,68,39,1.0,0.2,zerofill,12.649235126806408,0.39925599195471295
A00037635.npy,68,39,1.0,0.2,cs,12.933694118395834,0.5716481139737767
A00037635.npy,68,39,1.0,0.2,ddnm,28.529015299719234,0.8344418618348005
A00037635.npy,68,39,1.0,0.3,zerofill,21.377303126490954,0.6041022015043178
A00037635.npy,68,39,1.0,0.3,cs,30.50606236982745,0.9221783374380886
A00037635.npy,68,39,1.0,0.3,ddnm,33.0368318964211,0.9564686170775414
A00037635.npy,68,39,1.0,0.5,zerofill,13.443349837358738,0.5933354829671847
A00037635.npy,68,39,1.0,0.5,cs,13.202056301989408,0.6965263119286438
A00037635.npy,68,39,1.0,0.5,ddnm,34.588964716470024,0.9662624986957908
A00037725.npy,29,0,0.0,0.2,zerofill,19.06277770123061,0.45209835714602814
A00037725.npy,29,0,0.0,0.2,cs,28.081796404890085,0.851899192003732
A00037725.npy,29,0,0.0,0.2,ddnm,30.331977014250818,0.9018036004489258
A00037725.npy,29,0,0.0,0.3,zerofill,20.06490928688562,0.5039925478686459
A00037725.npy,29,0,0.0,0.3,cs,31.794400806083992,0.9143400849057154
A00037725.npy,29,0,0.0,0.3,ddnm,32.62576298482241,0.9390387945708105
A00037725.npy,29,0,0.0,0.5,zerofill,23.651027500983282,0.6475027159028903
A00037725.npy,29,0,0.0,0.5,cs,36.32430029124116,0.9739176952744388
A00037725.npy,29,0,0.0,0.5,ddnm,35.74705046366019,0.9746306920381554
A00037725.npy,35,6,0.154,0.2,zerofill,18.523013032058845,0.49129082088849413
A00037725.npy,35,6,0.154,0.2,cs,26.613241011811137,0.8059367752622476
A00037725.npy,35,6,0.154,0.2,ddnm,29.184311403290025,0.8881112534720005
A00037725.npy,35,6,0.154,0.3,zerofill,22.248555353007312,0.6186291020145639
A00037725.npy,35,6,0.154,0.3,cs,32.199868030829506,0.9220069406133118
A00037725.npy,35,6,0.154,0.3,ddnm,31.809693835961937,0.9429132178950393
A00037725.npy,35,6,0.154,0.5,zerofill,12.690608647170357,0.5658470970958162
A00037725.npy,35,6,0.154,0.5,cs,12.380257798088426,0.6671125855519074
A00037725.npy,35,6,0.154,0.5,ddnm,33.66676834279458,0.9505345314757153
A00037725.npy,40,11,0.282,0.2,zerofill,19.953607459783875,0.5064664143210413
A00037725.npy,40,11,0.282,0.2,cs,27.932824854255433,0.8032350586582094
A00037725.npy,40,11,0.282,0.2,ddnm,32.158899719242186,0.9091904188459501
A00037725.npy,40,11,0.282,0.3,zerofill,18.262714142733223,0.5507065910730748
A00037725.npy,40,11,0.282,0.3,cs,31.635924399716234,0.9044570362766531
A00037725.npy,40,11,0.282,0.3,ddnm,34.79197119057605,0.9412254338317647
A00037725.npy,40,11,0.282,0.5,zerofill,12.911174694141764,0.5541778136080285
A00037725.npy,40,11,0.282,0.5,cs,12.462058315250086,0.6839429355481658
A00037725.npy,40,11,0.282,0.5,ddnm,39.374413303150085,0.9682302127775727
A00037725.npy,46,17,0.436,0.2,zerofill,17.785570668910854,0.47943766248813385
A00037725.npy,46,17,0.436,0.2,cs,22.28012280878093,0.732900069016944
A00037725.npy,46,17,0.436,0.2,ddnm,30.183491022573506,0.8446744132428576
A00037725.npy,46,17,0.436,0.3,zerofill,12.769153568034415,0.4525789837902048
A00037725.npy,46,17,0.436,0.3,cs,12.750029193624837,0.6557712853719827
A00037725.npy,46,17,0.436,0.3,ddnm,25.7480111732861,0.8385075457675447
A00037725.npy,46,17,0.436,0.5,zerofill,28.737987806757666,0.8284776058512044
A00037725.npy,46,17,0.436,0.5,cs,37.70199724907876,0.9804146081865939
A00037725.npy,46,17,0.436,0.5,ddnm,40.69621485272591,0.9870819049684375
A00037725.npy,51,22,0.564,0.2,zerofill,18.548500409915484,0.45459169188096105
A00037725.npy,51,22,0.564,0.2,cs,24.754967624136373,0.7456344994803713
A00037725.npy,51,22,0.564,0.2,ddnm,30.87693950268111,0.8752367738779515
A00037725.npy,51,22,0.564,0.3,zerofill,20.817522183981065,0.5708869937349216
A00037725.npy,51,22,0.564,0.3,cs,29.97308255146415,0.9091618819699369
A00037725.npy,51,22,0.564,0.3,ddnm,33.01889447325854,0.9575860266025846
A00037725.npy,51,22,0.564,0.5,zerofill,24.371172758341558,0.7138102943283601
A00037725.npy,51,22,0.564,0.5,cs,35.59192362106512,0.9746109552238936
A00037725.npy,51,22,0.564,0.5,ddnm,41.65462645844023,0.9912754192095359
A00037725.npy,57,28,0.718,0.2,zerofill,21.854482996079057,0.6039982252282384
A00037725.npy,57,28,0.718,0.2,cs,28.27513189476871,0.8864441037931908
A00037725.npy,57,28,0.718,0.2,ddnm,29.863231902928273,0.9151410144149683
A00037725.npy,57,28,0.718,0.3,zerofill,21.826649529474473,0.6134583451836143
A00037725.npy,57,28,0.718,0.3,cs,29.928901995262073,0.9085034584955434
A00037725.npy,57,28,0.718,0.3,ddnm,33.1880691807763,0.9578508484094446
A00037725.npy,57,28,0.718,0.5,zerofill,27.815157411191205,0.8018242640000811
A00037725.npy,57,28,0.718,0.5,cs,34.4564796171709,0.975210102789106
A00037725.npy,57,28,0.718,0.5,ddnm,37.26703210649762,0.9827914164811813
A00037725.npy,62,33,0.846,0.2,zerofill,12.701070621982893,0.41289965795681477
A00037725.npy,62,33,0.846,0.2,cs,13.093540558267307,0.6071110520346886
A00037725.npy,62,33,0.846,0.2,ddnm,29.736858053165264,0.8547292712187854
A00037725.npy,62,33,0.846,0.3,zerofill,13.123438936800502,0.4305853279335042
A00037725.npy,62,33,0.846,0.3,cs,13.165192166303608,0.6302176395912098
A00037725.npy,62,33,0.846,0.3,ddnm,32.3257477846935,0.9120460628063584
A00037725.npy,62,33,0.846,0.5,zerofill,27.32040945378431,0.7993404602620539
A00037725.npy,62,33,0.846,0.5,cs,34.61698075473434,0.9790688787367484
A00037725.npy,62,33,0.846,0.5,ddnm,37.885776598796134,0.9847988720559779
A00037725.npy,68,39,1.0,0.2,zerofill,16.6518804718124,0.41781542336222594
A00037725.npy,68,39,1.0,0.2,cs,23.036054342975714,0.7021015355118377
A00037725.npy,68,39,1.0,0.2,ddnm,27.941152160130006,0.8445952727002094
A00037725.npy,68,39,1.0,0.3,zerofill,19.92350243732311,0.5191443173991281
A00037725.npy,68,39,1.0,0.3,cs,28.8224712927518,0.9027144268332302
A00037725.npy,68,39,1.0,0.3,ddnm,31.053487615231305,0.9391417385501203
A00037725.npy,68,39,1.0,0.5,zerofill,26.793057006768603,0.7761207078430863
A00037725.npy,68,39,1.0,0.5,cs,34.37411694929632,0.9825620415733887
A00037725.npy,68,39,1.0,0.5,ddnm,34.34982693464005,0.9772181403201231
A00037784.npy,29,0,0.0,0.2,zerofill,10.403595102537773,0.2844309298581578
A00037784.npy,29,0,0.0,0.2,cs,11.130356301108737,0.45922513241418705
A00037784.npy,29,0,0.0,0.2,ddnm,20.56158501796179,0.6058686362635216
A00037784.npy,29,0,0.0,0.3,zerofill,10.869823851921073,0.34019950925459425
A00037784.npy,29,0,0.0,0.3,cs,11.21770604547683,0.506555253162322
A00037784.npy,29,0,0.0,0.3,ddnm,24.08050497920982,0.6746855746623422
A00037784.npy,29,0,0.0,0.5,zerofill,26.793952548662908,0.7349615570777105
A00037784.npy,29,0,0.0,0.5,cs,37.73018248869674,0.9868977446248217
A00037784.npy,29,0,0.0,0.5,ddnm,37.73035001443379,0.9837710900681212
A00037784.npy,35,6,0.154,0.2,zerofill,11.286822168477205,0.3485455200031282
A00037784.npy,35,6,0.154,0.2,cs,12.000026405161828,0.5162111338186667
A00037784.npy,35,6,0.154,0.2,ddnm,28.135231543632727,0.7881463410580459
A00037784.npy,35,6,0.154,0.3,zerofill,21.17112276067358,0.5986457476975208
A00037784.npy,35,6,0.154,0.3,cs,31.482257550896335,0.9255115267623178
A00037784.npy,35,6,0.154,0.3,ddnm,31.467537261957247,0.9484583730580377
A00037784.npy,35,6,0.154,0.5,zerofill,27.785014190876886,0.7990833878111934
A00037784.npy,35,6,0.154,0.5,cs,35.68263086521673,0.9772706085300933
A00037784.npy,35,6,0.154,0.5,ddnm,36.858509941129675,0.9805069627764403
A00037784.npy,40,11,0.282,0.2,zerofill,17.508422574602942,0.4765084228370322
A00037784.npy,40,11,0.282,0.2,cs,27.680200601107934,0.8354143158792228
A00037784.npy,40,11,0.282,0.2,ddnm,30.860882263432043,0.9115221136617776
A00037784.npy,40,11,0.282,0.3,zerofill,20.888714513896897,0.5712410927950103
A00037784.npy,40,11,0.282,0.3,cs,32.01198779973976,0.9032566673619169
A00037784.npy,40,11,0.282,0.3,ddnm,35.50221542132937,0.965470575903475
A00037784.npy,40,11,0.282,0.5,zerofill,25.826179300494942,0.733705825519358
A00037784.npy,40,11,0.282,0.5,cs,36.66511616263881,0.9765237871836796
A00037784.npy,40,11,0.282,0.5,ddnm,38.3028990520413,0.9848435486285669
A00037784.npy,46,17,0.436,0.2,zerofill,12.718799659169742,0.38306247571152857
A00037784.npy,46,17,0.436,0.2,cs,12.983182675072506,0.5722684266289866
A00037784.npy,46,17,0.436,0.2,ddnm,28.666818945153363,0.8057576452693017
A00037784.npy,46,17,0.436,0.3,zerofill,12.904695467129152,0.4366401937435078
A00037784.npy,46,17,0.436,0.3,cs,13.039622804274511,0.6454772044746747
A00037784.npy,46,17,0.436,0.3,ddnm,33.30462082899465,0.9115261577752546
A00037784.npy,46,17,0.436,0.5,zerofill,27.49354220394864,0.7827474631379626
A00037784.npy,46,17,0.436,0.5,cs,37.55503555176831,0.9816099201534039
A00037784.npy,46,17,0.436,0.5,ddnm,40.028400147087915,0.9868779270655684
A00037784.npy,51,22,0.564,0.2,zerofill,12.567274672663984,0.38230696833186734
A00037784.npy,51,22,0.564,0.2,cs,13.067821078744723,0.600834826911374
A00037784.npy,51,22,0.564,0.2,ddnm,29.48380324099057,0.8712482189459767
A00037784.npy,51,22,0.564,0.3,zerofill,17.609375131394234,0.5266323048510559
A00037784.npy,51,22,0.564,0.3,cs,31.370749856549427,0.9013202703204752
A00037784.npy,51,22,0.564,0.3,ddnm,35.14032812772029,0.9512347021520347
A00037784.npy,51,22,0.564,0.5,zerofill,27.68187522334,0.8063470901975454
A00037784.npy,51,22,0.564,0.5,cs,35.58692090338507,0.9809651470286844
A00037784.npy,51,22,0.564,0.5,ddnm,37.71994660836053,0.9818320008687068
A00037784.npy,57,28,0.718,0.2,zerofill,17.529189156484588,0.4759952349318621
A00037784.npy,57,28,0.718,0.2,cs,25.8392060531742,0.8259201036055103
A00037784.npy,57,28,0.718,0.2,ddnm,32.67382006175632,0.9469834763303427
A00037784.npy,57,28,0.718,0.3,zerofill,17.663908995813074,0.5134842471655007
A00037784.npy,57,28,0.718,0.3,cs,31.051680508920114,0.8954291149875756
A00037784.npy,57,28,0.718,0.3,ddnm,36.05852548825294,0.9560740327753389
A00037784.npy,57,28,0.718,0.5,zerofill,23.568250310014104,0.7009534913972941
A00037784.npy,57,28,0.718,0.5,cs,36.91031712830375,0.9821281258784709
A00037784.npy,57,28,0.718,0.5,ddnm,37.439096497792946,0.9869098314007775
A00037784.npy,62,33,0.846,0.2,zerofill,17.495425011730315,0.4504370077460003
A00037784.npy,62,33,0.846,0.2,cs,26.034624180558467,0.8245740109657655
A00037784.npy,62,33,0.846,0.2,ddnm,32.08551524799094,0.943356716975838
A00037784.npy,62,33,0.846,0.3,zerofill,12.768008711877709,0.45798386545236414
A00037784.npy,62,33,0.846,0.3,cs,13.059885557827293,0.6670330455541414
A00037784.npy,62,33,0.846,0.3,ddnm,31.351617509649042,0.8833900998193581
A00037784.npy,62,33,0.846,0.5,zerofill,23.279824712569976,0.7019462438749019
A00037784.npy,62,33,0.846,0.5,cs,36.47592782716758,0.9776945769570585
A00037784.npy,62,33,0.846,0.5,ddnm,39.0962623847095,0.9877731426449048
A00037784.npy,68,39,1.0,0.2,zerofill,11.298557937548646,0.3148588865854212
A00037784.npy,68,39,1.0,0.2,cs,11.970645488809984,0.47578311232283743
A00037784.npy,68,39,1.0,0.2,ddnm,28.875802922168432,0.7797485891450772
A00037784.npy,68,39,1.0,0.3,zerofill,18.573639797533865,0.5937644748754025
A00037784.npy,68,39,1.0,0.3,cs,30.164532278127062,0.9466516409620935
A00037784.npy,68,39,1.0,0.3,ddnm,34.90935225435054,0.9762280903830703
A00037784.npy,68,39,1.0,0.5,zerofill,26.552595737150906,0.7735758058717902
A00037784.npy,68,39,1.0,0.5,cs,33.72091454120884,0.9843646978513427
A00037784.npy,68,39,1.0,0.5,ddnm,35.08411623570893,0.9847645283474201
A00037848.npy,29,0,0.0,0.2,zerofill,11.12090786072618,0.3571691514785257
A00037848.npy,29,0,0.0,0.2,cs,11.579782465532125,0.5216600470258822
A00037848.npy,29,0,0.0,0.2,ddnm,23.975262565311777,0.6619646429862388
A00037848.npy,29,0,0.0,0.3,zerofill,11.175317316528467,0.3843572402411045
A00037848.npy,29,0,0.0,0.3,cs,11.61316627374494,0.5416728251820156
A00037848.npy,29,0,0.0,0.3,ddnm,32.66123153288575,0.9073399243892857
A00037848.npy,29,0,0.0,0.5,zerofill,23.61787246352591,0.672213730338389
A00037848.npy,29,0,0.0,0.5,cs,37.14350532413385,0.9798557192359487
A00037848.npy,29,0,0.0,0.5,ddnm,37.58331988978903,0.9817082999863314
A00037848.npy,35,6,0.154,0.2,zerofill,11.506597331996424,0.31669166018076567
A00037848.npy,35,6,0.154,0.2,cs,11.84324655549872,0.4868999461701763
A00037848.npy,35,6,0.154,0.2,ddnm,16.72221377118787,0.4591378272064544
A00037848.npy,35,6,0.154,0.3,zerofill,20.19380566222243,0.4858430693266144
A00037848.npy,35,6,0.154,0.3,cs,30.700627943457327,0.9124219579248218
A00037848.npy,35,6,0.154,0.3,ddnm,32.66115268774125,0.9406706611757252
A00037848.npy,35,6,0.154,0.5,zerofill,27.084654360542608,0.7749965339240023
A00037848.npy,35,6,0.154,0.5,cs,33.70332016330889,0.9729758409106966
A00037848.npy,35,6,0.154,0.5,ddnm,33.022394521408366,0.9599506902525707
A00037848.npy,40,11,0.282,0.2,zerofill,19.593593860188733,0.4823918982744491
A00037848.npy,40,11,0.282,0.2,cs,28.779528594178977,0.85748881257663
A00037848.npy,40,11,0.282,0.2,ddnm,31.30037380894258,0.92058223908233
A00037848.npy,40,11,0.282,0.3,zerofill,17.367965271205925,0.5003111333999579
A00037848.npy,40,11,0.282,0.3,cs,26.52888668469222,0.866354530262722
A00037848.npy,40,11,0.282,0.3,ddnm,32.5579482174997,0.9484804246681764
A00037848.npy,40,11,0.282,0.5,zerofill,25.073935269990592,0.6970480284294753
A00037848.npy,40,11,0.282,0.5,cs,36.319357213528384,0.9781176962781356
A00037848.npy,40,11,0.282,0.5,ddnm,37.735825169375616,0.9819665401973765
A00037848.npy,46,17,0.436,0.2,zerofill,16.532395486964116,0.4789664634983043
A00037848.npy,46,17,0.436,0.2,cs,23.752670285412524,0.7901874242885575
A00037848.npy,46,17,0.436,0.2,ddnm,30.168910814333742,0.8839556801582625
A00037848.npy,46,17,0.436,0.3,zerofill,20.86800448176133,0.59771463423354
A00037848.npy,46,17,0.436,0.3,cs,31.727832393897508,0.9191361968714651
A00037848.npy,46,17,0.436,0.3,ddnm,33.14077992143345,0.9507965661927725
A00037848.npy,46,17,0.436,0.5,zerofill,28.80268905469258,0.8180208964334904
A00037848.npy,46,17,0.436,0.5,cs,35.63204555879246,0.9741985718590763
A00037848.npy,46,17,0.436,0.5,ddnm,35.923739064646554,0.9710564669887406
A00037848.npy,51,22,0.564,0.2,zerofill,18.21057172837745,0.5332948425597343
A00037848.npy,51,22,0.564,0.2,cs,26.256652314587555,0.8467130605849715
A00037848.npy,51,22,0.564,0.2,ddnm,30.78327054945136,0.9147195753508023
A00037848.npy,51,22,0.564,0.3,zerofill,13.21956006661498,0.49568815789364035
A00037848.npy,51,22,0.564,0.3,cs,13.303901536975946,0.678661028082089
A00037848.npy,51,22,0.564,0.3,ddnm,34.73981639704527,0.9487530301372328
A00037848.npy,51,22,0.564,0.5,zerofill,22.772720971318666,0.7085915308154763
A00037848.npy,51,22,0.564,0.5,cs,35.6170572440626,0.971777762225545
A00037848.npy,51,22,0.564,0.5,ddnm,36.94000866778202,0.9776264624677656
A00037848.npy,57,28,0.718,0.2,zerofill,20.026459306300733,0.5588797031429314
A00037848.npy,57,28,0.718,0.2,cs,27.60580887778593,0.8563054062554237
A00037848.npy,57,28,0.718,0.2,ddnm,31.401705281298394,0.9288135917115935
A00037848.npy,57,28,0.718,0.3,zerofill,21.049645674837095,0.6156358256822051
A00037848.npy,57,28,0.718,0.3,cs,30.875312972753626,0.9245119096085057
A00037848.npy,57,28,0.718,0.3,ddnm,33.752980829363224,0.963481784551671
A00037848.npy,57,28,0.718,0.5,zerofill,28.27710781780737,0.8069673184418309
A00037848.npy,57,28,0.718,0.5,cs,34.52337718403554,0.9785531923250945
A00037848.npy,57,28,0.718,0.5,ddnm,36.394901535849044,0.9826167110785206
A00037848.npy,62,33,0.846,0.2,zerofill,13.401238637715789,0.4090641783887787
A00037848.npy,62,33,0.846,0.2,cs,13.636331475075608,0.5896461422874141
A00037848.npy,62,33,0.846,0.2,ddnm,29.55256021408877,0.8382150093521508
A00037848.npy,62,33,0.846,0.3,zerofill,13.069852136993742,0.4631270270730549
A00037848.npy,62,33,0.846,0.3,cs,13.804252364323075,0.6872709865916636
A00037848.npy,62,33,0.846,0.3,ddnm,31.228519345460693,0.8926751483457043
A00037848.npy,62,33,0.846,0.5,zerofill,24.592031582357073,0.7164535318193033
A00037848.npy,62,33,0.846,0.5,cs,35.576393587359824,0.9807725706205545
A00037848.npy,62,33,0.846,0.5,ddnm,38.27938825908768,0.9862223146736093
A00037848.npy,68,39,1.0,0.2,zerofill,12.693042399512285,0.39162932103603504
A00037848.npy,68,39,1.0,0.2,cs,13.176171089075797,0.5976390229534431
A00037848.npy,68,39,1.0,0.2,ddnm,30.221000465477253,0.8777780489857416
A00037848.npy,68,39,1.0,0.3,zerofill,17.913648694692096,0.49720580503531275
A00037848.npy,68,39,1.0,0.3,cs,28.50263047708483,0.8784791144987408
A00037848.npy,68,39,1.0,0.3,ddnm,31.322832624404676,0.9478565378355358
A00037848.npy,68,39,1.0,0.5,zerofill,27.002750664486108,0.7548960582264322
A00037848.npy,68,39,1.0,0.5,cs,35.25935366875919,0.9814612111339516
A00037848.npy,68,39,1.0,0.5,ddnm,38.34259878631087,0.9849818142526927
A00038520.npy,29,0,0.0,0.2,zerofill,10.72226178440993,0.3114348753922328
A00038520.npy,29,0,0.0,0.2,cs,11.342099963902083,0.4775937542961162
A00038520.npy,29,0,0.0,0.2,ddnm,28.014861248392023,0.7472503646483379
A00038520.npy,29,0,0.0,0.3,zerofill,17.124087603157598,0.4285487786316733
A00038520.npy,29,0,0.0,0.3,cs,30.71522684496638,0.8933819063008833
A00038520.npy,29,0,0.0,0.3,ddnm,33.23056390876188,0.9553207478069772
A00038520.npy,29,0,0.0,0.5,zerofill,27.854839056793075,0.7707455127465708
A00038520.npy,29,0,0.0,0.5,cs,37.542203139109716,0.9836442521649386
A00038520.npy,29,0,0.0,0.5,ddnm,38.7917452633789,0.9855188764621736
A00038520.npy,35,6,0.154,0.2,zerofill,11.06561161207609,0.3269436862728103
A00038520.npy,35,6,0.154,0.2,cs,12.359383026705844,0.5346004728745923
A00038520.npy,35,6,0.154,0.2,ddnm,20.98714485192741,0.7023641858398199
A00038520.npy,35,6,0.154,0.3,zerofill,11.16003173838302,0.37694497783219977
A00038520.npy,35,6,0.154,0.3,cs,12.5530827071493,0.5999809128095598
A00038520.npy,35,6,0.154,0.3,ddnm,27.842122492158058,0.8003612444061536
A00038520.npy,35,6,0.154,0.5,zerofill,26.904088527616032,0.7301561931610955
A00038520.npy,35,6,0.154,0.5,cs,35.04843799818818,0.9775286375899623
A00038520.npy,35,6,0.154,0.5,ddnm,34.3069163351399,0.9753523589470027
A00038520.npy,40,11,0.282,0.2,zerofill,20.085376053583424,0.5013368599753059
A00038520.npy,40,11,0.282,0.2,cs,27.59677360197662,0.8105498699588239
A00038520.npy,40,11,0.282,0.2,ddnm,30.85227171689002,0.924081905555001
A00038520.npy,40,11,0.282,0.3,zerofill,12.470537515067104,0.4411944276116528
A00038520.npy,40,11,0.282,0.3,cs,12.542535710777935,0.6139607545422542
A00038520.npy,40,11,0.282,0.3,ddnm,30.303388286116196,0.8589448296614902
A00038520.npy,40,11,0.282,0.5,zerofill,27.450042603324285,0.7800029263564743
A00038520.npy,40,11,0.282,0.5,cs,35.24823477238506,0.9804794454536141
A00038520.npy,40,11,0.282,0.5,ddnm,34.44194490989171,0.9765985860671769
A00038520.npy,46,17,0.436,0.2,zerofill,12.662686871521295,0.382445236933965
A00038520.npy,46,17,0.436,0.2,cs,12.706852803835869,0.5574816824515497
A00038520.npy,46,17,0.436,0.2,ddnm,29.05047727843659,0.8258783389088111
A00038520.npy,46,17,0.436,0.3,zerofill,12.600614441337273,0.4493925017804909
A00038520.npy,46,17,0.436,0.3,cs,12.792542400634117,0.6481360816398415
A00038520.npy,46,17,0.436,0.3,ddnm,31.032070206159162,0.8882969243832891
A00038520.npy,46,17,0.436,0.5,zerofill,19.733637407569166,0.6753990524703279
A00038520.npy,46,17,0.436,0.5,cs,32.069091109494934,0.9574815913388098
A00038520.npy,46,17,0.436,0.5,ddnm,37.366047619765574,0.9812599575926431
A00038520.npy,51,22,0.564,0.2,zerofill,19.329371563282955,0.5185823573634497
A00038520.npy,51,22,0.564,0.2,cs,29.172082032151604,0.8417363030346923
A00038520.npy,51,22,0.564,0.2,ddnm,33.754623479199104,0.946496722483154
A00038520.npy,51,22,0.564,0.3,zerofill,12.20077967122683,0.47022279388907856
A00038520.npy,51,22,0.564,0.3,cs,12.662480672661754,0.6560692303277423
A00038520.npy,51,22,0.564,0.3,ddnm,33.75913668038076,0.924244560145124
A00038520.npy,51,22,0.564,0.5,zerofill,26.89567285326842,0.7119719554302764
A00038520.npy,51,22,0.564,0.5,cs,36.170910866609475,0.9766792034076062
A00038520.npy,51,22,0.564,0.5,ddnm,38.88736383184443,0.9817456666323101
A00038520.npy,57,28,0.718,0.2,zerofill,16.535195867627618,0.4832874286217801
A00038520.npy,57,28,0.718,0.2,cs,22.62960872079931,0.7641319435532086
A00038520.npy,57,28,0.718,0.2,ddnm,32.26587612086807,0.9333872489673224
A00038520.npy,57,28,0.718,0.3,zerofill,13.028426462660905,0.48176346549332705
A00038520.npy,57,28,0.718,0.3,cs,13.034109193486408,0.6771880770197487
A00038520.npy,57,28,0.718,0.3,ddnm,32.05434744661849,0.9126956376780972
A00038520.npy,57,28,0.718,0.5,zerofill,26.535256009663296,0.7473271370660669
A00038520.npy,57,28,0.718,0.5,cs,37.731091025832185,0.9843667622448391
A00038520.npy,57,28,0.718,0.5,ddnm,42.34594430594449,0.9911067309005707
A00038520.npy,62,33,0.846,0.2,zerofill,19.931729443868583,0.4927758636361727
A00038520.npy,62,33,0.846,0.2,cs,27.680703000297125,0.8293004320723296
A00038520.npy,62,33,0.846,0.2,ddnm,32.5922551538432,0.9483566849881188
A00038520.npy,62,33,0.846,0.3,zerofill,12.90918360120102,0.4588832980346785
A00038520.npy,62,33,0.846,0.3,cs,13.060126140633939,0.6635561668483938
A00038520.npy,62,33,0.846,0.3,ddnm,34.88186270468003,0.9379750431641172
A00038520.npy,62,33,0.846,0.5,zerofill,28.33838286332881,0.819182940032178
A00038520.npy,62,33,0.846,0.5,cs,35.3931442886016,0.980367557944325
A00038520.npy,62,33,0.846,0.5,ddnm,37.83674206504224,0.9778972725951841
A00038520.npy,68,39,1.0,0.2,zerofill,19.751105937807097,0.49032763749747044
A00038520.npy,68,39,1.0,0.2,cs,25.854148006598813,0.7966603037615394
A00038520.npy,68,39,1.0,0.2,ddnm,30.71022773053493,0.9232980014335337
A00038520.npy,68,39,1.0,0.3,zerofill,12.581006104765182,0.4115154631673965
A00038520.npy,68,39,1.0,0.3,cs,12.862375365734824,0.620217932977584
A00038520.npy,68,39,1.0,0.3,ddnm,32.83610161959731,0.8799138372231878
A00038520.npy,68,39,1.0,0.5,zerofill,26.45683418395313,0.7292570101189332
A00038520.npy,68,39,1.0,0.5,cs,35.786753247331006,0.9813101353167334
A00038520.npy,68,39,1.0,0.5,ddnm,38.72236745081372,0.9853578694154741
A00038616.npy,29,0,0.0,0.2,zerofill,15.05402042004526,0.3813254362886035
A00038616.npy,29,0,0.0,0.2,cs,22.219644418307197,0.7287383667721681
A00038616.npy,29,0,0.0,0.2,ddnm,29.71771738613925,0.9078010437681968
A00038616.npy,29,0,0.0,0.3,zerofill,23.514332443195176,0.6174448806498346
A00038616.npy,29,0,0.0,0.3,cs,31.187263215110693,0.946204427627707
A00038616.npy,29,0,0.0,0.3,ddnm,30.17116181999153,0.9388797558069197
A00038616.npy,29,0,0.0,0.5,zerofill,26.971389017293763,0.7296335525566437
A00038616.npy,29,0,0.0,0.5,cs,36.963893672065645,0.983873026304846
A00038616.npy,29,0,0.0,0.5,ddnm,37.268666251652164,0.9822298587289622
A00038616.npy,35,6,0.154,0.2,zerofill,11.66418072487473,0.35347405582303976
A00038616.npy,35,6,0.154,0.2,cs,12.423823132619312,0.5438644855275231
A00038616.npy,35,6,0.154,0.2,ddnm,28.11055307702821,0.7829536395600465
A00038616.npy,35,6,0.154,0.3,zerofill,20.3355841091685,0.5221097989320899
A00038616.npy,35,6,0.154,0.3,cs,31.07247303355244,0.8927121851342967
A00038616.npy,35,6,0.154,0.3,ddnm,32.896794335995324,0.9414758219618177
A00038616.npy,35,6,0.154,0.5,zerofill,27.51312908930606,0.7619962752167234
A00038616.npy,35,6,0.154,0.5,cs,34.7843351892108,0.9718849242866856
A00038616.npy,35,6,0.154,0.5,ddnm,34.30780120881893,0.9665878802694098
A00038616.npy,40,11,0.282,0.2,zerofill,12.332195476227227,0.4159060334971478
A00038616.npy,40,11,0.282,0.2,cs,12.444216101121466,0.5780874708011658
A00038616.npy,40,11,0.282,0.2,ddnm,29.469686817010228,0.8498001914982977
A00038616.npy,40,11,0.282,0.3,zerofill,20.892089298843448,0.6389900715444508
A00038616.npy,40,11,0.282,0.3,cs,31.4198770043166,0.9230945503153457
A00038616.npy,40,11,0.282,0.3,ddnm,32.03697053218909,0.9401216044044886
A00038616.npy,40,11,0.282,0.5,zerofill,28.714855822645745,0.8326177743082834
A00038616.npy,40,11,0.282,0.5,cs,36.99049220652066,0.9787759974266502
A00038616.npy,40,11,0.282,0.5,ddnm,40.25472764499831,0.9872837459302596
A00038616.npy,46,17,0.436,0.2,zerofill,12.720254012434179,0.45776701473462644
A00038616.npy,46,17,0.436,0.2,cs,13.782384769133547,0.6706082711864573
A00038616.npy,46,17,0.436,0.2,ddnm,14.604400317436061,0.6792701555996414
A00038616.npy,46,17,0.436,0.3,zerofill,21.539979852336707,0.609255154752656
A00038616.npy,46,17,0.436,0.3,cs,31.26216015583789,0.904737310182204
A00038616.npy,46,17,0.436,0.3,ddnm,35.43104002718514,0.967667385082801
A00038616.npy,46,17,0.436,0.5,zerofill,27.67661370422523,0.797926847181976
A00038616.npy,46,17,0.436,0.5,cs,36.39269712139515,0.9764238112565812
A00038616.npy,46,17,0.436,0.5,ddnm,39.62389966010755,0.9846429923022187
A00038616.npy,51,22,0.564,0.2,zerofill,17.89041903712938,0.4892594133418164
A00038616.npy,51,22,0.564,0.2,cs,25.489451839402527,0.7772104959900598
A00038616.npy,51,22,0.564,0.2,ddnm,31.695210744468127,0.9088107292885519
A00038616.npy,51,22,0.564,0.3,zerofill,21.940283379101302,0.580942808115349
A00038616.npy,51,22,0.564,0.3,cs,30.917551938398912,0.8966270916221988
A00038616.npy,51,22,0.564,0.3,ddnm,34.643059003403586,0.953990155111651
A00038616.npy,51,22,0.564,0.5,zerofill,27.884020774440174,0.8025515363392743
A00038616.npy,51,22,0.564,0.5,cs,37.49479377114139,0.9814102496512312
A00038616.npy,51,22,0.564,0.5,ddnm,40.59436042391239,0.9860780884448446
A00038616.npy,57,28,0.718,0.2,zerofill,12.675098938973257,0.4262319020462301
A00038616.npy,57,28,0.718,0.2,cs,13.861824535623139,0.6333467376534329
A00038616.npy,57,28,0.718,0.2,ddnm,16.588688233474844,0.7477311686031152
A00038616.npy,57,28,0.718,0.3,zerofill,14.124204319822823,0.5275773492606229
A00038616.npy,57,28,0.718,0.3,cs,13.862749050264567,0.7163738448643279
A00038616.npy,57,28,0.718,0.3,ddnm,33.425551475740164,0.9299802837177041
A00038616.npy,57,28,0.718,0.5,zerofill,26.938155763416685,0.7609583332705907
A00038616.npy,57,28,0.718,0.5,cs,36.3058860589406,0.9804805428935007
A00038616.npy,57,28,0.718,0.5,ddnm,41.39298326995469,0.9909885901095757
A00038616.npy,62,33,0.846,0.2,zerofill,20.541454717762562,0.5693356829024189
A00038616.npy,62,33,0.846,0.2,cs,28.368771868263288,0.8713521367971138
A00038616.npy,62,33,0.846,0.2,ddnm,31.625178365040284,0.9500704951338056
A00038616.npy,62,33,0.846,0.3,zerofill,13.887713509495041,0.5041857928404669
A00038616.npy,62,33,0.846,0.3,cs,14.960118253679557,0.7431317253556685
A00038616.npy,62,33,0.846,0.3,ddnm,12.180749780598447,0.6604015647431164
A00038616.npy,62,33,0.846,0.5,zerofill,14.634552791427549,0.6129442228564456
A00038616.npy,62,33,0.846,0.5,cs,14.278127840601728,0.7494003293377675
A00038616.npy,62,33,0.846,0.5,ddnm,35.949749839188435,0.9528652170041786
A00038616.npy,68,39,1.0,0.2,zerofill,12.662996062964918,0.4203616742351781
A00038616.npy,68,39,1.0,0.2,cs,13.979020488257445,0.6350139736136423
A00038616.npy,68,39,1.0,0.2,ddnm,19.43900972232558,0.7584942774764242
A00038616.npy,68,39,1.0,0.3,zerofill,13.261449610413568,0.4313020789758319
A00038616.npy,68,39,1.0,0.3,cs,13.47355469764139,0.6442820550836137
A00038616.npy,68,39,1.0,0.3,ddnm,30.979772796888795,0.872883586571906
A00038616.npy,68,39,1.0,0.5,zerofill,27.144479222051444,0.7718600557124139
A00038616.npy,68,39,1.0,0.5,cs,35.82428271457387,0.9840877062128744
A00038616.npy,68,39,1.0,0.5,ddnm,37.68298917830441,0.9872570600930288
A00038642.npy,29,0,0.0,0.2,zerofill,19.701336511562406,0.4903752385089354
A00038642.npy,29,0,0.0,0.2,cs,28.84066048400742,0.8553967940361028
A00038642.npy,29,0,0.0,0.2,ddnm,29.977008868003207,0.9010056077500916
A00038642.npy,29,0,0.0,0.3,zerofill,21.927813866052492,0.5903344358758624
A00038642.npy,29,0,0.0,0.3,cs,32.04128779648197,0.9358289443843469
A00038642.npy,29,0,0.0,0.3,ddnm,31.42028696122437,0.9350962998409067
A00038642.npy,29,0,0.0,0.5,zerofill,12.230571780792069,0.5270033796321428
A00038642.npy,29,0,0.0,0.5,cs,11.908118382004789,0.597471694309787
A00038642.npy,29,0,0.0,0.5,ddnm,31.52300068182978,0.8398874758646889
A00038642.npy,35,6,0.154,0.2,zerofill,19.47173497842748,0.46413802929561726
A00038642.npy,35,6,0.154,0.2,cs,27.37281332094144,0.8003151034395686
A00038642.npy,35,6,0.154,0.2,ddnm,28.852134736783754,0.8856429025021229
A00038642.npy,35,6,0.154,0.3,zerofill,12.39391583125056,0.3746487923848211
A00038642.npy,35,6,0.154,0.3,cs,12.50537790288067,0.543169639660688
A00038642.npy,35,6,0.154,0.3,ddnm,31.388924576859317,0.8521840561424587
A00038642.npy,35,6,0.154,0.5,zerofill,26.942507498164517,0.7612105658997542
A00038642.npy,35,6,0.154,0.5,cs,34.93654823009442,0.9756714259263041
A00038642.npy,35,6,0.154,0.5,ddnm,34.73315209060377,0.9736668151037182
A00038642.npy,40,11,0.282,0.2,zerofill,12.18511883462713,0.39416954571605883
A00038642.npy,40,11,0.282,0.2,cs,12.74603646615947,0.5657510533922516
A00038642.npy,40,11,0.282,0.2,ddnm,29.618468859533063,0.8335563965948702
A00038642.npy,40,11,0.282,0.3,zerofill,12.947667178767016,0.4646718355126468
A00038642.npy,40,11,0.282,0.3,cs,12.775909529419366,0.634686161331464
A00038642.npy,40,11,0.282,0.3,ddnm,34.987149483723464,0.9335767215048232
A00038642.npy,40,11,0.282,0.5,zerofill,30.101984383704682,0.8795344643948063
A00038642.npy,40,11,0.282,0.5,cs,35.96284930033352,0.9759623205804338
A00038642.npy,40,11,0.282,0.5,ddnm,35.81464722011862,0.9682824281563652
A00038642.npy,46,17,0.436,0.2,zerofill,19.566415386756145,0.5296895653137907
A00038642.npy,46,17,0.436,0.2,cs,28.18625494964344,0.8402396834683693
A00038642.npy,46,17,0.436,0.2,ddnm,32.54341380494628,0.9258396526464722
A00038642.npy,46,17,0.436,0.3,zerofill,13.181501566989928,0.5119054626491232
A00038642.npy,46,17,0.436,0.3,cs,14.119032868537376,0.7205678242450859
A00038642.npy,46,17,0.436,0.3,ddnm,18.67527119940026,0.8021671051670152
A00038642.npy,46,17,0.436,0.5,zerofill,28.507177556460157,0.8032880603266718
A00038642.npy,46,17,0.436,0.5,cs,37.055976044172986,0.9785814067347336
A00038642.npy,46,17,0.436,0.5,ddnm,40.49201603998831,0.9873448582273502
A00038642.npy,51,22,0.564,0.2,zerofill,12.797412147103206,0.40507890746120107
A00038642.npy,51,22,0.564,0.2,cs,13.385681195867438,0.5956160696544999
A00038642.npy,51,22,0.564,0.2,ddnm,30.719532779979236,0.8651979031029752
A00038642.npy,51,22,0.564,0.3,zerofill,20.80672642276963,0.6307310408400947
A00038642.npy,51,22,0.564,0.3,cs,30.969541761216554,0.9140830609301199
A00038642.npy,51,22,0.564,0.3,ddnm,35.85426321337434,0.961021347520525
A00038642.npy,51,22,0.564,0.5,zerofill,23.089299618842865,0.7472300732023712
A00038642.npy,51,22,0.564,0.5,cs,36.44878708172428,0.9747852907686008
A00038642.npy,51,22,0.564,0.5,ddnm,39.99619182098547,0.9865086308108065
A00038642.npy,57,28,0.718,0.2,zerofill,13.301855379438493,0.42302074445136956
A00038642.npy,57,28,0.718,0.2,cs,14.036523843027929,0.6486530985916604
A00038642.npy,57,28,0.718,0.2,ddnm,31.369499816999394,0.8956733868862594
A00038642.npy,57,28,0.718,0.3,zerofill,22.351228968172766,0.6384748912192735
A00038642.npy,57,28,0.718,0.3,cs,31.52982690347276,0.9482356386088502
A00038642.npy,57,28,0.718,0.3,ddnm,34.86339881335911,0.9731877983313227
A00038642.npy,57,28,0.718,0.5,zerofill,26.115064328988588,0.7687927451286564
A00038642.npy,57,28,0.718,0.5,cs,36.74182720084119,0.984209998136597
A00038642.npy,57,28,0.718,0.5,ddnm,39.115404868556894,0.9863885364459427
A00038642.npy,62,33,0.846,0.2,zerofill,12.984481232311115,0.4374527719027202
A00038642.npy,62,33,0.846,0.2,cs,13.86458197947428,0.6450408284252037
A00038642.npy,62,33,0.846,0.2,ddnm,24.92844870915451,0.7730750993625766
A00038642.npy,62,33,0.846,0.3,zerofill,20.638157528372272,0.6128253230388829
A00038642.npy,62,33,0.846,0.3,cs,32.319803758016725,0.9443263527145072
A00038642.npy,62,33,0.846,0.3,ddnm,35.33731162554826,0.973607253092042
A00038642.npy,62,33,0.846,0.5,zerofill,25.188736445740886,0.7735704472280668
A00038642.npy,62,33,0.846,0.5,cs,35.774858652990595,0.9832235213346104
A00038642.npy,62,33,0.846,0.5,ddnm,37.78380337709974,0.9822155898439406
A00038642.npy,68,39,1.0,0.2,zerofill,12.583024365654282,0.4673974016619906
A00038642.npy,68,39,1.0,0.2,cs,13.93975761009477,0.6925948102422259
A00038642.npy,68,39,1.0,0.2,ddnm,14.34894943919291,0.7373767761598439
A00038642.npy,68,39,1.0,0.3,zerofill,13.409317225800688,0.47842482843441414
A00038642.npy,68,39,1.0,0.3,cs,13.45949202983222,0.657943416804566
A00038642.npy,68,39,1.0,0.3,ddnm,32.77454237024084,0.9303695299061707
A00038642.npy,68,39,1.0,0.5,zerofill,23.967653833339455,0.7126639019474835
A00038642.npy,68,39,1.0,0.5,cs,34.37962508501875,0.9818782349510303
A00038642.npy,68,39,1.0,0.5,ddnm,36.25176009346447,0.9819945629582998
A00038806.npy,29,0,0.0,0.2,zerofill,16.428731134472926,0.4416937471110842
A00038806.npy,29,0,0.0,0.2,cs,25.265354053393644,0.822547224327998
A00038806.npy,29,0,0.0,0.2,ddnm,30.47840741476332,0.928683818412809
A00038806.npy,29,0,0.0,0.3,zerofill,17.903151509935885,0.48452137326729233
A00038806.npy,29,0,0.0,0.3,cs,29.986843233454184,0.8689046508841091
A00038806.npy,29,0,0.0,0.3,ddnm,33.26322803101395,0.9479123023537595
A00038806.npy,29,0,0.0,0.5,zerofill,22.919325967297514,0.6719212316975458
A00038806.npy,29,0,0.0,0.5,cs,33.67043443729393,0.9719750226020525
A00038806.npy,29,0,0.0,0.5,ddnm,33.921562211584856,0.9700198452364082
A00038806.npy,35,6,0.154,0.2,zerofill,12.27260751515367,0.37828441129399537
A00038806.npy,35,6,0.154,0.2,cs,12.55380231675943,0.5739012657118829
A00038806.npy,35,6,0.154,0.2,ddnm,27.63342977254432,0.8035788188326289
A00038806.npy,35,6,0.154,0.3,zerofill,19.988368457126644,0.5527857890695009
A00038806.npy,35,6,0.154,0.3,cs,31.433538595311585,0.9010384920358786
A00038806.npy,35,6,0.154,0.3,ddnm,33.92799403205355,0.9577592974411034
A00038806.npy,35,6,0.154,0.5,zerofill,27.34675783708081,0.7632054427151964
A00038806.npy,35,6,0.154,0.5,cs,36.46166077661133,0.9761467847299332
A00038806.npy,35,6,0.154,0.5,ddnm,36.13152920443279,0.9755681488333579
A00038806.npy,40,11,0.282,0.2,zerofill,13.169393011859544,0.44961248688859135
A00038806.npy,40,11,0.282,0.2,cs,13.272634893121772,0.6117196213346189
A00038806.npy,40,11,0.282,0.2,ddnm,30.49179069963064,0.8937008578337287
A00038806.npy,40,11,0.282,0.3,zerofill,13.284373291038525,0.47129722751650227
A00038806.npy,40,11,0.282,0.3,cs,13.332960892606014,0.6703058567813036
A00038806.npy,40,11,0.282,0.3,ddnm,31.161087844825666,0.9036450893491771
A00038806.npy,40,11,0.282,0.5,zerofill,23.59058817691883,0.7060181742890866
A00038806.npy,40,11,0.282,0.5,cs,35.31910908974901,0.973952561024215
A00038806.npy,40,11,0.282,0.5,ddnm,36.73209825427883,0.9826239147347425
A00038806.npy,46,17,0.436,0.2,zerofill,17.785359300841858,0.46863041421577806
A00038806.npy,46,17,0.436,0.2,cs,24.45623761167149,0.8124324158359658
A00038806.npy,46,17,0.436,0.2,ddnm,31.84134567011935,0.9101703831727259
A00038806.npy,46,17,0.436,0.3,zerofill,18.390010654875386,0.5044552924958068
A00038806.npy,46,17,0.436,0.3,cs,27.780791659833504,0.8559733599454897
A00038806.npy,46,17,0.436,0.3,ddnm,33.03249731229894,0.9372735077680935
A00038806.npy,46,17,0.436,0.5,zerofill,26.255451724934087,0.7591836497778169
A00038806.npy,46,17,0.436,0.5,cs,36.7090483493679,0.9792618390349924
A00038806.npy,46,17,0.436,0.5,ddnm,39.510290756507736,0.9847144007730856
A00038806.npy,51,22,0.564,0.2,zerofill,17.741213605074748,0.48947270218997624
A00038806.npy,51,22,0.564,0.2,cs,26.45292505471375,0.8007967025021557
A00038806.npy,51,22,0.564,0.2,ddnm,32.04652535365633,0.9157860190240935
A00038806.npy,51,22,0.564,0.3,zerofill,13.301016636850546,0.4333671747593264
A00038806.npy,51,22,0.564,0.3,cs,13.388708012918933,0.6602592638441459
A00038806.npy,51,22,0.564,0.3,ddnm,33.604429445092364,0.9284185600081332
A00038806.npy,51,22,0.564,0.5,zerofill,23.855933173113772,0.7235878938036507
A00038806.npy,51,22,0.564,0.5,cs,36.38052735817382,0.9790531586644406
A00038806.npy,51,22,0.564,0.5,ddnm,42.058522458208174,0.9911079872394563
A00038806.npy,57,28,0.718,0.2,zerofill,12.354614963955026,0.35384427482903613
A00038806.npy,57,28,0.718,0.2,cs,13.340507193342736,0.6120495717667991
A00038806.npy,57,28,0.718,0.2,ddnm,21.66264089721569,0.7249999862446834
A00038806.npy,57,28,0.718,0.3,zerofill,19.821839915529157,0.5467006682107273
A00038806.npy,57,28,0.718,0.3,cs,30.361937295338542,0.9040574554793959
A00038806.npy,57,28,0.718,0.3,ddnm,34.094245835458906,0.9654455958907882
A00038806.npy,57,28,0.718,0.5,zerofill,26.88405936082967,0.7733068222523405
A00038806.npy,57,28,0.718,0.5,cs,36.93105553360268,0.9827710275118532
A00038806.npy,57,28,0.718,0.5,ddnm,40.99235840836843,0.9891587604769325
A00038806.npy,62,33,0.846,0.2,zerofill,17.9255937940497,0.4622540553233177
A00038806.npy,62,33,0.846,0.2,cs,25.99750024405346,0.7870613837433698
A00038806.npy,62,33,0.846,0.2,ddnm,30.34038377520606,0.9067097659838741
A00038806.npy,62,33,0.846,0.3,zerofill,13.009923925359345,0.48532445964843673
A00038806.npy,62,33,0.846,0.3,cs,13.257259382648499,0.686936902914026
A00038806.npy,62,33,0.846,0.3,ddnm,34.90590109954667,0.9294696784638583
A00038806.npy,62,33,0.846,0.5,zerofill,26.300044933303678,0.7327205714210517
A00038806.npy,62,33,0.846,0.5,cs,36.46442458159246,0.9815157886090954
A00038806.npy,62,33,0.846,0.5,ddnm,39.42638932489143,0.9848948602585407
A00038806.npy,68,39,1.0,0.2,zerofill,20.35791161428428,0.5445773449798837
A00038806.npy,68,39,1.0,0.2,cs,26.088688067816154,0.852693040163307
A00038806.npy,68,39,1.0,0.2,ddnm,30.082507095643635,0.9419044877465808
A00038806.npy,68,39,1.0,0.3,zerofill,12.30380448980915,0.4307932094237868
A00038806.npy,68,39,1.0,0.3,cs,12.477009412889096,0.6289370975906899
A00038806.npy,68,39,1.0,0.3,ddnm,33.67283119929877,0.9116502942072388
A00038806.npy,68,39,1.0,0.5,zerofill,25.638425989578355,0.7305931585817854
A00038806.npy,68,39,1.0,0.5,cs,36.21218432443004,0.9832697148181776
A00038806.npy,68,39,1.0,0.5,ddnm,38.80085876074088,0.9879842709706887
A00038831.npy,29,0,0.0,0.2,zerofill,17.262896717122636,0.4536971279462232
A00038831.npy,29,0,0.0,0.2,cs,27.208024377780937,0.842851301384862
A00038831.npy,29,0,0.0,0.2,ddnm,27.79234407793542,0.870858376194968
A00038831.npy,29,0,0.0,0.3,zerofill,21.064055482856176,0.5785903262652938
A00038831.npy,29,0,0.0,0.3,cs,31.125905734570885,0.9306305484919819
A00038831.npy,29,0,0.0,0.3,ddnm,30.97948428802568,0.9256183642476549
A00038831.npy,29,0,0.0,0.5,zerofill,25.029254526357935,0.6565896244510634
A00038831.npy,29,0,0.0,0.5,cs,36.29710645069193,0.9698672655191962
A00038831.npy,29,0,0.0,0.5,ddnm,38.29441358263472,0.9782616086814776
A00038831.npy,35,6,0.154,0.2,zerofill,20.61260289571553,0.5670495676322171
A00038831.npy,35,6,0.154,0.2,cs,28.859351993371078,0.8653357434182862
A00038831.npy,35,6,0.154,0.2,ddnm,31.767245910195903,0.9292550598804555
A00038831.npy,35,6,0.154,0.3,zerofill,19.56246545680713,0.5236607417987789
A00038831.npy,35,6,0.154,0.3,cs,30.655949388542474,0.8664428061910536
A00038831.npy,35,6,0.154,0.3,ddnm,34.00466204831864,0.94398354777395
A00038831.npy,35,6,0.154,0.5,zerofill,26.50523340712457,0.7694123129258573
A00038831.npy,35,6,0.154,0.5,cs,35.683358222130856,0.9734349396361103
A00038831.npy,35,6,0.154,0.5,ddnm,36.230294041007795,0.9750010053682506
A00038831.npy,40,11,0.282,0.2,zerofill,13.750072596064921,0.42154392712871586
A00038831.npy,40,11,0.282,0.2,cs,13.859221083293871,0.5889406889516554
A00038831.npy,40,11,0.282,0.2,ddnm,29.60632270356622,0.8596000691720136
A00038831.npy,40,11,0.282,0.3,zerofill,18.952414822790406,0.5791700768092412
A00038831.npy,40,11,0.282,0.3,cs,28.506627259594488,0.9154623149534014
A00038831.npy,40,11,0.282,0.3,ddnm,33.16372888945092,0.9569742073658107
A00038831.npy,40,11,0.282,0.5,zerofill,25.249262040382785,0.7705657708979703
A00038831.npy,40,11,0.282,0.5,cs,35.71584581116132,0.9764254939384724
A00038831.npy,40,11,0.282,0.5,ddnm,38.65984832309231,0.9832485582768613
A00038831.npy,46,17,0.436,0.2,zerofill,19.096564647139058,0.5343001661265191
A00038831.npy,46,17,0.436,0.2,cs,28.057997059972188,0.8353526131589105
A00038831.npy,46,17,0.436,0.2,ddnm,32.590969430979534,0.9249155603467345
A00038831.npy,46,17,0.436,0.3,zerofill,21.594951585515073,0.6502654242384488
A00038831.npy,46,17,0.436,0.3,cs,30.976059757827358,0.9226345572089018
A00038831.npy,46,17,0.436,0.3,ddnm,32.93267953049762,0.9543875335357549
A00038831.npy,46,17,0.436,0.5,zerofill,14.776228164812121,0.6628778852272529
A00038831.npy,46,17,0.436,0.5,cs,14.117716340464675,0.7681359441310993
A00038831.npy,46,17,0.436,0.5,ddnm,37.29110307876767,0.9754948033797296
A00038831.npy,51,22,0.564,0.2,zerofill,13.958416554447549,0.45088116917581633
A00038831.npy,51,22,0.564,0.2,cs,14.320739572581349,0.6689704899052676
A00038831.npy,51,22,0.564,0.2,ddnm,27.385508983133615,0.8448256984682445
A00038831.npy,51,22,0.564,0.3,zerofill,21.053151129770484,0.6089333122601557
A00038831.npy,51,22,0.564,0.3,cs,31.688299896072536,0.9283500936676244
A00038831.npy,51,22,0.564,0.3,ddnm,35.996930655980684,0.9704740121620248
A00038831.npy,51,22,0.564,0.5,zerofill,14.920756562965046,0.6361380002239442
A00038831.npy,51,22,0.564,0.5,cs,14.348482854629696,0.771610166185602
A00038831.npy,51,22,0.564,0.5,ddnm,33.85596663097476,0.9682290396985749
A00038831.npy,57,28,0.718,0.2,zerofill,18.631635221516493,0.4951529523076769
A00038831.npy,57,28,0.718,0.2,cs,26.708556648188683,0.8325069060914436
A00038831.npy,57,28,0.718,0.2,ddnm,32.89118828876382,0.9463758778384667
A00038831.npy,57,28,0.718,0.3,zerofill,20.111900944298405,0.5275440188175831
A00038831.npy,57,28,0.718,0.3,cs,30.33145283346758,0.9001914777379264
A00038831.npy,57,28,0.718,0.3,ddnm,34.60639786246884,0.9485634486502583
A00038831.npy,57,28,0.718,0.5,zerofill,25.49651396252553,0.7281511326212721
A00038831.npy,57,28,0.718,0.5,cs,33.23684710051192,0.9765880793319037
A00038831.npy,57,28,0.718,0.5,ddnm,36.09356374754388,0.9797143905561991
A00038831.npy,62,33,0.846,0.2,zerofill,17.899723781611463,0.4946510276888585
A00038831.npy,62,33,0.846,0.2,cs,26.055533893428645,0.8180901929952011
A00038831.npy,62,33,0.846,0.2,ddnm,32.80837070683545,0.9408064357810237
A00038831.npy,62,33,0.846,0.3,zerofill,13.16837446465006,0.4291086510019228
A00038831.npy,62,33,0.846,0.3,cs,14.501197533934933,0.7344872432184588
A00038831.npy,62,33,0.846,0.3,ddnm,21.57459715752024,0.8400204339241362
A00038831.npy,62,33,0.846,0.5,zerofill,24.59989621338828,0.6972858257285371
A00038831.npy,62,33,0.846,0.5,cs,33.974919434128054,0.9777199483404746
A00038831.npy,62,33,0.846,0.5,ddnm,37.037565330271555,0.9824044498880523
A00038831.npy,68,39,1.0,0.2,zerofill,12.70316922802669,0.35890794447715957
A00038831.npy,68,39,1.0,0.2,cs,13.38423964270158,0.5998991963804808
A00038831.npy,68,39,1.0,0.2,ddnm,18.20889075993906,0.6250825564838901
A00038831.npy,68,39,1.0,0.3,zerofill,20.195396386910794,0.539610532782148
A00038831.npy,68,39,1.0,0.3,cs,31.23961870063045,0.9066311077657037
A00038831.npy,68,39,1.0,0.3,ddnm,34.10434359416346,0.9636370469384282
A00038831.npy,68,39,1.0,0.5,zerofill,26.361824906056626,0.7792835373109073
A00038831.npy,68,39,1.0,0.5,cs,36.80725136004577,0.9858125151885642
A00038831.npy,68,39,1.0,0.5,ddnm,37.604216085653505,0.9878615969989736
A00039040.npy,29,0,0.0,0.2,zerofill,11.17457376094627,0.2963821369657016
A00039040.npy,29,0,0.0,0.2,cs,11.284498114798287,0.46536025797112834
A00039040.npy,29,0,0.0,0.2,ddnm,27.62680466425884,0.7211433505030983
A00039040.npy,29,0,0.0,0.3,zerofill,20.392222751434797,0.5510705690730517
A00039040.npy,29,0,0.0,0.3,cs,32.52961520405779,0.9544505126908466
A00039040.npy,29,0,0.0,0.3,ddnm,32.50850295896881,0.9610245584494499
A00039040.npy,29,0,0.0,0.5,zerofill,25.884853196748196,0.7013265803549289
A00039040.npy,29,0,0.0,0.5,cs,36.153500301462074,0.9838471006951451
A00039040.npy,29,0,0.0,0.5,ddnm,34.46447462614901,0.974024473619666
A00039040.npy,35,6,0.154,0.2,zerofill,11.290236875757804,0.32473507187536454
A00039040.npy,35,6,0.154,0.2,cs,11.692509466656693,0.48127971945989434
A00039040.npy,35,6,0.154,0.2,ddnm,28.616962373016406,0.8042362758815208
A00039040.npy,35,6,0.154,0.3,zerofill,19.89366920312204,0.5151174501225747
A00039040.npy,35,6,0.154,0.3,cs,30.939112415275,0.9332144861158361
A00039040.npy,35,6,0.154,0.3,ddnm,29.834034830119727,0.9317933487020347
A00039040.npy,35,6,0.154,0.5,zerofill,23.103384596454305,0.6859301835121709
A00039040.npy,35,6,0.154,0.5,cs,34.927308696040114,0.9771265781989376
A00039040.npy,35,6,0.154,0.5,ddnm,35.00301551814664,0.9779836664362256
A00039040.npy,40,11,0.282,0.2,zerofill,11.190011728288924,0.3475302454996868
A00039040.npy,40,11,0.282,0.2,cs,11.964723588641954,0.5290539261043479
A00039040.npy,40,11,0.282,0.2,ddnm,27.377871283335992,0.765457110066999
A00039040.npy,40,11,0.282,0.3,zerofill,11.683812810240784,0.3894868376630197
A00039040.npy,40,11,0.282,0.3,cs,11.996282294703482,0.5762019184166772
A00039040.npy,40,11,0.282,0.3,ddnm,32.45083581716438,0.8730094004958043
A00039040.npy,40,11,0.282,0.5,zerofill,26.87350691547894,0.7439934903364334
A00039040.npy,40,11,0.282,0.5,cs,36.227405741103944,0.9812616809293552
A00039040.npy,40,11,0.282,0.5,ddnm,36.44377667497925,0.9783806389488542
A00039040.npy,46,17,0.436,0.2,zerofill,11.694712226763466,0.3895226584904076
A00039040.npy,46,17,0.436,0.2,cs,12.32016733206188,0.5803346158807761
A00039040.npy,46,17,0.436,0.2,ddnm,28.56581523208872,0.819087096764317
A00039040.npy,46,17,0.436,0.3,zerofill,18.891964130327036,0.556445076903602
A00039040.npy,46,17,0.436,0.3,cs,30.469094891146344,0.8984663137701535
A00039040.npy,46,17,0.436,0.3,ddnm,31.959663846406766,0.942955856210232
A00039040.npy,46,17,0.436,0.5,zerofill,22.021328379795303,0.7094546877394874
A00039040.npy,46,17,0.436,0.5,cs,34.048723879814574,0.9690610851829201
A00039040.npy,46,17,0.436,0.5,ddnm,33.378796286953715,0.9708218879895613
A00039040.npy,51,22,0.564,0.2,zerofill,17.282264213554406,0.4602393922166472
A00039040.npy,51,22,0.564,0.2,cs,24.663726143187432,0.7749110569634186
A00039040.npy,51,22,0.564,0.2,ddnm,29.413835090630407,0.8679588820439386
A00039040.npy,51,22,0.564,0.3,zerofill,12.223937364117873,0.4380058246705594
A00039040.npy,51,22,0.564,0.3,cs,12.3622611927457,0.6270391615393688
A00039040.npy,51,22,0.564,0.3,ddnm,28.171593535106183,0.8438024250329946
A00039040.npy,51,22,0.564,0.5,zerofill,27.252174151458277,0.7654951409290593
A00039040.npy,51,22,0.564,0.5,cs,36.2070581798273,0.9770839825789155
A00039040.npy,51,22,0.564,0.5,ddnm,35.973722147198856,0.971396583269854
A00039040.npy,57,28,0.718,0.2,zerofill,19.9401736847162,0.48947971068723967
A00039040.npy,57,28,0.718,0.2,cs,27.444384826628564,0.8223395818377399
A00039040.npy,57,28,0.718,0.2,ddnm,30.32596583928957,0.916897037995339
A00039040.npy,57,28,0.718,0.3,zerofill,12.434927962142632,0.4619647320666837
A00039040.npy,57,28,0.718,0.3,cs,12.462362728311806,0.636509235767397
A00039040.npy,57,28,0.718,0.3,ddnm,32.14197559219699,0.9136731641682941
A00039040.npy,57,28,0.718,0.5,zerofill,26.596673199029937,0.7560529375053493
A00039040.npy,57,28,0.718,0.5,cs,37.45657364242553,0.9800228131807354
A00039040.npy,57,28,0.718,0.5,ddnm,41.4534019915044,0.9903169078945121
A00039040.npy,62,33,0.846,0.2,zerofill,11.880141030828417,0.37894331012272414
A00039040.npy,62,33,0.846,0.2,cs,12.839883668739834,0.5809894653835872
A00039040.npy,62,33,0.846,0.2,ddnm,11.077068377263421,0.5708966911802208
A00039040.npy,62,33,0.846,0.3,zerofill,19.615394127426843,0.5235196586744957
A00039040.npy,62,33,0.846,0.3,cs,30.496456591268938,0.9023235475211971
A00039040.npy,62,33,0.846,0.3,ddnm,34.699574999880426,0.9586237081914972
A00039040.npy,62,33,0.846,0.5,zerofill,24.244465457519908,0.7262575106350334
A00039040.npy,62,33,0.846,0.5,cs,35.26929118840833,0.9805104890575462
A00039040.npy,62,33,0.846,0.5,ddnm,37.42976053492535,0.9843787082466698
A00039040.npy,68,39,1.0,0.2,zerofill,18.478538895005045,0.5016544512403357
A00039040.npy,68,39,1.0,0.2,cs,26.306533446838355,0.8208954709857849
A00039040.npy,68,39,1.0,0.2,ddnm,29.17712449217612,0.9029922245945846
A00039040.npy,68,39,1.0,0.3,zerofill,20.839427381689063,0.572108573942874
A00039040.npy,68,39,1.0,0.3,cs,29.579482474998823,0.9150482766611566
A00039040.npy,68,39,1.0,0.3,ddnm,31.58461251792754,0.959428872551706
A00039040.npy,68,39,1.0,0.5,zerofill,23.203380237247842,0.658871909323138
A00039040.npy,68,39,1.0,0.5,cs,36.975202631844844,0.9813157277773926
A00039040.npy,68,39,1.0,0.5,ddnm,39.594664527393604,0.9885791321013506
A00039074.npy,29,0,0.0,0.2,zerofill,10.027911715706637,0.29198214538039147
A00039074.npy,29,0,0.0,0.2,cs,11.327249910681028,0.4845697623214818
A00039074.npy,29,0,0.0,0.2,ddnm,25.077509135611965,0.7398306127166207
A00039074.npy,29,0,0.0,0.3,zerofill,20.033103981341633,0.48182698850815386
A00039074.npy,29,0,0.0,0.3,cs,32.45808546590649,0.9452905175425023
A00039074.npy,29,0,0.0,0.3,ddnm,33.00710209294097,0.964921037209223
A00039074.npy,29,0,0.0,0.5,zerofill,22.485343730388088,0.646401461758517
A00039074.npy,29,0,0.0,0.5,cs,36.33510190895199,0.9793860061843528
A00039074.npy,29,0,0.0,0.5,ddnm,37.372832670138095,0.9869123454521306
A00039074.npy,35,6,0.154,0.2,zerofill,11.726130432908686,0.3795558619347397
A00039074.npy,35,6,0.154,0.2,cs,12.780096877719004,0.5907578253818372
A00039074.npy,35,6,0.154,0.2,ddnm,17.140932149341374,0.6372377517524183
A00039074.npy,35,6,0.154,0.3,zerofill,12.440365260823711,0.4179497410460826
A00039074.npy,35,6,0.154,0.3,cs,12.484597322539503,0.5986795733262702
A00039074.npy,35,6,0.154,0.3,ddnm,28.219235939754896,0.8037140068036945
A00039074.npy,35,6,0.154,0.5,zerofill,23.27398885097381,0.6398759498550968
A00039074.npy,35,6,0.154,0.5,cs,34.718430247940255,0.9730369867464126
A00039074.npy,35,6,0.154,0.5,ddnm,35.895893531131826,0.9804217057366167
A00039074.npy,40,11,0.282,0.2,zerofill,11.780360475784864,0.31587938693676454
A00039074.npy,40,11,0.282,0.2,cs,13.035857625571857,0.5589447654527318
A00039074.npy,40,11,0.282,0.2,ddnm,21.46988198215699,0.7567289856616538
A00039074.npy,40,11,0.282,0.3,zerofill,20.683422982462485,0.5675195606994544
A00039074.npy,40,11,0.282,0.3,cs,30.708754441745967,0.926970643415102
A00039074.npy,40,11,0.282,0.3,ddnm,32.721439996288886,0.9643039496110447
A00039074.npy,40,11,0.282,0.5,zerofill,24.865830105619516,0.6790416952989031
A00039074.npy,40,11,0.282,0.5,cs,34.53911118656777,0.9770271812225984
A00039074.npy,40,11,0.282,0.5,ddnm,37.341133874671726,0.9863430102188335
A00039074.npy,46,17,0.436,0.2,zerofill,18.36636870835982,0.44689468978748653
A00039074.npy,46,17,0.436,0.2,cs,26.844996653216473,0.8008165002313213
A00039074.npy,46,17,0.436,0.2,ddnm,33.462491605545466,0.9563702635068594
A00039074.npy,46,17,0.436,0.3,zerofill,19.745367873866485,0.5514608008778987
A00039074.npy,46,17,0.436,0.3,cs,32.27416755168648,0.9142938943935703
A00039074.npy,46,17,0.436,0.3,ddnm,36.47943036242225,0.9757059815589282
A00039074.npy,46,17,0.436,0.5,zerofill,23.340288751001218,0.678502598995696
A00039074.npy,46,17,0.436,0.5,cs,36.54976831743706,0.9830902631694161
A00039074.npy,46,17,0.436,0.5,ddnm,39.55551011147968,0.9904895951889817
A00039074.npy,51,22,0.564,0.2,zerofill,12.558513399697212,0.3449204739267442
A00039074.npy,51,22,0.564,0.2,cs,13.197965644826395,0.5797767874000614
A00039074.npy,51,22,0.564,0.2,ddnm,30.495711672547372,0.8498675488361033
A00039074.npy,51,22,0.564,0.3,zerofill,17.434035971174577,0.5149644951419162
A00039074.npy,51,22,0.564,0.3,cs,30.938292692586394,0.9009343957795279
A00039074.npy,51,22,0.564,0.3,ddnm,35.3278146993536,0.9720341260916634
A00039074.npy,51,22,0.564,0.5,zerofill,26.42025424636186,0.7556308669410609
A00039074.npy,51,22,0.564,0.5,cs,36.774117850195324,0.986839914563778
A00039074.npy,51,22,0.564,0.5,ddnm,38.77381463595461,0.9877168505430798
A00039074.npy,57,28,0.718,0.2,zerofill,12.714496089420615,0.4120726610245458
A00039074.npy,57,28,0.718,0.2,cs,13.219877679273484,0.6230175985740224
A00039074.npy,57,28,0.718,0.2,ddnm,31.599049845691553,0.9023610772292193
A00039074.npy,57,28,0.718,0.3,zerofill,13.009103308808893,0.4439448390235241
A00039074.npy,57,28,0.718,0.3,cs,13.350498015460307,0.6653391126477911
A00039074.npy,57,28,0.718,0.3,ddnm,25.67203627133267,0.8183383679521318
A00039074.npy,57,28,0.718,0.5,zerofill,24.50812091004092,0.6766893065733073
A00039074.npy,57,28,0.718,0.5,cs,37.792730358034575,0.9865869330289831
A00039074.npy,57,28,0.718,0.5,ddnm,41.53245139468932,0.9928961603015509
A00039074.npy,62,33,0.846,0.2,zerofill,12.35634185138133,0.41673345353791846
A00039074.npy,62,33,0.846,0.2,cs,12.988527329951857,0.6181080067692672
A00039074.npy,62,33,0.846,0.2,ddnm,27.219170077000282,0.7753648156087692
A00039074.npy,62,33,0.846,0.3,zerofill,12.819417111547027,0.47246938572142433
A00039074.npy,62,33,0.846,0.3,cs,13.02842151396785,0.6478034785028931
A00039074.npy,62,33,0.846,0.3,ddnm,28.659795163580778,0.8274194004942829
A00039074.npy,62,33,0.846,0.5,zerofill,25.86407657837626,0.7390022847330091
A00039074.npy,62,33,0.846,0.5,cs,35.234694758005,0.9829489376372914
A00039074.npy,62,33,0.846,0.5,ddnm,38.64815597592877,0.9899780468109698
A00039074.npy,68,39,1.0,0.2,zerofill,15.256972056044027,0.3820484818382373
A00039074.npy,68,39,1.0,0.2,cs,23.987157446052045,0.6761985657179079
A00039074.npy,68,39,1.0,0.2,ddnm,32.60140393589307,0.9135885676406614
A00039074.npy,68,39,1.0,0.3,zerofill,12.038351445204537,0.4346602855379873
A00039074.npy,68,39,1.0,0.3,cs,12.364817165187258,0.5853372989316656
A00039074.npy,68,39,1.0,0.3,ddnm,18.995389543767644,0.6456290434220155
A00039074.npy,68,39,1.0,0.5,zerofill,26.732048171251943,0.7513789944938271
A00039074.npy,68,39,1.0,0.5,cs,38.319139185218965,0.9879742358295356
A00039074.npy,68,39,1.0,0.5,ddnm,42.061609783805245,0.9924163351381572
A00039331.npy,29,0,0.0,0.2,zerofill,10.785942598520371,0.2838680798771056
A00039331.npy,29,0,0.0,0.2,cs,11.083749193907263,0.4655529131023098
A00039331.npy,29,0,0.0,0.2,ddnm,29.828561997924332,0.8149041981801483
A00039331.npy,29,0,0.0,0.3,zerofill,17.006141470222495,0.48325546332393066
A00039331.npy,29,0,0.0,0.3,cs,29.33431926941456,0.9313192853883802
A00039331.npy,29,0,0.0,0.3,ddnm,33.499062732431504,0.9603474654199231
A00039331.npy,29,0,0.0,0.5,zerofill,23.99742523941219,0.6727494917677092
A00039331.npy,29,0,0.0,0.5,cs,36.6230965743319,0.9836394946458551
A00039331.npy,29,0,0.0,0.5,ddnm,37.0052410484169,0.9842024876189726
A00039331.npy,35,6,0.154,0.2,zerofill,16.671582114736765,0.42058320990346404
A00039331.npy,35,6,0.154,0.2,cs,27.286871516855836,0.834386847183675
A00039331.npy,35,6,0.154,0.2,ddnm,29.717091492397522,0.9092474794523373
A00039331.npy,35,6,0.154,0.3,zerofill,17.86089508990049,0.536855359596815
A00039331.npy,35,6,0.154,0.3,cs,28.6548056703522,0.9059339232154109
A00039331.npy,35,6,0.154,0.3,ddnm,31.93129017147986,0.9569553680751984
A00039331.npy,35,6,0.154,0.5,zerofill,21.209360274644304,0.5929577006573983
A00039331.npy,35,6,0.154,0.5,cs,35.410509711780364,0.9712108593214843
A00039331.npy,35,6,0.154,0.5,ddnm,36.54862694585072,0.9803760970185054
A00039331.npy,40,11,0.282,0.2,zerofill,19.649242769927206,0.5086142050377287
A00039331.npy,40,11,0.282,0.2,cs,28.447207904481505,0.8667312894206473
A00039331.npy,40,11,0.282,0.2,ddnm,29.77748791627443,0.9273620416154723
A00039331.npy,40,11,0.282,0.3,zerofill,21.690386011419292,0.5952329291338463
A00039331.npy,40,11,0.282,0.3,cs,31.077214451640298,0.9483464782363271
A00039331.npy,40,11,0.282,0.3,ddnm,30.41174767834915,0.952178543986684
A00039331.npy,40,11,0.282,0.5,zerofill,26.095237271909255,0.7203805062416337
A00039331.npy,40,11,0.282,0.5,cs,35.09006440968726,0.9809803957861939
A00039331.npy,40,11,0.282,0.5,ddnm,35.0398564384132,0.9794484633883299
A00039331.npy,46,17,0.436,0.2,zerofill,17.930234023771966,0.47171999576766266
A00039331.npy,46,17,0.436,0.2,cs,28.151139941475524,0.8429132366989827
A00039331.npy,46,17,0.436,0.2,ddnm,31.09532235663684,0.9037269434744722
A00039331.npy,46,17,0.436,0.3,zerofill,20.39240493950767,0.5680505738666879
A00039331.npy,46,17,0.436,0.3,cs,32.30544668545751,0.9317077760887752
A00039331.npy,46,17,0.436,0.3,ddnm,33.16480929828386,0.9569572667558486
A00039331.npy,46,17,0.436,0.5,zerofill,26.338009248919413,0.7343964074030384
A00039331.npy,46,17,0.436,0.5,cs,35.24352387803007,0.9820562328615678
A00039331.npy,46,17,0.436,0.5,ddnm,36.74552194316909,0.9852607800687586
A00039331.npy,51,22,0.564,0.2,zerofill,12.082987232676158,0.39670692055591955
A00039331.npy,51,22,0.564,0.2,cs,12.244267426876847,0.5583428023024132
A00039331.npy,51,22,0.564,0.2,ddnm,31.335585658657443,0.863412565607012
A00039331.npy,51,22,0.564,0.3,zerofill,21.713249158953467,0.6035385794382095
A00039331.npy,51,22,0.564,0.3,cs,33.51853982135405,0.9459383740953078
A00039331.npy,51,22,0.564,0.3,ddnm,35.60080736544082,0.9669354730709943
A00039331.npy,51,22,0.564,0.5,zerofill,26.778860665410683,0.7191879862977454
A00039331.npy,51,22,0.564,0.5,cs,37.72385248021986,0.9797194071216181
A00039331.npy,51,22,0.564,0.5,ddnm,39.865788172399455,0.9847512760011139
A00039331.npy,57,28,0.718,0.2,zerofill,11.96608288938899,0.41604311446988007
A00039331.npy,57,28,0.718,0.2,cs,13.3207274572047,0.6362221001256667
A00039331.npy,57,28,0.718,0.2,ddnm,14.57327172896499,0.6825788379593182
A00039331.npy,57,28,0.718,0.3,zerofill,20.759336812702184,0.588784827956589
A00039331.npy,57,28,0.718,0.3,cs,31.108107910127693,0.9386534788048867
A00039331.npy,57,28,0.718,0.3,ddnm,30.6159546460429,0.9458114712152933
A00039331.npy,57,28,0.718,0.5,zerofill,27.852617605086326,0.8157111663432395
A00039331.npy,57,28,0.718,0.5,cs,36.16855048775549,0.981255963721028
A00039331.npy,57,28,0.718,0.5,ddnm,37.01857750118668,0.9811520759247542
A00039331.npy,62,33,0.846,0.2,zerofill,11.863654569856315,0.3785521805727088
A00039331.npy,62,33,0.846,0.2,cs,12.616302667336424,0.5937589264249264
A00039331.npy,62,33,0.846,0.2,ddnm,20.751372434350678,0.6620293801720494
A00039331.npy,62,33,0.846,0.3,zerofill,12.606064289741198,0.4772923084720296
A00039331.npy,62,33,0.846,0.3,cs,12.66886746339678,0.6531358338486117
A00039331.npy,62,33,0.846,0.3,ddnm,32.87000347052959,0.9326945236555929
A00039331.npy,62,33,0.846,0.5,zerofill,12.992352149412119,0.5741902897382463
A00039331.npy,62,33,0.846,0.5,cs,12.66686560718391,0.6694881080984038
A00039331.npy,62,33,0.846,0.5,ddnm,26.14235528302744,0.8496470107020921
A00039331.npy,68,39,1.0,0.2,zerofill,11.725897255528261,0.3699120907162999
A00039331.npy,68,39,1.0,0.2,cs,12.122909090314678,0.5626654399226441
A00039331.npy,68,39,1.0,0.2,ddnm,31.712859209160072,0.8884871098798822
A00039331.npy,68,39,1.0,0.3,zerofill,12.11064097193702,0.4290100064579637
A00039331.npy,68,39,1.0,0.3,cs,12.183989146019808,0.6088299505337007
A00039331.npy,68,39,1.0,0.3,ddnm,34.39292625399083,0.9347388574398515
A00039331.npy,68,39,1.0,0.5,zerofill,24.178722841325452,0.670105061634257
A00039331.npy,68,39,1.0,0.5,cs,37.34833635040385,0.9813030113162484
A00039331.npy,68,39,1.0,0.5,ddnm,38.72995602317292,0.9866789594889328
A00039391.npy,29,0,0.0,0.2,zerofill,9.956918141666211,0.271173720759433
A00039391.npy,29,0,0.0,0.2,cs,11.385200762654302,0.4808572048594501
A00039391.npy,29,0,0.0,0.2,ddnm,12.484877934346752,0.49092546090920014
A00039391.npy,29,0,0.0,0.3,zerofill,16.382247036681143,0.45119094545076965
A00039391.npy,29,0,0.0,0.3,cs,29.58538882894525,0.868338945512208
A00039391.npy,29,0,0.0,0.3,ddnm,34.317480993361585,0.9643818860900111
A00039391.npy,29,0,0.0,0.5,zerofill,22.8940242523732,0.6708831448946173
A00039391.npy,29,0,0.0,0.5,cs,36.730648424247086,0.9807084855498149
A00039391.npy,29,0,0.0,0.5,ddnm,36.89039891635489,0.9829898411765979
A00039391.npy,35,6,0.154,0.2,zerofill,16.569326056202037,0.4177536171278619
A00039391.npy,35,6,0.154,0.2,cs,22.999438936480438,0.723228796856584
A00039391.npy,35,6,0.154,0.2,ddnm,29.20505944130689,0.8897125296528959
A00039391.npy,35,6,0.154,0.3,zerofill,18.76422251780744,0.5344559384541684
A00039391.npy,35,6,0.154,0.3,cs,30.592845241030382,0.888226844056003
A00039391.npy,35,6,0.154,0.3,ddnm,33.59085444204776,0.96471410676
A00039391.npy,35,6,0.154,0.5,zerofill,23.716125064020606,0.6870916571587049
A00039391.npy,35,6,0.154,0.5,cs,35.870422760889376,0.9732803713727529
A00039391.npy,35,6,0.154,0.5,ddnm,37.87722165803798,0.9820596891220331
A00039391.npy,40,11,0.282,0.2,zerofill,16.049509611474384,0.43935745246487345
A00039391.npy,40,11,0.282,0.2,cs,24.31879425148255,0.8096043340731898
A00039391.npy,40,11,0.282,0.2,ddnm,29.014507901116676,0.8944496845106177
A00039391.npy,40,11,0.282,0.3,zerofill,20.562661826035335,0.5283367420242229
A00039391.npy,40,11,0.282,0.3,cs,30.011730570049004,0.881844729202124
A00039391.npy,40,11,0.282,0.3,ddnm,33.098929226251855,0.9520613084622559
A00039391.npy,40,11,0.282,0.5,zerofill,26.251873704012866,0.7354077731358782
A00039391.npy,40,11,0.282,0.5,cs,34.86041204037609,0.9796098929676469
A00039391.npy,40,11,0.282,0.5,ddnm,35.62821403221668,0.9765467101873745
A00039391.npy,46,17,0.436,0.2,zerofill,12.349554525921825,0.4275915105285381
A00039391.npy,46,17,0.436,0.2,cs,13.883272943385352,0.6348943266416105
A00039391.npy,46,17,0.436,0.2,ddnm,20.336190079529885,0.8111802245810247
A00039391.npy,46,17,0.436,0.3,zerofill,13.440963110998009,0.4842804618187772
A00039391.npy,46,17,0.436,0.3,cs,13.785543114566895,0.7023660475995979
A00039391.npy,46,17,0.436,0.3,ddnm,32.543583542743704,0.9391381550330976
A00039391.npy,46,17,0.436,0.5,zerofill,24.487500117647855,0.7570459833888946
A00039391.npy,46,17,0.436,0.5,cs,34.06905214869784,0.9756597199749318
A00039391.npy,46,17,0.436,0.5,ddnm,35.76256370763774,0.9724022036629062
A00039391.npy,51,22,0.564,0.2,zerofill,12.925441425222047,0.3915227130768891
A00039391.npy,51,22,0.564,0.2,cs,14.112543879343653,0.6448921828762919
A00039391.npy,51,22,0.564,0.2,ddnm,10.748164511668335,0.5722870393680881
A00039391.npy,51,22,0.564,0.3,zerofill,20.75669950430889,0.5314683204853144
A00039391.npy,51,22,0.564,0.3,cs,29.28314193414995,0.8722715866525458
A00039391.npy,51,22,0.564,0.3,ddnm,34.716399408704575,0.9586877793682356
A00039391.npy,51,22,0.564,0.5,zerofill,24.260138088621616,0.7072166230642677
A00039391.npy,51,22,0.564,0.5,cs,33.726774205030864,0.9744014710155875
A00039391.npy,51,22,0.564,0.5,ddnm,36.37235646836374,0.9821190115577974
A00039391.npy,57,28,0.718,0.2,zerofill,17.90033359284554,0.49825461463762194
A00039391.npy,57,28,0.718,0.2,cs,25.38595019740024,0.8275782830033919
A00039391.npy,57,28,0.718,0.2,ddnm,32.16610202460602,0.9355173603328958
A00039391.npy,57,28,0.718,0.3,zerofill,21.618417800261803,0.5894129385495226
A00039391.npy,57,28,0.718,0.3,cs,29.72527331501937,0.9175564394109962
A00039391.npy,57,28,0.718,0.3,ddnm,35.75954287460548,0.9661506472039818
A00039391.npy,57,28,0.718,0.5,zerofill,26.993652915495083,0.7682151006483637
A00039391.npy,57,28,0.718,0.5,cs,34.98522008732365,0.9816664906878908
A00039391.npy,57,28,0.718,0.5,ddnm,38.737546799902184,0.9856406965344799
A00039391.npy,62,33,0.846,0.2,zerofill,18.429015696721255,0.4752526954673827
A00039391.npy,62,33,0.846,0.2,cs,26.237846843817096,0.8378763986040993
A00039391.npy,62,33,0.846,0.2,ddnm,32.07833923031666,0.9271134687700249
A00039391.npy,62,33,0.846,0.3,zerofill,13.729373200715733,0.4458531363462982
A00039391.npy,62,33,0.846,0.3,cs,14.266630450334327,0.6957895375682004
A00039391.npy,62,33,0.846,0.3,ddnm,34.91820247986106,0.9252816322841525
A00039391.npy,62,33,0.846,0.5,zerofill,23.146233765848912,0.6996915890832316
A00039391.npy,62,33,0.846,0.5,cs,35.612417320091026,0.9774982668289219
A00039391.npy,62,33,0.846,0.5,ddnm,38.04177040336545,0.9800290659658693
A00039391.npy,68,39,1.0,0.2,zerofill,18.22105473697637,0.47342174490666844
A00039391.npy,68,39,1.0,0.2,cs,27.822711876417777,0.8593267295923804
A00039391.npy,68,39,1.0,0.2,ddnm,32.07339085679973,0.9376474624057669
A00039391.npy,68,39,1.0,0.3,zerofill,20.35507674728432,0.5564358311430514
A00039391.npy,68,39,1.0,0.3,cs,30.285736586950055,0.9400639032884467
A00039391.npy,68,39,1.0,0.3,ddnm,32.59533230391983,0.9644804588431185
A00039391.npy,68,39,1.0,0.5,zerofill,27.950105722564743,0.836510611208718
A00039391.npy,68,39,1.0,0.5,cs,34.984119142941466,0.9839486466784273
A00039391.npy,68,39,1.0,0.5,ddnm,35.8747258099095,0.9811817431916027
A00039463.npy,29,0,0.0,0.2,zerofill,18.68888245801091,0.45410654595012884
A00039463.npy,29,0,0.0,0.2,cs,28.114789856476463,0.8736497682023185
A00039463.npy,29,0,0.0,0.2,ddnm,30.045610471259238,0.9155643678194443
A00039463.npy,29,0,0.0,0.3,zerofill,11.713557487745057,0.3829783223566016
A00039463.npy,29,0,0.0,0.3,cs,11.98388871483462,0.5608774857399031
A00039463.npy,29,0,0.0,0.3,ddnm,33.28359357253714,0.9044785666625142
A00039463.npy,29,0,0.0,0.5,zerofill,24.136937332549955,0.6466119664184276
A00039463.npy,29,0,0.0,0.5,cs,35.06992573352591,0.9818235574647067
A00039463.npy,29,0,0.0,0.5,ddnm,37.17577875498662,0.9872171440389778
A00039463.npy,35,6,0.154,0.2,zerofill,17.598424335606246,0.49532776607239465
A00039463.npy,35,6,0.154,0.2,cs,24.727240112782805,0.8334493214548339
A00039463.npy,35,6,0.154,0.2,ddnm,29.620863303820396,0.9197693704513573
A00039463.npy,35,6,0.154,0.3,zerofill,12.237052613649455,0.42770372370559867
A00039463.npy,35,6,0.154,0.3,cs,12.278156390039797,0.6005328540912906
A00039463.npy,35,6,0.154,0.3,ddnm,31.6669767074209,0.8653336880076351
A00039463.npy,35,6,0.154,0.5,zerofill,26.8164050473927,0.7473068605168345
A00039463.npy,35,6,0.154,0.5,cs,35.459367499156926,0.9733485908029029
A00039463.npy,35,6,0.154,0.5,ddnm,36.05028455585697,0.9686259854884277
A00039463.npy,40,11,0.282,0.2,zerofill,12.415118998760924,0.353961966754804
A00039463.npy,40,11,0.282,0.2,cs,12.93295258559157,0.573732463777473
A00039463.npy,40,11,0.282,0.2,ddnm,30.806864787927765,0.8836120176080237
A00039463.npy,40,11,0.282,0.3,zerofill,17.945031048555492,0.5541689167532
A00039463.npy,40,11,0.282,0.3,cs,29.305473966388192,0.8966444260046563
A00039463.npy,40,11,0.282,0.3,ddnm,31.726514731245214,0.9489597076711812
A00039463.npy,40,11,0.282,0.5,zerofill,23.91545634289415,0.6830609525339166
A00039463.npy,40,11,0.282,0.5,cs,36.0390421169152,0.9810059423073105
A00039463.npy,40,11,0.282,0.5,ddnm,37.233776254056586,0.9861249626443707
A00039463.npy,46,17,0.436,0.2,zerofill,12.037798111199887,0.31174221629489196
A00039463.npy,46,17,0.436,0.2,cs,12.943294779613865,0.5225037897950386
A00039463.npy,46,17,0.436,0.2,ddnm,31.520439351726033,0.8585207479175213
A00039463.npy,46,17,0.436,0.3,zerofill,12.486842764375519,0.43897722897236624
A00039463.npy,46,17,0.436,0.3,cs,13.833894326845506,0.7113675350703488
A00039463.npy,46,17,0.436,0.3,ddnm,12.205773365279473,0.6913848786804867
A00039463.npy,46,17,0.436,0.5,zerofill,26.013452041600964,0.702014083463976
A00039463.npy,46,17,0.436,0.5,cs,36.59911567747524,0.9828870641956148
A00039463.npy,46,17,0.436,0.5,ddnm,39.59365464318101,0.989565430469841
A00039463.npy,51,22,0.564,0.2,zerofill,12.508495854116152,0.36059196830836265
A00039463.npy,51,22,0.564,0.2,cs,13.249779954764255,0.5966965247963385
A00039463.npy,51,22,0.564,0.2,ddnm,29.670071660259588,0.8368980057214184
A00039463.npy,51,22,0.564,0.3,zerofill,12.827440612510825,0.4395305093047734
A00039463.npy,51,22,0.564,0.3,cs,13.266141196515655,0.663960328485274
A00039463.npy,51,22,0.564,0.3,ddnm,24.266309284086624,0.8213166223537454
A00039463.npy,51,22,0.564,0.5,zerofill,26.3527808369456,0.7684185758085682
A00039463.npy,51,22,0.564,0.5,cs,35.10783275158242,0.9838299102854966
A00039463.npy,51,22,0.564,0.5,ddnm,38.02782158629496,0.9873000109061154
A00039463.npy,57,28,0.718,0.2,zerofill,12.364009568951442,0.3767173006190907
A00039463.npy,57,28,0.718,0.2,cs,12.913861664933595,0.614977255723634
A00039463.npy,57,28,0.718,0.2,ddnm,28.30195928614743,0.8400177059297667
A00039463.npy,57,28,0.718,0.3,zerofill,17.921614994372998,0.49669064978168337
A00039463.npy,57,28,0.718,0.3,cs,31.074710759246695,0.9049877017507171
A00039463.npy,57,28,0.718,0.3,ddnm,36.99792904544554,0.9828906153934164
A00039463.npy,57,28,0.718,0.5,zerofill,23.54355855146363,0.683565135246579
A00039463.npy,57,28,0.718,0.5,cs,35.708480777121935,0.9824687397966971
A00039463.npy,57,28,0.718,0.5,ddnm,39.28479640690358,0.9899342974542258
A00039463.npy,62,33,0.846,0.2,zerofill,11.551621320929275,0.37503227767346237
A00039463.npy,62,33,0.846,0.2,cs,12.43708445458262,0.5847159434404156
A00039463.npy,62,33,0.846,0.2,ddnm,19.04200836802946,0.6295517753248911
A00039463.npy,62,33,0.846,0.3,zerofill,19.571399788448073,0.5017428452597472
A00039463.npy,62,33,0.846,0.3,cs,30.89902226936825,0.9163437190089446
A00039463.npy,62,33,0.846,0.3,ddnm,37.445154824070585,0.979957542578657
A00039463.npy,62,33,0.846,0.5,zerofill,24.882133761634094,0.6921531303883636
A00039463.npy,62,33,0.846,0.5,cs,37.06708233959388,0.9871601045804458
A00039463.npy,62,33,0.846,0.5,ddnm,38.66986374067505,0.9906247141491947
A00039463.npy,68,39,1.0,0.2,zerofill,18.489677899688413,0.46211317023441223
A00039463.npy,68,39,1.0,0.2,cs,28.435345323274667,0.8695495441036378
A00039463.npy,68,39,1.0,0.2,ddnm,32.502611496895355,0.9634936231858497
A00039463.npy,68,39,1.0,0.3,zerofill,11.570057203577878,0.4110132534086058
A00039463.npy,68,39,1.0,0.3,cs,12.024050235181544,0.5767197714536466
A00039463.npy,68,39,1.0,0.3,ddnm,32.48676899420107,0.852605102672368
A00039463.npy,68,39,1.0,0.5,zerofill,23.24318420778169,0.6528200064373038
A00039463.npy,68,39,1.0,0.5,cs,36.97182338741627,0.9843444230815346
A00039463.npy,68,39,1.0,0.5,ddnm,37.487738649063296,0.9910218132716359
A00039783.npy,29,0,0.0,0.2,zerofill,10.408851600104276,0.2809839000617431
A00039783.npy,29,0,0.0,0.2,cs,11.043597819345264,0.4302925441994364
A00039783.npy,29,0,0.0,0.2,ddnm,18.569991357912656,0.5578705592259855
A00039783.npy,29,0,0.0,0.3,zerofill,16.949043614151275,0.42150744747235414
A00039783.npy,29,0,0.0,0.3,cs,30.37483512229583,0.8810213765460329
A00039783.npy,29,0,0.0,0.3,ddnm,32.265115534402376,0.9524769407988107
A00039783.npy,29,0,0.0,0.5,zerofill,27.69344846196327,0.7620559326933436
A00039783.npy,29,0,0.0,0.5,cs,35.59892030322646,0.9827602739593285
A00039783.npy,29,0,0.0,0.5,ddnm,33.44117543789076,0.9696829866410679
A00039783.npy,35,6,0.154,0.2,zerofill,19.21382929639253,0.4973073277678041
A00039783.npy,35,6,0.154,0.2,cs,28.707462729395377,0.871066794443392
A00039783.npy,35,6,0.154,0.2,ddnm,29.235504094696854,0.906392923468417
A00039783.npy,35,6,0.154,0.3,zerofill,16.805368665721602,0.4819715128165454
A00039783.npy,35,6,0.154,0.3,cs,26.302640263977636,0.8607117785989349
A00039783.npy,35,6,0.154,0.3,ddnm,32.834089675702685,0.9466586115719233
A00039783.npy,35,6,0.154,0.5,zerofill,26.924291423818648,0.7369968832200291
A00039783.npy,35,6,0.154,0.5,cs,35.85629869905338,0.9765361433258559
A00039783.npy,35,6,0.154,0.5,ddnm,35.3726606528728,0.9697596148052897
A00039783.npy,40,11,0.282,0.2,zerofill,20.307153579067236,0.49040894199630164
A00039783.npy,40,11,0.282,0.2,cs,26.464552785323846,0.7714472328931157
A00039783.npy,40,11,0.282,0.2,ddnm,27.9825520268756,0.842862407929917
A00039783.npy,40,11,0.282,0.3,zerofill,22.48628236447788,0.6119830220847718
A00039783.npy,40,11,0.282,0.3,cs,30.703449749588817,0.9075225775816633
A00039783.npy,40,11,0.282,0.3,ddnm,31.981190752336275,0.9436556834330068
A00039783.npy,40,11,0.282,0.5,zerofill,27.510996387512154,0.771984701082651
A00039783.npy,40,11,0.282,0.5,cs,35.87048664192089,0.9745199080757863
A00039783.npy,40,11,0.282,0.5,ddnm,37.158447084665,0.9812589597194241
A00039783.npy,46,17,0.436,0.2,zerofill,12.072782753410385,0.3850530777910168
A00039783.npy,46,17,0.436,0.2,cs,12.246712504669915,0.5622942754816406
A00039783.npy,46,17,0.436,0.2,ddnm,30.51068267081861,0.8465338511604218
A00039783.npy,46,17,0.436,0.3,zerofill,12.353221491064792,0.4783886799528957
A00039783.npy,46,17,0.436,0.3,cs,12.271876910970459,0.6445748909299153
A00039783.npy,46,17,0.436,0.3,ddnm,30.30472822075535,0.893078051785293
A00039783.npy,46,17,0.436,0.5,zerofill,26.291003434362906,0.7349323346275182
A00039783.npy,46,17,0.436,0.5,cs,35.54993812379046,0.9739699034168976
A00039783.npy,46,17,0.436,0.5,ddnm,36.499787827508534,0.9779700237603893
A00039783.npy,51,22,0.564,0.2,zerofill,20.134779712315833,0.5303554396026456
A00039783.npy,51,22,0.564,0.2,cs,28.229757432347977,0.8215505869607863
A00039783.npy,51,22,0.564,0.2,ddnm,31.33329803829671,0.8751797276486218
A00039783.npy,51,22,0.564,0.3,zerofill,20.714519322960314,0.6017386376280702
A00039783.npy,51,22,0.564,0.3,cs,32.38740141668851,0.9170886862575527
A00039783.npy,51,22,0.564,0.3,ddnm,34.33951846051181,0.9519017009833941
A00039783.npy,51,22,0.564,0.5,zerofill,28.481510471049184,0.7983954290849891
A00039783.npy,51,22,0.564,0.5,cs,36.429043590076375,0.9775011244960063
A00039783.npy,51,22,0.564,0.5,ddnm,38.52708801283916,0.9826117526800906
A00039783.npy,57,28,0.718,0.2,zerofill,12.069367903340247,0.38634852698086863
A00039783.npy,57,28,0.718,0.2,cs,12.395889170712381,0.5747455718931122
A00039783.npy,57,28,0.718,0.2,ddnm,23.37550180132802,0.7805987699677528
A00039783.npy,57,28,0.718,0.3,zerofill,18.14431012054242,0.5606730110551288
A00039783.npy,57,28,0.718,0.3,cs,25.363149844182278,0.8951083596438386
A00039783.npy,57,28,0.718,0.3,ddnm,35.48821664721895,0.9723242900482719
A00039783.npy,57,28,0.718,0.5,zerofill,27.51621637896916,0.7923761326042513
A00039783.npy,57,28,0.718,0.5,cs,35.13148763333466,0.9772980909527261
A00039783.npy,57,28,0.718,0.5,ddnm,36.532213673640776,0.9828442388790585
A00039783.npy,62,33,0.846,0.2,zerofill,12.33408336687631,0.44537865474853755
A00039783.npy,62,33,0.846,0.2,cs,12.97827882229326,0.6290732153654168
A00039783.npy,62,33,0.846,0.2,ddnm,31.927169656423985,0.913437867018043
A00039783.npy,62,33,0.846,0.3,zerofill,20.23500726369424,0.5384747508988752
A00039783.npy,62,33,0.846,0.3,cs,29.547907971409863,0.9136583302470385
A00039783.npy,62,33,0.846,0.3,ddnm,32.71220735755585,0.9482684090785588
A00039783.npy,62,33,0.846,0.5,zerofill,26.398406360091528,0.7635183194640937
A00039783.npy,62,33,0.846,0.5,cs,35.34122856150711,0.9825173970897555
A00039783.npy,62,33,0.846,0.5,ddnm,38.43591451360163,0.9869222193515867
A00039783.npy,68,39,1.0,0.2,zerofill,11.495168511341065,0.38072575353169485
A00039783.npy,68,39,1.0,0.2,cs,12.650991704278972,0.6067977209631797
A00039783.npy,68,39,1.0,0.2,ddnm,15.938716727416363,0.6403752056577662
A00039783.npy,68,39,1.0,0.3,zerofill,18.842049238214006,0.5392510711510178
A00039783.npy,68,39,1.0,0.3,cs,30.060077655821434,0.8991011392151963
A00039783.npy,68,39,1.0,0.3,ddnm,33.18926458625483,0.9582460473154668
A00039783.npy,68,39,1.0,0.5,zerofill,18.990481231268475,0.620950596385666
A00039783.npy,68,39,1.0,0.5,cs,34.00725138191974,0.9396464030021334
A00039783.npy,68,39,1.0,0.5,ddnm,35.629117932549356,0.9801763447381514
A00039943.npy,29,0,0.0,0.2,zerofill,16.64568947290952,0.4590700994448027
A00039943.npy,29,0,0.0,0.2,cs,25.005000618942994,0.7588126970328906
A00039943.npy,29,0,0.0,0.2,ddnm,29.83996988733057,0.8653487664790315
A00039943.npy,29,0,0.0,0.3,zerofill,19.95277033633149,0.5694728555463743
A00039943.npy,29,0,0.0,0.3,cs,31.070835760616497,0.8983616725259076
A00039943.npy,29,0,0.0,0.3,ddnm,31.511774648244135,0.9284623565712432
A00039943.npy,29,0,0.0,0.5,zerofill,12.510565064987185,0.5323187246925152
A00039943.npy,29,0,0.0,0.5,cs,12.20798352402584,0.6260731117497967
A00039943.npy,29,0,0.0,0.5,ddnm,36.586650255154474,0.950282968346453
A00039943.npy,35,6,0.154,0.2,zerofill,12.801653735806278,0.465566229151634
A00039943.npy,35,6,0.154,0.2,cs,12.914271506901805,0.6083165952698025
A00039943.npy,35,6,0.154,0.2,ddnm,26.626029324270814,0.7634835969825651
A00039943.npy,35,6,0.154,0.3,zerofill,13.055639095572252,0.46374045788962404
A00039943.npy,35,6,0.154,0.3,cs,12.988484675810382,0.6202534202541489
A00039943.npy,35,6,0.154,0.3,ddnm,30.52015456094899,0.8692460130540731
A00039943.npy,35,6,0.154,0.5,zerofill,23.166777057886616,0.6891681765837604
A00039943.npy,35,6,0.154,0.5,cs,34.69742065688686,0.9656571082027969
A00039943.npy,35,6,0.154,0.5,ddnm,35.689479810741055,0.971442220580895
A00039943.npy,40,11,0.282,0.2,zerofill,18.46710881560629,0.5338242296693944
A00039943.npy,40,11,0.282,0.2,cs,24.17275894018008,0.8055203020879516
A00039943.npy,40,11,0.282,0.2,ddnm,29.81295190137292,0.8808626117356456
A00039943.npy,40,11,0.282,0.3,zerofill,19.586230816367742,0.6630890739327784
A00039943.npy,40,11,0.282,0.3,cs,27.393891369773243,0.9136958724041478
A00039943.npy,40,11,0.282,0.3,ddnm,32.35305079131055,0.9412355080619355
A00039943.npy,40,11,0.282,0.5,zerofill,28.099829527255725,0.8231692275420849
A00039943.npy,40,11,0.282,0.5,cs,35.66344422879339,0.9750071287523576
A00039943.npy,40,11,0.282,0.5,ddnm,35.86152214265991,0.9744676991284006
A00039943.npy,46,17,0.436,0.2,zerofill,18.713169647409675,0.5441117166250209
A00039943.npy,46,17,0.436,0.2,cs,27.129594719273882,0.8199849703504477
A00039943.npy,46,17,0.436,0.2,ddnm,30.439421333187195,0.8736413471036318
A00039943.npy,46,17,0.436,0.3,zerofill,19.057500621316347,0.5916776817777126
A00039943.npy,46,17,0.436,0.3,cs,28.942856529324068,0.8962917274579474
A00039943.npy,46,17,0.436,0.3,ddnm,33.8698816016143,0.9368351866435826
A00039943.npy,46,17,0.436,0.5,zerofill,14.444458801809247,0.6489805775074845
A00039943.npy,46,17,0.436,0.5,cs,13.879336741910125,0.7599469468571838
A00039943.npy,46,17,0.436,0.5,ddnm,35.391953646625524,0.9611083350092517
A00039943.npy,51,22,0.564,0.2,zerofill,19.326056923006693,0.5511747400483279
A00039943.npy,51,22,0.564,0.2,cs,25.138065946857463,0.8242962280643685
A00039943.npy,51,22,0.564,0.2,ddnm,30.500745937104657,0.8978961892656279
A00039943.npy,51,22,0.564,0.3,zerofill,21.262461246920587,0.6169732762294625
A00039943.npy,51,22,0.564,0.3,cs,30.703520463332254,0.9143430175456436
A00039943.npy,51,22,0.564,0.3,ddnm,33.373811406087604,0.9564757799588042
A00039943.npy,51,22,0.564,0.5,zerofill,25.221258015554483,0.7752185118454991
A00039943.npy,51,22,0.564,0.5,cs,35.392260058144075,0.9772087879212624
A00039943.npy,51,22,0.564,0.5,ddnm,35.8455992085766,0.9759143292543485
A00039943.npy,57,28,0.718,0.2,zerofill,14.028854652205043,0.500584325492617
A00039943.npy,57,28,0.718,0.2,cs,14.046024422528571,0.6790357820642757
A00039943.npy,57,28,0.718,0.2,ddnm,29.512705905120594,0.8915035582471161
A00039943.npy,57,28,0.718,0.3,zerofill,20.7363841423461,0.645322771287208
A00039943.npy,57,28,0.718,0.3,cs,31.40011379717864,0.9286267812218887
A00039943.npy,57,28,0.718,0.3,ddnm,32.475427206948495,0.9508390605922221
A00039943.npy,57,28,0.718,0.5,zerofill,27.06287396892723,0.8111945751427512
A00039943.npy,57,28,0.718,0.5,cs,34.50081973221637,0.9761185199302616
A00039943.npy,57,28,0.718,0.5,ddnm,34.62433417016029,0.9696654525856535
A00039943.npy,62,33,0.846,0.2,zerofill,20.948321770767482,0.6018217851448158
A00039943.npy,62,33,0.846,0.2,cs,28.281938020690703,0.8857121194455772
A00039943.npy,62,33,0.846,0.2,ddnm,30.79227557319961,0.9242154429718007
A00039943.npy,62,33,0.846,0.3,zerofill,22.693715685210055,0.6639944355598549
A00039943.npy,62,33,0.846,0.3,cs,31.797206145029314,0.9417613531810498
A00039943.npy,62,33,0.846,0.3,ddnm,34.24416126834227,0.9489545335102645
A00039943.npy,62,33,0.846,0.5,zerofill,26.835314173658528,0.7928147860989175
A00039943.npy,62,33,0.846,0.5,cs,34.675328124570825,0.9756050062008168
A00039943.npy,62,33,0.846,0.5,ddnm,35.43019406770044,0.9721261458679157
A00039943.npy,68,39,1.0,0.2,zerofill,18.360938597790682,0.528342443054361
A00039943.npy,68,39,1.0,0.2,cs,26.008874366447408,0.8374613085508875
A00039943.npy,68,39,1.0,0.2,ddnm,29.144967677944255,0.9283485518116367
A00039943.npy,68,39,1.0,0.3,zerofill,21.790287138873733,0.6083890563866089
A00039943.npy,68,39,1.0,0.3,cs,30.44042589199995,0.9027389816787655
A00039943.npy,68,39,1.0,0.3,ddnm,33.653317709363264,0.9609396998675175
A00039943.npy,68,39,1.0,0.5,zerofill,24.31639404566858,0.7363643874685124
A00039943.npy,68,39,1.0,0.5,cs,35.78258004325198,0.9742287159931176
A00039943.npy,68,39,1.0,0.5,ddnm,37.665010564803694,0.9826678110687556
A00039952.npy,29,0,0.0,0.2,zerofill,17.847246534446782,0.4273918573180078
A00039952.npy,29,0,0.0,0.2,cs,27.805693856936905,0.8191548409949096
A00039952.npy,29,0,0.0,0.2,ddnm,29.852331214628496,0.9253874950589464
A00039952.npy,29,0,0.0,0.3,zerofill,18.5186193474205,0.48597692445086255
A00039952.npy,29,0,0.0,0.3,cs,30.43265240692792,0.9119500172006862
A00039952.npy,29,0,0.0,0.3,ddnm,30.513449561649686,0.9452204057419694
A00039952.npy,29,0,0.0,0.5,zerofill,23.51599461352687,0.6800646913823841
A00039952.npy,29,0,0.0,0.5,cs,35.364517440530506,0.9783667137956978
A00039952.npy,29,0,0.0,0.5,ddnm,33.37259513391004,0.97410822736219
A00039952.npy,35,6,0.154,0.2,zerofill,18.594508709577493,0.45578958249077295
A00039952.npy,35,6,0.154,0.2,cs,26.57342552723759,0.7738482150862718
A00039952.npy,35,6,0.154,0.2,ddnm,28.608439334685578,0.8630941633597613
A00039952.npy,35,6,0.154,0.3,zerofill,13.043509352198637,0.4691336392126141
A00039952.npy,35,6,0.154,0.3,cs,13.001848629560948,0.6506897234073503
A00039952.npy,35,6,0.154,0.3,ddnm,31.256198873534284,0.8945600441292837
A00039952.npy,35,6,0.154,0.5,zerofill,13.510648221765267,0.5720654968922654
A00039952.npy,35,6,0.154,0.5,cs,13.012490066218048,0.7000909515060407
A00039952.npy,35,6,0.154,0.5,ddnm,36.055384325228125,0.953708226775745
A00039952.npy,40,11,0.282,0.2,zerofill,12.53619467377564,0.3566143178280355
A00039952.npy,40,11,0.282,0.2,cs,13.542108424170875,0.5717860030898467
A00039952.npy,40,11,0.282,0.2,ddnm,29.621171221259907,0.8387003054442392
A00039952.npy,40,11,0.282,0.3,zerofill,20.074041097507997,0.577565865264638
A00039952.npy,40,11,0.282,0.3,cs,30.460090136685622,0.9059403977464224
A00039952.npy,40,11,0.282,0.3,ddnm,33.44676732930838,0.9545706036397764
A00039952.npy,40,11,0.282,0.5,zerofill,19.765513995605048,0.648854818230603
A00039952.npy,40,11,0.282,0.5,cs,36.52112706039968,0.9534262335951595
A00039952.npy,40,11,0.282,0.5,ddnm,38.855038668290426,0.9869949427568218
A00039952.npy,46,17,0.436,0.2,zerofill,19.156145194459548,0.4784937077169678
A00039952.npy,46,17,0.436,0.2,cs,26.363479898380806,0.8074230253151439
A00039952.npy,46,17,0.436,0.2,ddnm,30.668604855457104,0.8948462154196655
A00039952.npy,46,17,0.436,0.3,zerofill,21.48685200952712,0.6098010364206704
A00039952.npy,46,17,0.436,0.3,cs,31.317370771791374,0.9425336663095389
A00039952.npy,46,17,0.436,0.3,ddnm,32.40358834869718,0.9458129934043501
A00039952.npy,46,17,0.436,0.5,zerofill,26.056975671013454,0.7463732080256781
A00039952.npy,46,17,0.436,0.5,cs,36.405260996220086,0.9811682785568107
A00039952.npy,46,17,0.436,0.5,ddnm,36.60666684088553,0.9767032734843487
A00039952.npy,51,22,0.564,0.2,zerofill,12.784638184670412,0.3744265765671855
A00039952.npy,51,22,0.564,0.2,cs,14.258120499481791,0.652965927011401
A00039952.npy,51,22,0.564,0.2,ddnm,24.28408369305235,0.8307980274547816
A00039952.npy,51,22,0.564,0.3,zerofill,20.918056534123096,0.5726928511428356
A00039952.npy,51,22,0.564,0.3,cs,30.88909944590382,0.9271348226315886
A00039952.npy,51,22,0.564,0.3,ddnm,34.82275846324575,0.9591921246226389
A00039952.npy,51,22,0.564,0.5,zerofill,24.041490172245595,0.7037501974106635
A00039952.npy,51,22,0.564,0.5,cs,35.78625534368072,0.9812519420333782
A00039952.npy,51,22,0.564,0.5,ddnm,37.40347086978374,0.9846415079086899
A00039952.npy,57,28,0.718,0.2,zerofill,17.02842445188272,0.48159515305002687
A00039952.npy,57,28,0.718,0.2,cs,27.61592431648097,0.8456657146858549
A00039952.npy,57,28,0.718,0.2,ddnm,32.20291468091687,0.9272291664773981
A00039952.npy,57,28,0.718,0.3,zerofill,20.826880653593026,0.5825250686760042
A00039952.npy,57,28,0.718,0.3,cs,32.06917484109805,0.9317156027559991
A00039952.npy,57,28,0.718,0.3,ddnm,33.714906217498964,0.9597758073635045
A00039952.npy,57,28,0.718,0.5,zerofill,24.709568781490397,0.7606649226327262
A00039952.npy,57,28,0.718,0.5,cs,36.298802491810925,0.981425119984922
A00039952.npy,57,28,0.718,0.5,ddnm,37.72157612948125,0.9857805822283886
A00039952.npy,62,33,0.846,0.2,zerofill,12.749032379837086,0.3918609460483178
A00039952.npy,62,33,0.846,0.2,cs,13.433679729939051,0.6083984075577861
A00039952.npy,62,33,0.846,0.2,ddnm,30.02801507370529,0.8553081893283765
A00039952.npy,62,33,0.846,0.3,zerofill,19.013559395648954,0.5695593477114688
A00039952.npy,62,33,0.846,0.3,cs,31.7706104729089,0.9472539677166772
A00039952.npy,62,33,0.846,0.3,ddnm,35.466714088632514,0.971025796442447
A00039952.npy,62,33,0.846,0.5,zerofill,25.500210470706534,0.7018355088603419
A00039952.npy,62,33,0.846,0.5,cs,36.24308165278618,0.980891762017499
A00039952.npy,62,33,0.846,0.5,ddnm,37.939879613222956,0.9830938758059747
A00039952.npy,68,39,1.0,0.2,zerofill,11.658263337147744,0.3659242696143217
A00039952.npy,68,39,1.0,0.2,cs,13.018405662133393,0.5794957927735805
A00039952.npy,68,39,1.0,0.2,ddnm,19.37151771568874,0.7410528905500999
A00039952.npy,68,39,1.0,0.3,zerofill,19.836781556497193,0.5522466034400094
A00039952.npy,68,39,1.0,0.3,cs,30.283310274097413,0.9208012543392419
A00039952.npy,68,39,1.0,0.3,ddnm,32.83971830144707,0.9711095395747515
A00039952.npy,68,39,1.0,0.5,zerofill,26.72510822404449,0.7915516096564974
A00039952.npy,68,39,1.0,0.5,cs,35.330475850916244,0.98323165816554
A00039952.npy,68,39,1.0,0.5,ddnm,35.73025149596208,0.9826304600487726
A00040152.npy,29,0,0.0,0.2,zerofill,22.05362479155141,0.5330817557367863
A00040152.npy,29,0,0.0,0.2,cs,28.484544953304223,0.8322055224745712
A00040152.npy,29,0,0.0,0.2,ddnm,29.915592126107523,0.8725721629241867
A00040152.npy,29,0,0.0,0.3,zerofill,11.293306194612216,0.4229114085559817
A00040152.npy,29,0,0.0,0.3,cs,11.431846397439633,0.546737527952702
A00040152.npy,29,0,0.0,0.3,ddnm,28.374754007409038,0.7938390519531047
A00040152.npy,29,0,0.0,0.5,zerofill,11.797633346733697,0.5247347742105799
A00040152.npy,29,0,0.0,0.5,cs,11.427378992037749,0.5645860342810363
A00040152.npy,29,0,0.0,0.5,ddnm,30.901382590601337,0.8382435254081864
A00040152.npy,35,6,0.154,0.2,zerofill,20.44435676966739,0.5483762080399488
A00040152.npy,35,6,0.154,0.2,cs,29.065548065598268,0.8482635117139571
A00040152.npy,35,6,0.154,0.2,ddnm,29.72197596323455,0.8914331749058585
A00040152.npy,35,6,0.154,0.3,zerofill,11.98745027690051,0.4415458995127882
A00040152.npy,35,6,0.154,0.3,cs,12.153040718033042,0.6101588687012336
A00040152.npy,35,6,0.154,0.3,ddnm,32.39418971555744,0.9117973928841107
A00040152.npy,35,6,0.154,0.5,zerofill,29.034979819289003,0.8075464772782845
A00040152.npy,35,6,0.154,0.5,cs,36.429422308809556,0.9718129806414755
A00040152.npy,35,6,0.154,0.5,ddnm,36.179744169854516,0.9689554479038225
A00040152.npy,40,11,0.282,0.2,zerofill,12.728829822690908,0.43212450973957023
A00040152.npy,40,11,0.282,0.2,cs,12.773922853919082,0.5944153046658249
A00040152.npy,40,11,0.282,0.2,ddnm,30.646022672764722,0.867857213373111
A00040152.npy,40,11,0.282,0.3,zerofill,20.897107598165633,0.6003703123412392
A00040152.npy,40,11,0.282,0.3,cs,31.66310072774333,0.9106682999496561
A00040152.npy,40,11,0.282,0.3,ddnm,32.90509322157753,0.948510267403106
A00040152.npy,40,11,0.282,0.5,zerofill,24.287677067973142,0.7136830751856119
A00040152.npy,40,11,0.282,0.5,cs,37.22650647013826,0.9733563068532328
A00040152.npy,40,11,0.282,0.5,ddnm,40.491317064222656,0.987967261733691
A00040152.npy,46,17,0.436,0.2,zerofill,11.78665674986949,0.442799303285188
A00040152.npy,46,17,0.436,0.2,cs,12.76663770974649,0.6519237027838719
A00040152.npy,46,17,0.436,0.2,ddnm,8.495736839885893,0.44998217605467256
A00040152.npy,46,17,0.436,0.3,zerofill,24.42653979615841,0.6829391871650891
A00040152.npy,46,17,0.436,0.3,cs,33.84406798362444,0.9457073354274155
A00040152.npy,46,17,0.436,0.3,ddnm,36.72579500063446,0.9669620250380511
A00040152.npy,46,17,0.436,0.5,zerofill,28.37599096220751,0.7989395914640722
A00040152.npy,46,17,0.436,0.5,cs,37.03637475984483,0.9784732896597339
A00040152.npy,46,17,0.436,0.5,ddnm,38.09913579443972,0.9801091320234036
A00040152.npy,51,22,0.564,0.2,zerofill,16.590204271037155,0.5362121753464086
A00040152.npy,51,22,0.564,0.2,cs,24.28735053898606,0.8316774058682541
A00040152.npy,51,22,0.564,0.2,ddnm,29.889837609192575,0.8744734419868682
A00040152.npy,51,22,0.564,0.3,zerofill,13.096552399933918,0.5363028081490954
A00040152.npy,51,22,0.564,0.3,cs,12.832634834867084,0.6848454913382002
A00040152.npy,51,22,0.564,0.3,ddnm,29.042742092621857,0.8965293755396916
A00040152.npy,51,22,0.564,0.5,zerofill,13.425154475630094,0.6540414249495685
A00040152.npy,51,22,0.564,0.5,cs,12.799910667124994,0.7167693830592374
A00040152.npy,51,22,0.564,0.5,ddnm,37.138187205773306,0.9739009072201702
A00040152.npy,57,28,0.718,0.2,zerofill,12.825381899698733,0.466624014465723
A00040152.npy,57,28,0.718,0.2,cs,13.010580329771418,0.6389286257226058
A00040152.npy,57,28,0.718,0.2,ddnm,30.775138260944047,0.8819697013766062
A00040152.npy,57,28,0.718,0.3,zerofill,19.470225533348973,0.5736640889383415
A00040152.npy,57,28,0.718,0.3,cs,30.384082020775956,0.8996148102405438
A00040152.npy,57,28,0.718,0.3,ddnm,32.62484188998273,0.9487959468630622
A00040152.npy,57,28,0.718,0.5,zerofill,29.794176977464524,0.8675026212391178
A00040152.npy,57,28,0.718,0.5,cs,35.761492743765075,0.9800990572686287
A00040152.npy,57,28,0.718,0.5,ddnm,37.53145293088644,0.9797111366768096
A00040152.npy,62,33,0.846,0.2,zerofill,12.295087201351178,0.4021597142226537
A00040152.npy,62,33,0.846,0.2,cs,12.636732951427694,0.6135593452685465
A00040152.npy,62,33,0.846,0.2,ddnm,29.65501645384989,0.8697003956510716
A00040152.npy,62,33,0.846,0.3,zerofill,17.005698702943835,0.5710974040781863
A00040152.npy,62,33,0.846,0.3,cs,28.27322523348101,0.9177431956492215
A00040152.npy,62,33,0.846,0.3,ddnm,34.086907355787474,0.9476749482686018
A00040152.npy,62,33,0.846,0.5,zerofill,28.53321813426154,0.7971535941453997
A00040152.npy,62,33,0.846,0.5,cs,36.54875320198371,0.9822803521246014
A00040152.npy,62,33,0.846,0.5,ddnm,37.9679720469431,0.980492867867782
A00040152.npy,68,39,1.0,0.2,zerofill,17.18958471429542,0.4655361868968447
A00040152.npy,68,39,1.0,0.2,cs,26.828103963139085,0.795653943076041
A00040152.npy,68,39,1.0,0.2,ddnm,30.081841914396897,0.911294155821977
A00040152.npy,68,39,1.0,0.3,zerofill,19.63084936807838,0.551078091705132
A00040152.npy,68,39,1.0,0.3,cs,31.37144254075059,0.9075439651998536
A00040152.npy,68,39,1.0,0.3,ddnm,35.95813343429598,0.9710274652884039
A00040152.npy,68,39,1.0,0.5,zerofill,24.063889377891435,0.6961099505267835
A00040152.npy,68,39,1.0,0.5,cs,36.39529144553376,0.9769311537628244
A00040152.npy,68,39,1.0,0.5,ddnm,39.89794045719669,0.9870747856413348
A00040285.npy,29,0,0.0,0.2,zerofill,11.085058131289468,0.3219706915911351
A00040285.npy,29,0,0.0,0.2,cs,11.416598839697018,0.4762674877130731
A00040285.npy,29,0,0.0,0.2,ddnm,27.266382953337704,0.7204298863828296
A00040285.npy,29,0,0.0,0.3,zerofill,17.457627718491263,0.5066997098507958
A00040285.npy,29,0,0.0,0.3,cs,32.77293443085098,0.9262163858421225
A00040285.npy,29,0,0.0,0.3,ddnm,33.78635283498572,0.9645990889836819
A00040285.npy,29,0,0.0,0.5,zerofill,27.428235159512766,0.7671533274557292
A00040285.npy,29,0,0.0,0.5,cs,37.38499862553886,0.9848691513584173
A00040285.npy,29,0,0.0,0.5,ddnm,37.82852727861148,0.9829600840903072
A00040285.npy,35,6,0.154,0.2,zerofill,17.428226271549576,0.4337706064619225
A00040285.npy,35,6,0.154,0.2,cs,27.00965949014217,0.818531847919581
A00040285.npy,35,6,0.154,0.2,ddnm,28.808224093883194,0.8894563532837118
A00040285.npy,35,6,0.154,0.3,zerofill,22.972793994140005,0.6308499434612035
A00040285.npy,35,6,0.154,0.3,cs,31.722207129715784,0.9296729227178073
A00040285.npy,35,6,0.154,0.3,ddnm,33.60329908576218,0.9531990216523849
A00040285.npy,35,6,0.154,0.5,zerofill,21.53754066165758,0.6190095731058619
A00040285.npy,35,6,0.154,0.5,cs,35.34330894054182,0.971339919193638
A00040285.npy,35,6,0.154,0.5,ddnm,38.747671805929194,0.9863509924717405
A00040285.npy,40,11,0.282,0.2,zerofill,11.431202692939749,0.34300586666506305
A00040285.npy,40,11,0.282,0.2,cs,12.592811807410975,0.5404307103895944
A00040285.npy,40,11,0.282,0.2,ddnm,15.57518608530296,0.5621208285970791
A00040285.npy,40,11,0.282,0.3,zerofill,21.646740464948913,0.6222027779727953
A00040285.npy,40,11,0.282,0.3,cs,31.388407815556313,0.9301633199156772
A00040285.npy,40,11,0.282,0.3,ddnm,31.35910402370086,0.9547325465660487
A00040285.npy,40,11,0.282,0.5,zerofill,24.843079133333976,0.7236261453794156
A00040285.npy,40,11,0.282,0.5,cs,35.84262204735734,0.9792724420101019
A00040285.npy,40,11,0.282,0.5,ddnm,35.517868509519246,0.9735562082613325
A00040285.npy,46,17,0.436,0.2,zerofill,11.514349486108832,0.37449386684895714
A00040285.npy,46,17,0.436,0.2,cs,12.249817308122388,0.537902965358367
A00040285.npy,46,17,0.436,0.2,ddnm,29.13328248520914,0.790975576043139
A00040285.npy,46,17,0.436,0.3,zerofill,22.758449932082605,0.6582193727349219
A00040285.npy,46,17,0.436,0.3,cs,32.707894403122786,0.9386402028774229
A00040285.npy,46,17,0.436,0.3,ddnm,33.85227238536648,0.9589310971576018
A00040285.npy,46,17,0.436,0.5,zerofill,12.731812738882391,0.5861808870871578
A00040285.npy,46,17,0.436,0.5,cs,12.38612405226881,0.654338456518645
A00040285.npy,46,17,0.436,0.5,ddnm,37.86883625128789,0.9602549561199019
A00040285.npy,51,22,0.564,0.2,zerofill,17.798240201640436,0.499391525487612
A00040285.npy,51,22,0.564,0.2,cs,24.5170971121322,0.7744388855542979
A00040285.npy,51,22,0.564,0.2,ddnm,31.828965681916216,0.9040968092216003
A00040285.npy,51,22,0.564,0.3,zerofill,19.587624449845926,0.5467604168497757
A00040285.npy,51,22,0.564,0.3,cs,30.282520882883368,0.8821125320967079
A00040285.npy,51,22,0.564,0.3,ddnm,33.708274551486625,0.952514997980057
A00040285.npy,51,22,0.564,0.5,zerofill,27.66001796164568,0.7908503305607717
A00040285.npy,51,22,0.564,0.5,cs,36.38132295259719,0.9794850950318298
A00040285.npy,51,22,0.564,0.5,ddnm,38.05192453179947,0.9828071934430069
A00040285.npy,57,28,0.718,0.2,zerofill,12.371355294005857,0.3839152652062232
A00040285.npy,57,28,0.718,0.2,cs,12.83643205934264,0.5791855283606379
A00040285.npy,57,28,0.718,0.2,ddnm,31.039814806517192,0.8907225918534365
A00040285.npy,57,28,0.718,0.3,zerofill,18.04888193005344,0.5284508212085128
A00040285.npy,57,28,0.718,0.3,cs,30.790213621097777,0.8881481619786048
A00040285.npy,57,28,0.718,0.3,ddnm,36.10950631069428,0.9627311751266475
A00040285.npy,57,28,0.718,0.5,zerofill,26.966409734009694,0.7653303803786314
A00040285.npy,57,28,0.718,0.5,cs,37.0835847044095,0.98389962510584
A00040285.npy,57,28,0.718,0.5,ddnm,39.58339164911058,0.9876200338183344
A00040285.npy,62,33,0.846,0.2,zerofill,12.336495976486859,0.366515634742646
A00040285.npy,62,33,0.846,0.2,cs,12.792522233168198,0.5523387973277022
A00040285.npy,62,33,0.846,0.2,ddnm,31.070439184585865,0.8557802086665494
A00040285.npy,62,33,0.846,0.3,zerofill,13.045448325936915,0.4777604986367575
A00040285.npy,62,33,0.846,0.3,cs,13.057868308561229,0.6602319270581327
A00040285.npy,62,33,0.846,0.3,ddnm,33.74903666451143,0.9415310004751581
A00040285.npy,62,33,0.846,0.5,zerofill,22.467734265921074,0.6810267194512682
A00040285.npy,62,33,0.846,0.5,cs,36.72392958252871,0.978369800698786
A00040285.npy,62,33,0.846,0.5,ddnm,41.0103313575177,0.9880650668407249
A00040285.npy,68,39,1.0,0.2,zerofill,17.636772012934372,0.4805351543096435
A00040285.npy,68,39,1.0,0.2,cs,26.12297786183965,0.8133384271168687
A00040285.npy,68,39,1.0,0.2,ddnm,30.84119166204391,0.9408594270734113
A00040285.npy,68,39,1.0,0.3,zerofill,22.690064827828742,0.5911440051841431
A00040285.npy,68,39,1.0,0.3,cs,30.73786520022598,0.9314016273900471
A00040285.npy,68,39,1.0,0.3,ddnm,34.8530567421724,0.9730648341013264
A00040285.npy,68,39,1.0,0.5,zerofill,25.29195456312158,0.7095909060195646
A00040285.npy,68,39,1.0,0.5,cs,37.58592769548961,0.9829890940761861
A00040285.npy,68,39,1.0,0.5,ddnm,41.28400555531137,0.992953756252978
A00040312.npy,29,0,0.0,0.2,zerofill,14.822969495456146,0.361322547658372
A00040312.npy,29,0,0.0,0.2,cs,19.0398667181898,0.6151629049551579
A00040312.npy,29,0,0.0,0.2,ddnm,29.174770045300598,0.8635877340794755
A00040312.npy,29,0,0.0,0.3,zerofill,19.192268582309968,0.5413526705043269
A00040312.npy,29,0,0.0,0.3,cs,31.228180122913983,0.8717837567903949
A00040312.npy,29,0,0.0,0.3,ddnm,33.95077633526968,0.9458029476229429
A00040312.npy,29,0,0.0,0.5,zerofill,26.472039051181497,0.6905988188502487
A00040312.npy,29,0,0.0,0.5,cs,37.59213246730495,0.9784323817433865
A00040312.npy,29,0,0.0,0.5,ddnm,38.66058074451044,0.9793730747456257
A00040312.npy,35,6,0.154,0.2,zerofill,19.014619527008705,0.4934543794768233
A00040312.npy,35,6,0.154,0.2,cs,28.09925609591358,0.8224999492595382
A00040312.npy,35,6,0.154,0.2,ddnm,30.040640108096003,0.8872553439341831
A00040312.npy,35,6,0.154,0.3,zerofill,22.43711299650488,0.5962224080291663
A00040312.npy,35,6,0.154,0.3,cs,32.1722418550607,0.9113021644662782
A00040312.npy,35,6,0.154,0.3,ddnm,33.020634877492725,0.9447118528397517
A00040312.npy,35,6,0.154,0.5,zerofill,22.027188366816382,0.6610896434309769
A00040312.npy,35,6,0.154,0.5,cs,36.313444667861674,0.965857891364384
A00040312.npy,35,6,0.154,0.5,ddnm,38.27839808381852,0.980305455518935
A00040312.npy,40,11,0.282,0.2,zerofill,17.321228074307264,0.5209937380134301
A00040312.npy,40,11,0.282,0.2,cs,23.865690425237585,0.8164906191126636
A00040312.npy,40,11,0.282,0.2,ddnm,31.91990832627258,0.9315529197346328
A00040312.npy,40,11,0.282,0.3,zerofill,22.184397275396694,0.637762582644767
A00040312.npy,40,11,0.282,0.3,cs,32.14448128944183,0.9220980261241003
A00040312.npy,40,11,0.282,0.3,ddnm,32.89656110304308,0.9494201747504847
A00040312.npy,40,11,0.282,0.5,zerofill,24.120066871893613,0.7053555280432624
A00040312.npy,40,11,0.282,0.5,cs,36.7812058425016,0.9739110784100063
A00040312.npy,40,11,0.282,0.5,ddnm,37.83687586984078,0.9792456003894603
A00040312.npy,46,17,0.436,0.2,zerofill,12.312029780594486,0.46867262176291186
A00040312.npy,46,17,0.436,0.2,cs,12.500757399388265,0.6158397461042426
A00040312.npy,46,17,0.436,0.2,ddnm,32.062547554412966,0.9070240066628789
A00040312.npy,46,17,0.436,0.3,zerofill,23.378090144090944,0.6216564331800222
A00040312.npy,46,17,0.436,0.3,cs,31.723979788111922,0.9067877601192414
A00040312.npy,46,17,0.436,0.3,ddnm,34.324928628267564,0.9545947265203314
A00040312.npy,46,17,0.436,0.5,zerofill,27.14049572764538,0.7695075813222547
A00040312.npy,46,17,0.436,0.5,cs,37.556814248536384,0.9768855400109157
A00040312.npy,46,17,0.436,0.5,ddnm,39.572477409174304,0.9867914097222933
A00040312.npy,51,22,0.564,0.2,zerofill,12.613688031407587,0.42980590134193963
A00040312.npy,51,22,0.564,0.2,cs,12.716306033755817,0.6196435533519613
A00040312.npy,51,22,0.564,0.2,ddnm,31.580468842927857,0.891121034769482
A00040312.npy,51,22,0.564,0.3,zerofill,12.538635500642933,0.4359274820255506
A00040312.npy,51,22,0.564,0.3,cs,12.7889828412816,0.6520936186238923
A00040312.npy,51,22,0.564,0.3,ddnm,28.92756886714848,0.8889037029518856
A00040312.npy,51,22,0.564,0.5,zerofill,28.18766279236689,0.8142869484999928
A00040312.npy,51,22,0.564,0.5,cs,36.857798571321815,0.9806123526746373
A00040312.npy,51,22,0.564,0.5,ddnm,39.297837148954635,0.9844533310393689
A00040312.npy,57,28,0.718,0.2,zerofill,11.920336310493491,0.4294688872593622
A00040312.npy,57,28,0.718,0.2,cs,13.037446676985267,0.6477361808757001
A00040312.npy,57,28,0.718,0.2,ddnm,12.01042534641832,0.5907364987081942
A00040312.npy,57,28,0.718,0.3,zerofill,12.930877347620864,0.49508868332078954
A00040312.npy,57,28,0.718,0.3,cs,12.658539422143576,0.670604082638414
A00040312.npy,57,28,0.718,0.3,ddnm,34.02963983034229,0.94269808966269
A00040312.npy,57,28,0.718,0.5,zerofill,28.5011323896778,0.8024269862411966
A00040312.npy,57,28,0.718,0.5,cs,36.74858687652231,0.9811295155787205
A00040312.npy,57,28,0.718,0.5,ddnm,39.09710326555779,0.9858455438946755
A00040312.npy,62,33,0.846,0.2,zerofill,19.382614038276817,0.5160288243491808
A00040312.npy,62,33,0.846,0.2,cs,27.851420203238504,0.8363830337692097
A00040312.npy,62,33,0.846,0.2,ddnm,32.69501286671034,0.9314700886066547
A00040312.npy,62,33,0.846,0.3,zerofill,12.359667373044925,0.45543395838993156
A00040312.npy,62,33,0.846,0.3,cs,12.467776764601485,0.6498655804337162
A00040312.npy,62,33,0.846,0.3,ddnm,29.489556322125715,0.878870757866838
A00040312.npy,62,33,0.846,0.5,zerofill,23.723813895973215,0.736689764187736
A00040312.npy,62,33,0.846,0.5,cs,35.897061691108185,0.9780252202964861
A00040312.npy,62,33,0.846,0.5,ddnm,40.07245301536848,0.9862527944081511
A00040312.npy,68,39,1.0,0.2,zerofill,11.598916125133451,0.3845453549257077
A00040312.npy,68,39,1.0,0.2,cs,11.977875041814192,0.5266053781247085
A00040312.npy,68,39,1.0,0.2,ddnm,23.894723433173453,0.7043356373631444
A00040312.npy,68,39,1.0,0.3,zerofill,20.37122605643061,0.5349272075429318
A00040312.npy,68,39,1.0,0.3,cs,30.36726807303415,0.9033946082257766
A00040312.npy,68,39,1.0,0.3,ddnm,31.260582162186047,0.9425179271652666
A00040312.npy,68,39,1.0,0.5,zerofill,26.222182419208472,0.7329777856076134
A00040312.npy,68,39,1.0,0.5,cs,35.19634315139851,0.980508000191198
A00040312.npy,68,39,1.0,0.5,ddnm,35.34221178958906,0.9800877191628925
A00040440.npy,29,0,0.0,0.2,zerofill,18.91100893914722,0.4838087683232478
A00040440.npy,29,0,0.0,0.2,cs,29.54082890850714,0.8871623869102826
A00040440.npy,29,0,0.0,0.2,ddnm,29.587424908215635,0.9135550097596161
A00040440.npy,29,0,0.0,0.3,zerofill,19.194247614904782,0.48778764404052943
A00040440.npy,29,0,0.0,0.3,cs,32.836480948447985,0.9165543923202029
A00040440.npy,29,0,0.0,0.3,ddnm,34.21646291436579,0.951234440650872
A00040440.npy,29,0,0.0,0.5,zerofill,12.134592166600422,0.47746942310342805
A00040440.npy,29,0,0.0,0.5,cs,11.861045912003053,0.5905691718595703
A00040440.npy,29,0,0.0,0.5,ddnm,34.417404222439785,0.9327724901931769
A00040440.npy,35,6,0.154,0.2,zerofill,17.433041347338122,0.44546841805848875
A00040440.npy,35,6,0.154,0.2,cs,27.9452272968725,0.8187651965485946
A00040440.npy,35,6,0.154,0.2,ddnm,29.092966507118273,0.8452538308779864
A00040440.npy,35,6,0.154,0.3,zerofill,19.537534647042616,0.5523537808964154
A00040440.npy,35,6,0.154,0.3,cs,31.27038253289511,0.8989812396266501
A00040440.npy,35,6,0.154,0.3,ddnm,31.14444057426715,0.922047954434126
A00040440.npy,35,6,0.154,0.5,zerofill,27.210925513904748,0.7529186675307766
A00040440.npy,35,6,0.154,0.5,cs,35.2763145802377,0.9698226436295838
A00040440.npy,35,6,0.154,0.5,ddnm,34.799587750634146,0.960077673873572
A00040440.npy,40,11,0.282,0.2,zerofill,12.559338503759287,0.39790012987168166
A00040440.npy,40,11,0.282,0.2,cs,13.563183662963084,0.6044081152546411
A00040440.npy,40,11,0.282,0.2,ddnm,25.73458253640911,0.7461333472527415
A00040440.npy,40,11,0.282,0.3,zerofill,22.495815867154768,0.6034547264749163
A00040440.npy,40,11,0.282,0.3,cs,31.272525408627196,0.9232508538371451
A00040440.npy,40,11,0.282,0.3,ddnm,31.949634634030577,0.9327788452120501
A00040440.npy,40,11,0.282,0.5,zerofill,26.495942627571914,0.7439328653586978
A00040440.npy,40,11,0.282,0.5,cs,36.17311771985493,0.9759124914978627
A00040440.npy,40,11,0.282,0.5,ddnm,37.53852067841344,0.9776496486305325
A00040440.npy,46,17,0.436,0.2,zerofill,13.177592251136884,0.4268034945713532
A00040440.npy,46,17,0.436,0.2,cs,13.688746683782014,0.6406630325110728
A00040440.npy,46,17,0.436,0.2,ddnm,31.914843277334107,0.876884604404007
A00040440.npy,46,17,0.436,0.3,zerofill,20.94068764422726,0.5965410152207788
A00040440.npy,46,17,0.436,0.3,cs,32.104110386248536,0.9190812767617198
A00040440.npy,46,17,0.436,0.3,ddnm,34.05075551622279,0.9484886543320187
A00040440.npy,46,17,0.436,0.5,zerofill,24.485215588146907,0.7192745427385165
A00040440.npy,46,17,0.436,0.5,cs,37.34879734222266,0.9774715053726031
A00040440.npy,46,17,0.436,0.5,ddnm,38.864186702124435,0.9812907807707177
A00040440.npy,51,22,0.564,0.2,zerofill,12.23535706263592,0.37508582106065536
A00040440.npy,51,22,0.564,0.2,cs,13.621531305500039,0.599111353680055
A00040440.npy,51,22,0.564,0.2,ddnm,13.4960185245431,0.6361507825976467
A00040440.npy,51,22,0.564,0.3,zerofill,13.541790204095479,0.48685298999553256
A00040440.npy,51,22,0.564,0.3,cs,13.551135150528443,0.6924736108418229
A00040440.npy,51,22,0.564,0.3,ddnm,34.46130524194252,0.931477512019964
A00040440.npy,51,22,0.564,0.5,zerofill,14.037855584760448,0.6194094366200833
A00040440.npy,51,22,0.564,0.5,cs,13.526650039012079,0.7275074205434876
A00040440.npy,51,22,0.564,0.5,ddnm,35.8374573273202,0.9416437995162295
A00040440.npy,57,28,0.718,0.2,zerofill,12.730347640952115,0.40444555086710177
A00040440.npy,57,28,0.718,0.2,cs,14.147176710838416,0.665533321746088
A00040440.npy,57,28,0.718,0.2,ddnm,29.653989989070798,0.8746870853146
A00040440.npy,57,28,0.718,0.3,zerofill,13.27055155773339,0.44765236450126594
A00040440.npy,57,28,0.718,0.3,cs,13.727174121232846,0.6814524463357761
A00040440.npy,57,28,0.718,0.3,ddnm,36.25561842030807,0.9469255167801705
A00040440.npy,57,28,0.718,0.5,zerofill,24.24313365697659,0.717590770152899
A00040440.npy,57,28,0.718,0.5,cs,35.065301433159036,0.9744635532697469
A00040440.npy,57,28,0.718,0.5,ddnm,37.561483277177985,0.9811778273658707
A00040440.npy,62,33,0.846,0.2,zerofill,17.39837424557488,0.4734094135642808
A00040440.npy,62,33,0.846,0.2,cs,29.183885659632335,0.8309636792744686
A00040440.npy,62,33,0.846,0.2,ddnm,33.803780346839275,0.9395040710409365
A00040440.npy,62,33,0.846,0.3,zerofill,13.039733586530275,0.42721558282057387
A00040440.npy,62,33,0.846,0.3,cs,13.288770929600053,0.6408993783190492
A00040440.npy,62,33,0.846,0.3,ddnm,33.781561934353775,0.9239266839872539
A00040440.npy,62,33,0.846,0.5,zerofill,27.64673259501815,0.7651608890688132
A00040440.npy,62,33,0.846,0.5,cs,36.34254133297204,0.9821572389510715
A00040440.npy,62,33,0.846,0.5,ddnm,38.4195625184073,0.9866870320097986
A00040440.npy,68,39,1.0,0.2,zerofill,17.472582858202195,0.4211323172142961
A00040440.npy,68,39,1.0,0.2,cs,26.984866553045947,0.8027478119173708
A00040440.npy,68,39,1.0,0.2,ddnm,32.84398146043464,0.9341618984845562
A00040440.npy,68,39,1.0,0.3,zerofill,17.976174626593554,0.48772546302017883
A00040440.npy,68,39,1.0,0.3,cs,31.27352654013102,0.8959640109072095
A00040440.npy,68,39,1.0,0.3,ddnm,35.5739553201435,0.9557723244674678
A00040440.npy,68,39,1.0,0.5,zerofill,24.56293595762442,0.6732608564814978
A00040440.npy,68,39,1.0,0.5,cs,36.36690992726551,0.9797951755216768
A00040440.npy,68,39,1.0,0.5,ddnm,36.229728704933464,0.9828942263160012
A00040494.npy,29,0,0.0,0.2,zerofill,18.956432496074424,0.5142460760394155
A00040494.npy,29,0,0.0,0.2,cs,29.455955248527804,0.8903604553112882
A00040494.npy,29,0,0.0,0.2,ddnm,31.09106866011502,0.9406822157968151
A00040494.npy,29,0,0.0,0.3,zerofill,21.027855595807484,0.5820247385648543
A00040494.npy,29,0,0.0,0.3,cs,33.15746295919866,0.9598026945576316
A00040494.npy,29,0,0.0,0.3,ddnm,33.44718470420362,0.9657475688514515
A00040494.npy,29,0,0.0,0.5,zerofill,22.367302849243398,0.6370017168552481
A00040494.npy,29,0,0.0,0.5,cs,36.38573022467499,0.9746978785006695
A00040494.npy,29,0,0.0,0.5,ddnm,37.93070238891944,0.9850402385981549
A00040494.npy,35,6,0.154,0.2,zerofill,19.000221792836676,0.47455128258904083
A00040494.npy,35,6,0.154,0.2,cs,27.762465771941997,0.8390208903117693
A00040494.npy,35,6,0.154,0.2,ddnm,30.689333982258553,0.9109342962411328
A00040494.npy,35,6,0.154,0.3,zerofill,11.574400865724435,0.4146085128090789
A00040494.npy,35,6,0.154,0.3,cs,12.373451899031629,0.6072940376985139
A00040494.npy,35,6,0.154,0.3,ddnm,20.812838243497293,0.724672578432244
A00040494.npy,35,6,0.154,0.5,zerofill,19.837606977363137,0.6355322640408793
A00040494.npy,35,6,0.154,0.5,cs,35.98740289810787,0.9325859246936193
A00040494.npy,35,6,0.154,0.5,ddnm,38.59629514672912,0.986260362944594
A00040494.npy,40,11,0.282,0.2,zerofill,11.89832664882939,0.3883389961749945
A00040494.npy,40,11,0.282,0.2,cs,13.040776857617937,0.5963654627493746
A00040494.npy,40,11,0.282,0.2,ddnm,19.269743462036605,0.7106219268544024
A00040494.npy,40,11,0.282,0.3,zerofill,12.723492034203703,0.4778292195601681
A00040494.npy,40,11,0.282,0.3,cs,13.069214338331857,0.6680636778586875
A00040494.npy,40,11,0.282,0.3,ddnm,33.33240024358665,0.9358313549605309
A00040494.npy,40,11,0.282,0.5,zerofill,24.41255205587746,0.7111568590578565
A00040494.npy,40,11,0.282,0.5,cs,36.90096799167763,0.9808244751733787
A00040494.npy,40,11,0.282,0.5,ddnm,37.326023625387165,0.9855456841637518
A00040494.npy,46,17,0.436,0.2,zerofill,19.5963432506663,0.5073504575488694
A00040494.npy,46,17,0.436,0.2,cs,26.78833573946924,0.8359939517502573
A00040494.npy,46,17,0.436,0.2,ddnm,31.39530657593675,0.9451599863498754
A00040494.npy,46,17,0.436,0.3,zerofill,13.152429429492084,0.4378153892205303
A00040494.npy,46,17,0.436,0.3,cs,13.640805800498082,0.6757612631749884
A00040494.npy,46,17,0.436,0.3,ddnm,28.676578717543375,0.8671139989717013
A00040494.npy,46,17,0.436,0.5,zerofill,24.993611851972943,0.7521983407189954
A00040494.npy,46,17,0.436,0.5,cs,34.28176116878821,0.9791677856527007
A00040494.npy,46,17,0.436,0.5,ddnm,35.692821991453215,0.9766172198230815
A00040494.npy,51,22,0.564,0.2,zerofill,12.590697736561154,0.42169168099660237
A00040494.npy,51,22,0.564,0.2,cs,14.104198680794905,0.6927725442078934
A00040494.npy,51,22,0.564,0.2,ddnm,26.077413182681525,0.8719295592669741
A00040494.npy,51,22,0.564,0.3,zerofill,17.012115467452237,0.5064386945613327
A00040494.npy,51,22,0.564,0.3,cs,31.848286191039215,0.9142744215252867
A00040494.npy,51,22,0.564,0.3,ddnm,36.79955689701022,0.9735159792188226
A00040494.npy,51,22,0.564,0.5,zerofill,25.554414415526693,0.7284233829125979
A00040494.npy,51,22,0.564,0.5,cs,36.60195847036421,0.9860573783977414
A00040494.npy,51,22,0.564,0.5,ddnm,38.77733384844859,0.9863496246764942
A00040494.npy,57,28,0.718,0.2,zerofill,12.715952782666369,0.41563822771252595
A00040494.npy,57,28,0.718,0.2,cs,13.05071176427824,0.6255725920914139
A00040494.npy,57,28,0.718,0.2,ddnm,32.83948010180171,0.9131751628309784
A00040494.npy,57,28,0.718,0.3,zerofill,20.382506214333112,0.6148042693806659
A00040494.npy,57,28,0.718,0.3,cs,32.37074384449154,0.9339843957813332
A00040494.npy,57,28,0.718,0.3,ddnm,35.28748734918401,0.9769561343121291
A00040494.npy,57,28,0.718,0.5,zerofill,27.361328517295735,0.807173639054099
A00040494.npy,57,28,0.718,0.5,cs,36.34550659598823,0.9865551264743848
A00040494.npy,57,28,0.718,0.5,ddnm,38.951482280798054,0.9894218121892309
A00040494.npy,62,33,0.846,0.2,zerofill,11.78058258739291,0.3926032854487233
A00040494.npy,62,33,0.846,0.2,cs,12.851827844551094,0.5937909682366601
A00040494.npy,62,33,0.846,0.2,ddnm,27.089631940856425,0.8013794829613922
A00040494.npy,62,33,0.846,0.3,zerofill,12.93358521117774,0.43402939302894683
A00040494.npy,62,33,0.846,0.3,cs,13.057247948025578,0.6461335628696919
A00040494.npy,62,33,0.846,0.3,ddnm,34.707656771324075,0.91356533766794
A00040494.npy,62,33,0.846,0.5,zerofill,23.515177246563745,0.70431997656374
A00040494.npy,62,33,0.846,0.5,cs,37.16781749222911,0.9839185859704652
A00040494.npy,62,33,0.846,0.5,ddnm,40.79376102253029,0.9907247714860501
A00040494.npy,68,39,1.0,0.2,zerofill,11.20948693980189,0.34448756163316774
A00040494.npy,68,39,1.0,0.2,cs,12.214566971027958,0.5227025186829031
A00040494.npy,68,39,1.0,0.2,ddnm,28.85713765041804,0.793605315570465
A00040494.npy,68,39,1.0,0.3,zerofill,19.394388636283104,0.5517599988853362
A00040494.npy,68,39,1.0,0.3,cs,29.504931464869824,0.8953898165876072
A00040494.npy,68,39,1.0,0.3,ddnm,36.67715046432869,0.9803940366109639
A00040494.npy,68,39,1.0,0.5,zerofill,24.682544223688577,0.7482526294623763
A00040494.npy,68,39,1.0,0.5,cs,35.11469186564122,0.9807547478586459
A00040494.npy,68,39,1.0,0.5,ddnm,38.88581767119886,0.9884212158542267
A00040517.npy,29,0,0.0,0.2,zerofill,12.198350000767347,0.3882965732246126
A00040517.npy,29,0,0.0,0.2,cs,12.375717599543526,0.532629414913386
A00040517.npy,29,0,0.0,0.2,ddnm,24.840109177506903,0.6947902518555945
A00040517.npy,29,0,0.0,0.3,zerofill,23.531361675642174,0.6235235674350835
A00040517.npy,29,0,0.0,0.3,cs,29.842048515637746,0.9049507575027006
A00040517.npy,29,0,0.0,0.3,ddnm,30.57531798267818,0.9282990800828999
A00040517.npy,29,0,0.0,0.5,zerofill,27.195096754893207,0.7550720048787258
A00040517.npy,29,0,0.0,0.5,cs,35.44354294561109,0.975898868756985
A00040517.npy,29,0,0.0,0.5,ddnm,35.603589898918436,0.9758346900604195
A00040517.npy,35,6,0.154,0.2,zerofill,19.755094710808578,0.4976173493365983
A00040517.npy,35,6,0.154,0.2,cs,27.242054750534827,0.816094459985066
A00040517.npy,35,6,0.154,0.2,ddnm,29.38978707041242,0.9074290684273918
A00040517.npy,35,6,0.154,0.3,zerofill,12.063348812746499,0.4325575359562311
A00040517.npy,35,6,0.154,0.3,cs,13.138611443442226,0.6525135396332551
A00040517.npy,35,6,0.154,0.3,ddnm,19.708987652454553,0.7904675136567078
A00040517.npy,35,6,0.154,0.5,zerofill,13.226823943947783,0.608844431677809
A00040517.npy,35,6,0.154,0.5,cs,12.71008276985491,0.6832924896304584
A00040517.npy,35,6,0.154,0.5,ddnm,34.16373281596584,0.9292942011201776
A00040517.npy,40,11,0.282,0.2,zerofill,19.600380252750668,0.5041496087685041
A00040517.npy,40,11,0.282,0.2,cs,25.86942367842026,0.7787398031033658
A00040517.npy,40,11,0.282,0.2,ddnm,30.790063183937573,0.8919263371776762
A00040517.npy,40,11,0.282,0.3,zerofill,21.387801552856676,0.6145554751601897
A00040517.npy,40,11,0.282,0.3,cs,31.13026658856679,0.9275642530284312
A00040517.npy,40,11,0.282,0.3,ddnm,31.552335801735524,0.9342515460768396
A00040517.npy,40,11,0.282,0.5,zerofill,25.21909531943627,0.7835655681612719
A00040517.npy,40,11,0.282,0.5,cs,35.28565262573066,0.9785575379017571
A00040517.npy,40,11,0.282,0.5,ddnm,36.45903834719014,0.9806836078129159
A00040517.npy,46,17,0.436,0.2,zerofill,13.115543650694498,0.4582720673599081
A00040517.npy,46,17,0.436,0.2,cs,13.284322054665845,0.6308787546710745
A00040517.npy,46,17,0.436,0.2,ddnm,30.842472057518986,0.892422750083646
A00040517.npy,46,17,0.436,0.3,zerofill,21.286758794822937,0.6200532017777511
A00040517.npy,46,17,0.436,0.3,cs,30.73494832797145,0.9134819006992344
A00040517.npy,46,17,0.436,0.3,ddnm,34.28639637318345,0.9444566815050338
A00040517.npy,46,17,0.436,0.5,zerofill,29.280504539915135,0.8514925548900645
A00040517.npy,46,17,0.436,0.5,cs,36.12179124435012,0.9794916712294276
A00040517.npy,46,17,0.436,0.5,ddnm,38.575580966957425,0.983420442410356
A00040517.npy,51,22,0.564,0.2,zerofill,18.064297764133403,0.4640525371853879
A00040517.npy,51,22,0.564,0.2,cs,24.163519996865368,0.7439873317976915
A00040517.npy,51,22,0.564,0.2,ddnm,31.6366784764799,0.8955683778231581
A00040517.npy,51,22,0.564,0.3,zerofill,21.021727284603546,0.6378765257772998
A00040517.npy,51,22,0.564,0.3,cs,31.972869250741812,0.9292548972461547
A00040517.npy,51,22,0.564,0.3,ddnm,36.673359837683066,0.9782702257815179
A00040517.npy,51,22,0.564,0.5,zerofill,13.833618184882507,0.6615214313027203
A00040517.npy,51,22,0.564,0.5,cs,13.14630286144028,0.7349580327829547
A00040517.npy,51,22,0.564,0.5,ddnm,36.50137375282526,0.9661095560566132
A00040517.npy,57,28,0.718,0.2,zerofill,13.351071105321164,0.4482324956283723
A00040517.npy,57,28,0.718,0.2,cs,13.553912605491442,0.6486151133817504
A00040517.npy,57,28,0.718,0.2,ddnm,30.72938831791698,0.9021526291051385
A00040517.npy,57,28,0.718,0.3,zerofill,13.449237315498197,0.47525507927162935
A00040517.npy,57,28,0.718,0.3,cs,13.566597072500342,0.6889792846890886
A00040517.npy,57,28,0.718,0.3,ddnm,30.030949769769695,0.9033215539947901
A00040517.npy,57,28,0.718,0.5,zerofill,26.684581680699647,0.7677455978460301
A00040517.npy,57,28,0.718,0.5,cs,34.284294726144516,0.9781724593189897
A00040517.npy,57,28,0.718,0.5,ddnm,38.02791055863967,0.9867673769925621
A00040517.npy,62,33,0.846,0.2,zerofill,13.049812449574475,0.4011054825104876
A00040517.npy,62,33,0.846,0.2,cs,14.123088194167856,0.6038954603052107
A00040517.npy,62,33,0.846,0.2,ddnm,14.99373322259682,0.7219832454256186
A00040517.npy,62,33,0.846,0.3,zerofill,20.66497703387092,0.5980471134338874
A00040517.npy,62,33,0.846,0.3,cs,29.275904626225447,0.913009657077261
A00040517.npy,62,33,0.846,0.3,ddnm,33.863456297768614,0.9677545573122878
A00040517.npy,62,33,0.846,0.5,zerofill,24.630382562720456,0.7561109747419279
A00040517.npy,62,33,0.846,0.5,cs,33.02468640190091,0.9764424594731396
A00040517.npy,62,33,0.846,0.5,ddnm,35.78274490018484,0.9783907049175105
A00040517.npy,68,39,1.0,0.2,zerofill,19.590192425145588,0.5055827805266998
A00040517.npy,68,39,1.0,0.2,cs,25.882532628547477,0.8221238841312954
A00040517.npy,68,39,1.0,0.2,ddnm,29.914600764792105,0.936285397376754
A00040517.npy,68,39,1.0,0.3,zerofill,19.27209234327905,0.5241299123564612
A00040517.npy,68,39,1.0,0.3,cs,28.81185956696799,0.8859953337982978
A00040517.npy,68,39,1.0,0.3,ddnm,32.45334159790102,0.959222008526982
A00040517.npy,68,39,1.0,0.5,zerofill,19.710667804880107,0.6441225510594639
A00040517.npy,68,39,1.0,0.5,cs,34.74796630957259,0.9559843494298798
A00040517.npy,68,39,1.0,0.5,ddnm,35.872574702963405,0.9769304034747414
A00040628.npy,29,0,0.0,0.2,zerofill,10.936658563268267,0.3248156133516328
A00040628.npy,29,0,0.0,0.2,cs,11.23318199201352,0.49941423131682094
A00040628.npy,29,0,0.0,0.2,ddnm,28.52885679207615,0.7616098853098706
A00040628.npy,29,0,0.0,0.3,zerofill,19.12803541113093,0.457953764602324
A00040628.npy,29,0,0.0,0.3,cs,32.926794869081235,0.9296737469485477
A00040628.npy,29,0,0.0,0.3,ddnm,33.10224193778154,0.9578183314126526
A00040628.npy,29,0,0.0,0.5,zerofill,28.49769753376657,0.8213837141767034
A00040628.npy,29,0,0.0,0.5,cs,36.512637456288864,0.9848673297565363
A00040628.npy,29,0,0.0,0.5,ddnm,36.99499581661903,0.9834283593720693
A00040628.npy,35,6,0.154,0.2,zerofill,16.978165295618908,0.43144631831526314
A00040628.npy,35,6,0.154,0.2,cs,26.081912987460996,0.7871697546336804
A00040628.npy,35,6,0.154,0.2,ddnm,30.649616961410516,0.9133996560847253
A00040628.npy,35,6,0.154,0.3,zerofill,20.933675333070127,0.5369290101361973
A00040628.npy,35,6,0.154,0.3,cs,31.873967891946194,0.9408862463663388
A00040628.npy,35,6,0.154,0.3,ddnm,32.45222776532978,0.9504254217555176
A00040628.npy,35,6,0.154,0.5,zerofill,24.02050176859477,0.6822549162775806
A00040628.npy,35,6,0.154,0.5,cs,36.774311088136784,0.9768763040141116
A00040628.npy,35,6,0.154,0.5,ddnm,38.77022347302749,0.9835203386977359
A00040628.npy,40,11,0.282,0.2,zerofill,17.004445798589835,0.440277816440712
A00040628.npy,40,11,0.282,0.2,cs,24.53442499175571,0.791091318224982
A00040628.npy,40,11,0.282,0.2,ddnm,29.831177716126543,0.9151918125133366
A00040628.npy,40,11,0.282,0.3,zerofill,21.391598280224127,0.5856764139652327
A00040628.npy,40,11,0.282,0.3,cs,30.96222913875648,0.917922120638446
A00040628.npy,40,11,0.282,0.3,ddnm,33.7766376627599,0.9613065958479597
A00040628.npy,40,11,0.282,0.5,zerofill,26.834428733643815,0.7535001194113687
A00040628.npy,40,11,0.282,0.5,cs,34.45172474314276,0.9767385146364638
A00040628.npy,40,11,0.282,0.5,ddnm,34.39801745324699,0.976603835672981
A00040628.npy,46,17,0.436,0.2,zerofill,17.963798571198648,0.4886737854658259
A00040628.npy,46,17,0.436,0.2,cs,24.573368133103273,0.8040571914837105
A00040628.npy,46,17,0.436,0.2,ddnm,29.928003266603348,0.9170899451543842
A00040628.npy,46,17,0.436,0.3,zerofill,19.95407281737545,0.6438767698545054
A00040628.npy,46,17,0.436,0.3,cs,30.123435808484246,0.9256785344297416
A00040628.npy,46,17,0.436,0.3,ddnm,32.67998610289999,0.9647352778480695
A00040628.npy,46,17,0.436,0.5,zerofill,24.082787012219285,0.7327048637863806
A00040628.npy,46,17,0.436,0.5,cs,35.57410085778582,0.9789677927592403
A00040628.npy,46,17,0.436,0.5,ddnm,36.291388321505146,0.9816013793051803
A00040628.npy,51,22,0.564,0.2,zerofill,19.777559388694684,0.5445966913712071
A00040628.npy,51,22,0.564,0.2,cs,26.63183326122466,0.7987151636148372
A00040628.npy,51,22,0.564,0.2,ddnm,32.92702865344049,0.9326173890361027
A00040628.npy,51,22,0.564,0.3,zerofill,13.318227762572569,0.5299805049207982
A00040628.npy,51,22,0.564,0.3,cs,14.327080175102378,0.7439092292920645
A00040628.npy,51,22,0.564,0.3,ddnm,26.06100428542755,0.9168274467483111
A00040628.npy,51,22,0.564,0.5,zerofill,27.40657025688641,0.80200402814974
A00040628.npy,51,22,0.564,0.5,cs,35.27664609287374,0.9785453524841989
A00040628.npy,51,22,0.564,0.5,ddnm,37.164564569625334,0.980778678146398
A00040628.npy,57,28,0.718,0.2,zerofill,17.195751856206943,0.42292296725561007
A00040628.npy,57,28,0.718,0.2,cs,22.78272261093207,0.6892571797293002
A00040628.npy,57,28,0.718,0.2,ddnm,30.58671994607299,0.87530693871957
A00040628.npy,57,28,0.718,0.3,zerofill,18.91510889863256,0.5653157773114351
A00040628.npy,57,28,0.718,0.3,cs,30.67192491916257,0.9197282504337396
A00040628.npy,57,28,0.718,0.3,ddnm,35.87425817160221,0.970574738853755
A00040628.npy,57,28,0.718,0.5,zerofill,24.44978130247552,0.7680776508704001
A00040628.npy,57,28,0.718,0.5,cs,34.10265364496896,0.9762766190479917
A00040628.npy,57,28,0.718,0.5,ddnm,36.079571666160305,0.9776900964049491
A00040628.npy,62,33,0.846,0.2,zerofill,13.21885769560775,0.42603936917435836
A00040628.npy,62,33,0.846,0.2,cs,14.496652213983914,0.6885537804062818
A00040628.npy,62,33,0.846,0.2,ddnm,24.325802276393937,0.8378969720511972
A00040628.npy,62,33,0.846,0.3,zerofill,20.88266580603628,0.5672217674312774
A00040628.npy,62,33,0.846,0.3,cs,29.959328287583418,0.9195031805849466
A00040628.npy,62,33,0.846,0.3,ddnm,35.281569827855634,0.9728718576805145
A00040628.npy,62,33,0.846,0.5,zerofill,14.377021973654822,0.6126521852977047
A00040628.npy,62,33,0.846,0.5,cs,14.043848468655796,0.7430957844618765
A00040628.npy,62,33,0.846,0.5,ddnm,34.11224252346838,0.934266225542714
A00040628.npy,68,39,1.0,0.2,zerofill,12.773888718368875,0.37954487257838926
A00040628.npy,68,39,1.0,0.2,cs,13.158922045842395,0.5672467178793609
A00040628.npy,68,39,1.0,0.2,ddnm,31.464680197597406,0.8642544516584255
A00040628.npy,68,39,1.0,0.3,zerofill,12.77948076939782,0.4459352066549048
A00040628.npy,68,39,1.0,0.3,cs,13.982849154127805,0.6991828236211388
A00040628.npy,68,39,1.0,0.3,ddnm,35.770815601127,0.9334314756417781
A00040628.npy,68,39,1.0,0.5,zerofill,25.961755351206158,0.7450753923474134
A00040628.npy,68,39,1.0,0.5,cs,34.138463322855955,0.982131973473624
A00040628.npy,68,39,1.0,0.5,ddnm,37.41845311040315,0.9864112803713989
A00040827.npy,29,0,0.0,0.2,zerofill,15.205700296858598,0.3687043348379742
A00040827.npy,29,0,0.0,0.2,cs,21.03523532869794,0.6959625318627636
A00040827.npy,29,0,0.0,0.2,ddnm,27.893443838403588,0.8234961807328729
A00040827.npy,29,0,0.0,0.3,zerofill,21.060472459982837,0.5645397180413536
A00040827.npy,29,0,0.0,0.3,cs,30.49079283362866,0.9265070083087825
A00040827.npy,29,0,0.0,0.3,ddnm,32.58164526162812,0.948649307234862
A00040827.npy,29,0,0.0,0.5,zerofill,25.346462543135296,0.7085193744964772
A00040827.npy,29,0,0.0,0.5,cs,35.71298383920053,0.9810126959492653
A00040827.npy,29,0,0.0,0.5,ddnm,36.6968056023768,0.9818329347322078
A00040827.npy,35,6,0.154,0.2,zerofill,12.723207026040793,0.37667715865968165
A00040827.npy,35,6,0.154,0.2,cs,13.263433095669901,0.5699748234047964
A00040827.npy,35,6,0.154,0.2,ddnm,27.06846621602007,0.8033327579053279
A00040827.npy,35,6,0.154,0.3,zerofill,12.816047027254346,0.407357526099635
A00040827.npy,35,6,0.154,0.3,cs,13.37335475262412,0.6485480686928955
A00040827.npy,35,6,0.154,0.3,ddnm,31.52948385603009,0.8951118503524768
A00040827.npy,35,6,0.154,0.5,zerofill,26.877350738255906,0.7471746997783865
A00040827.npy,35,6,0.154,0.5,cs,35.86101318577913,0.976242082597459
A00040827.npy,35,6,0.154,0.5,ddnm,39.506362278861765,0.9865159500721673
A00040827.npy,40,11,0.282,0.2,zerofill,13.564592936633739,0.44629209192340435
A00040827.npy,40,11,0.282,0.2,cs,13.783828883242073,0.5859198567401874
A00040827.npy,40,11,0.282,0.2,ddnm,28.912482898244257,0.8178594279809044
A00040827.npy,40,11,0.282,0.3,zerofill,21.778252123009484,0.5798278510074737
A00040827.npy,40,11,0.282,0.3,cs,29.52193765882867,0.899316287525669
A00040827.npy,40,11,0.282,0.3,ddnm,34.218273787956406,0.9519423320669219
A00040827.npy,40,11,0.282,0.5,zerofill,27.223196187517242,0.7845610995670954
A00040827.npy,40,11,0.282,0.5,cs,35.43574829578986,0.9786742739709786
A00040827.npy,40,11,0.282,0.5,ddnm,39.00551699366025,0.9860807968720542
A00040827.npy,46,17,0.436,0.2,zerofill,13.633681767334995,0.42794142146119574
A00040827.npy,46,17,0.436,0.2,cs,13.929829027491605,0.5862363882731502
A00040827.npy,46,17,0.436,0.2,ddnm,28.810830447244335,0.8234203950925216
A00040827.npy,46,17,0.436,0.3,zerofill,22.286144218101988,0.6111142540298183
A00040827.npy,46,17,0.436,0.3,cs,30.580050391511282,0.9398943581682192
A00040827.npy,46,17,0.436,0.3,ddnm,34.24700055051129,0.9612029957630339
A00040827.npy,46,17,0.436,0.5,zerofill,14.43890584125719,0.6185039901290302
A00040827.npy,46,17,0.436,0.5,cs,14.227120719030568,0.7487666984783973
A00040827.npy,46,17,0.436,0.5,ddnm,37.31879070232034,0.9631606154233914
A00040827.npy,51,22,0.564,0.2,zerofill,18.986651289448783,0.4606271480240731
A00040827.npy,51,22,0.564,0.2,cs,25.67362231789318,0.7682641775663156
A00040827.npy,51,22,0.564,0.2,ddnm,32.52691908027809,0.9381095729878403
A00040827.npy,51,22,0.564,0.3,zerofill,21.645425317901804,0.5866141335611823
A00040827.npy,51,22,0.564,0.3,cs,30.22324369504044,0.9141683443705984
A00040827.npy,51,22,0.564,0.3,ddnm,36.46458887595863,0.9724566443445093
A00040827.npy,51,22,0.564,0.5,zerofill,22.08513518146228,0.6820333975757572
A00040827.npy,51,22,0.564,0.5,cs,35.060049182390536,0.9644795335054366
A00040827.npy,51,22,0.564,0.5,ddnm,39.83905497445611,0.9897867648215808
A00040827.npy,57,28,0.718,0.2,zerofill,18.924987526929847,0.4791185536810577
A00040827.npy,57,28,0.718,0.2,cs,26.859546308459944,0.8314258974443223
A00040827.npy,57,28,0.718,0.2,ddnm,33.42811896400684,0.9455218023388529
A00040827.npy,57,28,0.718,0.3,zerofill,20.047656127003947,0.5376245497156155
A00040827.npy,57,28,0.718,0.3,cs,31.510080263899717,0.9130753340263162
A00040827.npy,57,28,0.718,0.3,ddnm,38.28881503440079,0.9778110678839574
A00040827.npy,57,28,0.718,0.5,zerofill,23.688686193347262,0.6684550067798727
A00040827.npy,57,28,0.718,0.5,cs,35.88152419185336,0.9783640885903322
A00040827.npy,57,28,0.718,0.5,ddnm,40.557716655835414,0.9867615248208019
A00040827.npy,62,33,0.846,0.2,zerofill,12.228311764690039,0.4143301200075462
A00040827.npy,62,33,0.846,0.2,cs,13.541078563460495,0.6574445317934301
A00040827.npy,62,33,0.846,0.2,ddnm,21.755156510822616,0.8340107550230342
A00040827.npy,62,33,0.846,0.3,zerofill,12.839835911242492,0.4316212026547982
A00040827.npy,62,33,0.846,0.3,cs,13.19914379340444,0.6402420843083843
A00040827.npy,62,33,0.846,0.3,ddnm,35.13611855267187,0.9098639172156214
A00040827.npy,62,33,0.846,0.5,zerofill,24.228613078581116,0.7013007255492395
A00040827.npy,62,33,0.846,0.5,cs,37.228041152135035,0.9851796747823776
A00040827.npy,62,33,0.846,0.5,ddnm,42.793623513793044,0.992737751507176
A00040827.npy,68,39,1.0,0.2,zerofill,18.94153228119737,0.4709036054415611
A00040827.npy,68,39,1.0,0.2,cs,27.20064228143784,0.8598023658558012
A00040827.npy,68,39,1.0,0.2,ddnm,30.47840913257223,0.9524905532818749
A00040827.npy,68,39,1.0,0.3,zerofill,12.367447489764352,0.4502317943026003
A00040827.npy,68,39,1.0,0.3,cs,12.717147199856733,0.6101894133697335
A00040827.npy,68,39,1.0,0.3,ddnm,34.44619032549169,0.906757843925712
A00040827.npy,68,39,1.0,0.5,zerofill,25.722609903656227,0.7204791241730529
A00040827.npy,68,39,1.0,0.5,cs,37.74063723907188,0.9889160319301782
A00040827.npy,68,39,1.0,0.5,ddnm,41.95866918883583,0.9953191707576997
A00040915.npy,29,0,0.0,0.2,zerofill,11.627925103362191,0.36597982614195623
A00040915.npy,29,0,0.0,0.2,cs,11.953972202345236,0.5489219144086235
A00040915.npy,29,0,0.0,0.2,ddnm,27.590134616301487,0.8133106441746369
A00040915.npy,29,0,0.0,0.3,zerofill,11.690457420988876,0.38258972386757967
A00040915.npy,29,0,0.0,0.3,cs,11.995134962590479,0.5833105342208655
A00040915.npy,29,0,0.0,0.3,ddnm,31.07803700000857,0.8670640924874893
A00040915.npy,29,0,0.0,0.5,zerofill,26.039232275855532,0.7151950465938118
A00040915.npy,29,0,0.0,0.5,cs,35.45130972589567,0.9824162195467943
A00040915.npy,29,0,0.0,0.5,ddnm,36.088865135944005,0.9799522429592536
A00040915.npy,35,6,0.154,0.2,zerofill,12.873170934798734,0.4168690788673853
A00040915.npy,35,6,0.154,0.2,cs,12.772527737365795,0.5714211692316641
A00040915.npy,35,6,0.154,0.2,ddnm,28.48179281228907,0.8350624856507785
A00040915.npy,35,6,0.154,0.3,zerofill,12.86788804630487,0.4386967098211299
A00040915.npy,35,6,0.154,0.3,cs,12.862246605127387,0.638422384628969
A00040915.npy,35,6,0.154,0.3,ddnm,32.88208439710282,0.9003335017714929
A00040915.npy,35,6,0.154,0.5,zerofill,25.604863875953207,0.7176642015836537
A00040915.npy,35,6,0.154,0.5,cs,34.83347058877818,0.9693496865399324
A00040915.npy,35,6,0.154,0.5,ddnm,34.66610554025721,0.9648117983262726
A00040915.npy,40,11,0.282,0.2,zerofill,12.556805063736462,0.4092113686510945
A00040915.npy,40,11,0.282,0.2,cs,12.690938043313926,0.578921392675439
A00040915.npy,40,11,0.282,0.2,ddnm,25.03120064652761,0.7527524815644925
A00040915.npy,40,11,0.282,0.3,zerofill,20.237686955481294,0.5624452619147928
A00040915.npy,40,11,0.282,0.3,cs,31.778607484043352,0.8860654125294957
A00040915.npy,40,11,0.282,0.3,ddnm,35.15409594975901,0.9531939714101815
A00040915.npy,40,11,0.282,0.5,zerofill,24.140404155227884,0.7240059427103942
A00040915.npy,40,11,0.282,0.5,cs,35.09683756667127,0.9668441009666451
A00040915.npy,40,11,0.282,0.5,ddnm,37.40240333661059,0.980318375434391
A00040915.npy,46,17,0.436,0.2,zerofill,19.82718601604348,0.5379079995233673
A00040915.npy,46,17,0.436,0.2,cs,26.34424077498956,0.7924164118356247
A00040915.npy,46,17,0.436,0.2,ddnm,30.167604628299195,0.895969745543608
A00040915.npy,46,17,0.436,0.3,zerofill,20.861952263940303,0.5982421706046832
A00040915.npy,46,17,0.436,0.3,cs,29.90717380840987,0.9077602665189597
A00040915.npy,46,17,0.436,0.3,ddnm,33.645650879745844,0.96376941764957
A00040915.npy,46,17,0.436,0.5,zerofill,28.174232670883917,0.8282304629200439
A00040915.npy,46,17,0.436,0.5,cs,34.30545071087241,0.9759455455111194
A00040915.npy,46,17,0.436,0.5,ddnm,35.547108226259546,0.9779093789496879
A00040915.npy,51,22,0.564,0.2,zerofill,19.628005618943476,0.5151992276120991
A00040915.npy,51,22,0.564,0.2,cs,27.287708530246945,0.8072757534067042
A00040915.npy,51,22,0.564,0.2,ddnm,31.836167927420323,0.915745486195723
A00040915.npy,51,22,0.564,0.3,zerofill,14.01811250056425,0.5486210327341787
A00040915.npy,51,22,0.564,0.3,cs,13.609054461425892,0.7052898997006621
A00040915.npy,51,22,0.564,0.3,ddnm,32.33820051896791,0.9213718379482535
A00040915.npy,51,22,0.564,0.5,zerofill,27.220431450314358,0.7708144102104657
A00040915.npy,51,22,0.564,0.5,cs,34.506130149950216,0.9736907464126463
A00040915.npy,51,22,0.564,0.5,ddnm,37.791558605567,0.9832580258683856
A00040915.npy,57,28,0.718,0.2,zerofill,12.203876921737631,0.3679480058707961
A00040915.npy,57,28,0.718,0.2,cs,13.509560288312773,0.569180511752693
A00040915.npy,57,28,0.718,0.2,ddnm,26.92670716632977,0.7735566691818601
A00040915.npy,57,28,0.718,0.3,zerofill,17.837525181076096,0.5331546670759667
A00040915.npy,57,28,0.718,0.3,cs,30.09965760704568,0.9027444970936936
A00040915.npy,57,28,0.718,0.3,ddnm,33.07784551156444,0.941079766959857
A00040915.npy,57,28,0.718,0.5,zerofill,25.719695455037154,0.804755091015675
A00040915.npy,57,28,0.718,0.5,cs,32.97352397402165,0.9719590833873654
A00040915.npy,57,28,0.718,0.5,ddnm,34.36628882345576,0.9742229243570744
A00040915.npy,62,33,0.846,0.2,zerofill,18.977176342802878,0.5338095584777561
A00040915.npy,62,33,0.846,0.2,cs,26.919154216027312,0.8809743353466782
A00040915.npy,62,33,0.846,0.2,ddnm,31.178201049281704,0.9343508010716631
A00040915.npy,62,33,0.846,0.3,zerofill,13.218406317395562,0.4634697985242328
A00040915.npy,62,33,0.846,0.3,cs,13.453259818328371,0.6561609653402287
A00040915.npy,62,33,0.846,0.3,ddnm,31.45692129566597,0.8936419829834343
A00040915.npy,62,33,0.846,0.5,zerofill,25.202496511023416,0.7582238376912045
A00040915.npy,62,33,0.846,0.5,cs,34.10869125465796,0.9758658319335252
A00040915.npy,62,33,0.846,0.5,ddnm,37.85706710826781,0.9826061249307906
A00040915.npy,68,39,1.0,0.2,zerofill,11.564208546945414,0.342789258348691
A00040915.npy,68,39,1.0,0.2,cs,12.68181377942853,0.5458693851492414
A00040915.npy,68,39,1.0,0.2,ddnm,25.114242298948568,0.7632550758624275
A00040915.npy,68,39,1.0,0.3,zerofill,20.919393108972955,0.5435171296256962
A00040915.npy,68,39,1.0,0.3,cs,29.25240114424325,0.8748891279259053
A00040915.npy,68,39,1.0,0.3,ddnm,34.73836737694813,0.960979238925394
A00040915.npy,68,39,1.0,0.5,zerofill,23.7484037671328,0.7019072551484182
A00040915.npy,68,39,1.0,0.5,cs,34.02035740221104,0.9762088695930974
A00040915.npy,68,39,1.0,0.5,ddnm,36.98407155748126,0.9856504730778143
A00041503.npy,29,0,0.0,0.2,zerofill,10.51329731291591,0.2917803514317834
A00041503.npy,29,0,0.0,0.2,cs,11.315750350790834,0.46954583131774186
A00041503.npy,29,0,0.0,0.2,ddnm,26.685357411559586,0.7123952463260599
A00041503.npy,29,0,0.0,0.3,zerofill,21.359766641318124,0.5134448137134032
A00041503.npy,29,0,0.0,0.3,cs,31.65224849467156,0.9425529528612476
A00041503.npy,29,0,0.0,0.3,ddnm,31.281824562434537,0.946148335631337
A00041503.npy,29,0,0.0,0.5,zerofill,26.92527403722486,0.7006006808916456
A00041503.npy,29,0,0.0,0.5,cs,36.05519967845913,0.9823834888719161
A00041503.npy,29,0,0.0,0.5,ddnm,34.61084961514835,0.9736810206798289
A00041503.npy,35,6,0.154,0.2,zerofill,17.140232348113297,0.4388593248524584
A00041503.npy,35,6,0.154,0.2,cs,27.9658923739182,0.8325501621779163
A00041503.npy,35,6,0.154,0.2,ddnm,29.66450066636807,0.9035185790102397
A00041503.npy,35,6,0.154,0.3,zerofill,18.581047568862193,0.49363032476882385
A00041503.npy,35,6,0.154,0.3,cs,30.519728674867427,0.8747398877790205
A00041503.npy,35,6,0.154,0.3,ddnm,32.92465492218555,0.9388708092434468
A00041503.npy,35,6,0.154,0.5,zerofill,26.03707043471136,0.7125303419134019
A00041503.npy,35,6,0.154,0.5,cs,35.769048633911666,0.977497112143107
A00041503.npy,35,6,0.154,0.5,ddnm,36.25062057058714,0.9802563055424689
A00041503.npy,40,11,0.282,0.2,zerofill,16.150976523001958,0.46608259433259375
A00041503.npy,40,11,0.282,0.2,cs,24.053953979250174,0.7933973151796493
A00041503.npy,40,11,0.282,0.2,ddnm,30.83878196406583,0.9069006307667796
A00041503.npy,40,11,0.282,0.3,zerofill,12.032967163302331,0.4142996525064732
A00041503.npy,40,11,0.282,0.3,cs,12.22403066475576,0.601537691168723
A00041503.npy,40,11,0.282,0.3,ddnm,33.42669443528368,0.9286666779236523
A00041503.npy,40,11,0.282,0.5,zerofill,24.50200428070588,0.6951683324617491
A00041503.npy,40,11,0.282,0.5,cs,35.39120853934175,0.9741339085624122
A00041503.npy,40,11,0.282,0.5,ddnm,35.77857441806785,0.975595863046937
A00041503.npy,46,17,0.436,0.2,zerofill,13.056009717636226,0.4306972385762195
A00041503.npy,46,17,0.436,0.2,cs,13.228817176518024,0.6010277218895472
A00041503.npy,46,17,0.436,0.2,ddnm,27.475730690099006,0.8235967606571382
A00041503.npy,46,17,0.436,0.3,zerofill,18.094335871242123,0.5462372441057257
A00041503.npy,46,17,0.436,0.3,cs,31.14860729318236,0.9013104442355855
A00041503.npy,46,17,0.436,0.3,ddnm,34.75287581110802,0.9627066420326628
A00041503.npy,46,17,0.436,0.5,zerofill,26.826727290768623,0.76033973344658
A00041503.npy,46,17,0.436,0.5,cs,34.78101626055921,0.9762396679465823
A00041503.npy,46,17,0.436,0.5,ddnm,35.96358834141437,0.9779246449790889
A00041503.npy,51,22,0.564,0.2,zerofill,16.520785164109718,0.4582221223097198
A00041503.npy,51,22,0.564,0.2,cs,25.481745918297037,0.7847114241464492
A00041503.npy,51,22,0.564,0.2,ddnm,32.95337179628605,0.9185271219432242
A00041503.npy,51,22,0.564,0.3,zerofill,13.314536663186898,0.46338765006998694
A00041503.npy,51,22,0.564,0.3,cs,13.378931732565068,0.6586505471265724
A00041503.npy,51,22,0.564,0.3,ddnm,33.76443482035324,0.9116991332876557
A00041503.npy,51,22,0.564,0.5,zerofill,26.36739384349186,0.7196374186869656
A00041503.npy,51,22,0.564,0.5,cs,36.98766259710111,0.9792124413292244
A00041503.npy,51,22,0.564,0.5,ddnm,39.78308437936554,0.9845114572174413
A00041503.npy,57,28,0.718,0.2,zerofill,12.056253796064752,0.4033139175391077
A00041503.npy,57,28,0.718,0.2,cs,13.32095593082748,0.6300476826391901
A00041503.npy,57,28,0.718,0.2,ddnm,25.535663478159798,0.8546804307527726
A00041503.npy,57,28,0.718,0.3,zerofill,21.601099747618598,0.5774535610414738
A00041503.npy,57,28,0.718,0.3,cs,32.772397625333994,0.9381745550426079
A00041503.npy,57,28,0.718,0.3,ddnm,38.115289753691115,0.9773587832781487
A00041503.npy,57,28,0.718,0.5,zerofill,28.406030104097788,0.8133470694649864
A00041503.npy,57,28,0.718,0.5,cs,34.31744256481759,0.9804628701884078
A00041503.npy,57,28,0.718,0.5,ddnm,36.1930518045424,0.9783372968971905
A00041503.npy,62,33,0.846,0.2,zerofill,12.045916133096235,0.38544405826425887
A00041503.npy,62,33,0.846,0.2,cs,13.009548062038705,0.5959646393137272
A00041503.npy,62,33,0.846,0.2,ddnm,31.157506738494753,0.8855371979961021
A00041503.npy,62,33,0.846,0.3,zerofill,12.884687553012142,0.41667723328456036
A00041503.npy,62,33,0.846,0.3,cs,13.11011225748053,0.6413201000945821
A00041503.npy,62,33,0.846,0.3,ddnm,32.64095868747839,0.875222411477231
A00041503.npy,62,33,0.846,0.5,zerofill,13.395224939679732,0.542190783237456
A00041503.npy,62,33,0.846,0.5,cs,13.132874581065941,0.680554351604964
A00041503.npy,62,33,0.846,0.5,ddnm,38.8789559876208,0.9494787006849437
A00041503.npy,68,39,1.0,0.2,zerofill,11.33531962611399,0.34933394348035346
A00041503.npy,68,39,1.0,0.2,cs,12.82244164569696,0.5559774915285818
A00041503.npy,68,39,1.0,0.2,ddnm,21.136663453014613,0.7177332237271538
A00041503.npy,68,39,1.0,0.3,zerofill,20.42372868240058,0.5196852182980878
A00041503.npy,68,39,1.0,0.3,cs,29.9869727684529,0.9074172229020266
A00041503.npy,68,39,1.0,0.3,ddnm,37.75562174319367,0.9780650981825804
A00041503.npy,68,39,1.0,0.5,zerofill,27.263345678785612,0.7664373996166988
A00041503.npy,68,39,1.0,0.5,cs,35.7882206004885,0.982695476245861
A00041503.npy,68,39,1.0,0.5,ddnm,39.923901721790685,0.9900489281507565
A00043324.npy,29,0,0.0,0.2,zerofill,16.15382875224927,0.3838938953263698
A00043324.npy,29,0,0.0,0.2,cs,27.697978962682406,0.8364239133513004
A00043324.npy,29,0,0.0,0.2,ddnm,30.744484942594234,0.9181336449027198
A00043324.npy,29,0,0.0,0.3,zerofill,10.844853059684677,0.3622137443826371
A00043324.npy,29,0,0.0,0.3,cs,11.678967799336885,0.5212357465637335
A00043324.npy,29,0,0.0,0.3,ddnm,20.174542842732443,0.6164556585990506
A00043324.npy,29,0,0.0,0.5,zerofill,22.82308979545816,0.6621759607625194
A00043324.npy,29,0,0.0,0.5,cs,37.272118834715286,0.9790138399743546
A00043324.npy,29,0,0.0,0.5,ddnm,36.22174575280853,0.9800880869664802
A00043324.npy,35,6,0.154,0.2,zerofill,18.338025369146052,0.4471091774257649
A00043324.npy,35,6,0.154,0.2,cs,27.37102522067689,0.8524671656710817
A00043324.npy,35,6,0.154,0.2,ddnm,29.54073537601975,0.9053816427280228
A00043324.npy,35,6,0.154,0.3,zerofill,11.84093981324275,0.38369761293821464
A00043324.npy,35,6,0.154,0.3,cs,11.862155507887255,0.5411972451308562
A00043324.npy,35,6,0.154,0.3,ddnm,30.095783630358667,0.8413314781552423
A00043324.npy,35,6,0.154,0.5,zerofill,23.063062259587767,0.6824181771285164
A00043324.npy,35,6,0.154,0.5,cs,34.5464727655611,0.9755737357636479
A00043324.npy,35,6,0.154,0.5,ddnm,34.292763534456235,0.972546077261558
A00043324.npy,40,11,0.282,0.2,zerofill,20.69762460501563,0.5348749648108874
A00043324.npy,40,11,0.282,0.2,cs,26.364038956328667,0.8579441278359962
A00043324.npy,40,11,0.282,0.2,ddnm,28.242109137873186,0.9148541767395696
A00043324.npy,40,11,0.282,0.3,zerofill,12.199695546681022,0.42388706102684726
A00043324.npy,40,11,0.282,0.3,cs,12.843589042812958,0.5937493234103791
A00043324.npy,40,11,0.282,0.3,ddnm,32.68145968391058,0.9089892977221427
A00043324.npy,40,11,0.282,0.5,zerofill,22.862647228450264,0.6486567312457375
A00043324.npy,40,11,0.282,0.5,cs,35.67584349143831,0.9821067781289461
A00043324.npy,40,11,0.282,0.5,ddnm,37.32722797242452,0.9846399882345295
A00043324.npy,46,17,0.436,0.2,zerofill,18.54469547974973,0.4287986794202191
A00043324.npy,46,17,0.436,0.2,cs,27.46213645610382,0.8300829886008796
A00043324.npy,46,17,0.436,0.2,ddnm,30.47965907146201,0.9020679879916577
A00043324.npy,46,17,0.436,0.3,zerofill,20.749464799924503,0.5527519829292543
A00043324.npy,46,17,0.436,0.3,cs,31.958948670079184,0.9264926629967425
A00043324.npy,46,17,0.436,0.3,ddnm,33.11294148628956,0.9653778864599882
A00043324.npy,46,17,0.436,0.5,zerofill,24.133508584430494,0.6596772903336607
A00043324.npy,46,17,0.436,0.5,cs,36.06343039780478,0.9783842375092018
A00043324.npy,46,17,0.436,0.5,ddnm,37.47065293405094,0.9765080040907931
A00043324.npy,51,22,0.564,0.2,zerofill,12.508170247707454,0.40687529737193556
A00043324.npy,51,22,0.564,0.2,cs,13.015574238698466,0.5772623176375772
A00043324.npy,51,22,0.564,0.2,ddnm,29.63273070177795,0.8382603643289113
A00043324.npy,51,22,0.564,0.3,zerofill,19.251981977942304,0.5800807858519206
A00043324.npy,51,22,0.564,0.3,cs,31.350174493898322,0.9152160494902928
A00043324.npy,51,22,0.564,0.3,ddnm,31.93975850540565,0.9608664776017608
A00043324.npy,51,22,0.564,0.5,zerofill,27.540733907711974,0.7761936700498413
A00043324.npy,51,22,0.564,0.5,cs,37.64257553877854,0.9870951620882411
A00043324.npy,51,22,0.564,0.5,ddnm,38.88842131526784,0.9877358419829176
A00043324.npy,57,28,0.718,0.2,zerofill,16.49235326706304,0.4135229367075881
A00043324.npy,57,28,0.718,0.2,cs,23.84488026926253,0.7162013813064293
A00043324.npy,57,28,0.718,0.2,ddnm,29.47585289898258,0.8948718864907222
A00043324.npy,57,28,0.718,0.3,zerofill,18.24990630577782,0.5404433973660546
A00043324.npy,57,28,0.718,0.3,cs,30.212437005565917,0.9079062993773623
A00043324.npy,57,28,0.718,0.3,ddnm,32.462519697022685,0.9523740753799765
A00043324.npy,57,28,0.718,0.5,zerofill,26.245342528902817,0.7643532883507753
A00043324.npy,57,28,0.718,0.5,cs,35.61295152697443,0.9838832663900268
A00043324.npy,57,28,0.718,0.5,ddnm,37.089062086983276,0.9836056098377983
A00043324.npy,62,33,0.846,0.2,zerofill,18.99524269323335,0.48319677411811496
A00043324.npy,62,33,0.846,0.2,cs,25.92869012952642,0.8260045112615475
A00043324.npy,62,33,0.846,0.2,ddnm,32.860558807470895,0.9272706158112788
A00043324.npy,62,33,0.846,0.3,zerofill,19.824425386840574,0.5187590848807184
A00043324.npy,62,33,0.846,0.3,cs,30.118296432059523,0.8994589815493418
A00043324.npy,62,33,0.846,0.3,ddnm,34.39692787725669,0.967377526397764
A00043324.npy,62,33,0.846,0.5,zerofill,13.338387876852256,0.5617307901623757
A00043324.npy,62,33,0.846,0.5,cs,13.362464752852453,0.6761446689271632
A00043324.npy,62,33,0.846,0.5,ddnm,35.49102648122942,0.9056835677319558
A00043324.npy,68,39,1.0,0.2,zerofill,11.902270502642427,0.3517648929504776
A00043324.npy,68,39,1.0,0.2,cs,12.507485496742651,0.5435109791821681
A00043324.npy,68,39,1.0,0.2,ddnm,22.0618226113333,0.6707116489239073
A00043324.npy,68,39,1.0,0.3,zerofill,17.78972540468241,0.49820938593955233
A00043324.npy,68,39,1.0,0.3,cs,30.53301918674222,0.9192324509231979
A00043324.npy,68,39,1.0,0.3,ddnm,33.935289742573744,0.9610495285196863
A00043324.npy,68,39,1.0,0.5,zerofill,23.7289986639573,0.6916337134258841
A00043324.npy,68,39,1.0,0.5,cs,35.73096736250142,0.9831652268747334
A00043324.npy,68,39,1.0,0.5,ddnm,37.748873639918884,0.9839177519018949
A00043677.npy,29,0,0.0,0.2,zerofill,11.456631262656135,0.3736478167774094
A00043677.npy,29,0,0.0,0.2,cs,12.780367164401444,0.6056876582022014
A00043677.npy,29,0,0.0,0.2,ddnm,19.65092190771482,0.754784332308305
A00043677.npy,29,0,0.0,0.3,zerofill,11.919555463082084,0.3892792637097669
A00043677.npy,29,0,0.0,0.3,cs,12.357573099592344,0.5930955868602246
A00043677.npy,29,0,0.0,0.3,ddnm,30.314260484053797,0.830195834639952
A00043677.npy,29,0,0.0,0.5,zerofill,27.403715371338244,0.7854119901028125
A00043677.npy,29,0,0.0,0.5,cs,34.1545542299838,0.9707724818781126
A00043677.npy,29,0,0.0,0.5,ddnm,32.959839890462185,0.9571231529577161
A00043677.npy,35,6,0.154,0.2,zerofill,19.41954982499032,0.47799644811332465
A00043677.npy,35,6,0.154,0.2,cs,24.29258487620502,0.7628869639669358
A00043677.npy,35,6,0.154,0.2,ddnm,27.886273132340232,0.8830492914977437
A00043677.npy,35,6,0.154,0.3,zerofill,20.879480833128103,0.6108149167349373
A00043677.npy,35,6,0.154,0.3,cs,30.193178575530656,0.9200623741464025
A00043677.npy,35,6,0.154,0.3,ddnm,31.655440703469967,0.9508957322892146
A00043677.npy,35,6,0.154,0.5,zerofill,23.130859665082653,0.7203290049257673
A00043677.npy,35,6,0.154,0.5,cs,35.93382326424376,0.9711998109334068
A00043677.npy,35,6,0.154,0.5,ddnm,37.84253759487656,0.9832167831304348
A00043677.npy,40,11,0.282,0.2,zerofill,14.96105186458243,0.45008759758678657
A00043677.npy,40,11,0.282,0.2,cs,15.213883179518204,0.6140055216144007
A00043677.npy,40,11,0.282,0.2,ddnm,29.868194938452348,0.8624619084483703
A00043677.npy,40,11,0.282,0.3,zerofill,14.717883640705452,0.4998834364888553
A00043677.npy,40,11,0.282,0.3,cs,16.516109967230758,0.7615009124793949
A00043677.npy,40,11,0.282,0.3,ddnm,15.498373880265657,0.774185322181137
A00043677.npy,40,11,0.282,0.5,zerofill,25.883672619858746,0.7330394053531476
A00043677.npy,40,11,0.282,0.5,cs,33.97639607514665,0.9676153121480567
A00043677.npy,40,11,0.282,0.5,ddnm,36.68487471981548,0.980034245250687
A00043677.npy,46,17,0.436,0.2,zerofill,17.63750049413467,0.5216535598686692
A00043677.npy,46,17,0.436,0.2,cs,25.206497322428426,0.8104594265226799
A00043677.npy,46,17,0.436,0.2,ddnm,28.451531214675963,0.8663924293904431
A00043677.npy,46,17,0.436,0.3,zerofill,17.698228163064474,0.5545139747377976
A00043677.npy,46,17,0.436,0.3,cs,28.118148987021286,0.8891545315311901
A00043677.npy,46,17,0.436,0.3,ddnm,31.676023302139402,0.9393684766251564
A00043677.npy,46,17,0.436,0.5,zerofill,25.55637983335756,0.7729268238591408
A00043677.npy,46,17,0.436,0.5,cs,33.94377476216418,0.9783056899925228
A00043677.npy,46,17,0.436,0.5,ddnm,35.93427382373096,0.9807290536113978
A00043677.npy,51,22,0.564,0.2,zerofill,14.568205589041014,0.46037663708299364
A00043677.npy,51,22,0.564,0.2,cs,16.31550505457274,0.7392060294131523
A00043677.npy,51,22,0.564,0.2,ddnm,29.455528219781158,0.8983682009244568
A00043677.npy,51,22,0.564,0.3,zerofill,21.563926631376596,0.6221049952131192
A00043677.npy,51,22,0.564,0.3,cs,28.466991984788397,0.9060372484790837
A00043677.npy,51,22,0.564,0.3,ddnm,32.22002169020594,0.9576370807600355
A00043677.npy,51,22,0.564,0.5,zerofill,22.388522626609806,0.7195954991896478
A00043677.npy,51,22,0.564,0.5,cs,35.49560334825963,0.9705579126615641
A00043677.npy,51,22,0.564,0.5,ddnm,38.13762671016799,0.9876604987044579
A00043677.npy,57,28,0.718,0.2,zerofill,17.417319573821082,0.5155601052199553
A00043677.npy,57,28,0.718,0.2,cs,27.05040479558879,0.8451081454659768
A00043677.npy,57,28,0.718,0.2,ddnm,30.11082886870154,0.9050148804200269
A00043677.npy,57,28,0.718,0.3,zerofill,14.264258035574358,0.5064597949634303
A00043677.npy,57,28,0.718,0.3,cs,14.912854084390839,0.7423351061491945
A00043677.npy,57,28,0.718,0.3,ddnm,31.831323105818235,0.9081771971567267
A00043677.npy,57,28,0.718,0.5,zerofill,27.432548204469253,0.7914085202396504
A00043677.npy,57,28,0.718,0.5,cs,35.975695213917845,0.9838329453368688
A00043677.npy,57,28,0.718,0.5,ddnm,37.00146794728498,0.9817332921009556
A00043677.npy,62,33,0.846,0.2,zerofill,18.498587888609748,0.5112001743138136
A00043677.npy,62,33,0.846,0.2,cs,26.310663562518993,0.8367965362036991
A00043677.npy,62,33,0.846,0.2,ddnm,29.77309385589087,0.9019548760852693
A00043677.npy,62,33,0.846,0.3,zerofill,23.05638899885451,0.6655767960895005
A00043677.npy,62,33,0.846,0.3,cs,30.32893888553117,0.939411993103702
A00043677.npy,62,33,0.846,0.3,ddnm,31.74648592150891,0.9510829160407934
A00043677.npy,62,33,0.846,0.5,zerofill,25.496952711840795,0.732736255887932
A00043677.npy,62,33,0.846,0.5,cs,34.17427448329377,0.9776228493546582
A00043677.npy,62,33,0.846,0.5,ddnm,34.497359383287375,0.9775268931169082
A00043677.npy,68,39,1.0,0.2,zerofill,12.153985585835843,0.35741086134416816
A00043677.npy,68,39,1.0,0.2,cs,13.181909353063887,0.5493655694545989
A00043677.npy,68,39,1.0,0.2,ddnm,28.09357845570109,0.804745334584378
A00043677.npy,68,39,1.0,0.3,zerofill,12.459915764508763,0.445570603960321
A00043677.npy,68,39,1.0,0.3,cs,13.585532932392939,0.6404258537578628
A00043677.npy,68,39,1.0,0.3,ddnm,33.39818344970805,0.8971388715608919
A00043677.npy,68,39,1.0,0.5,zerofill,26.492451591208134,0.7463717113553229
A00043677.npy,68,39,1.0,0.5,cs,35.549625099005,0.9845573332874533
A00043677.npy,68,39,1.0,0.5,ddnm,37.336885235469104,0.9866583376994732
A00043739.npy,29,0,0.0,0.2,zerofill,10.50151665312802,0.30146872103315026
A00043739.npy,29,0,0.0,0.2,cs,11.83495245394955,0.5434209679516194
A00043739.npy,29,0,0.0,0.2,ddnm,10.33444650228224,0.46308314702239833
A00043739.npy,29,0,0.0,0.3,zerofill,20.13067655779412,0.5629197647286537
A00043739.npy,29,0,0.0,0.3,cs,31.47808899848095,0.9362084918934026
A00043739.npy,29,0,0.0,0.3,ddnm,30.498851132885907,0.9509479946461105
A00043739.npy,29,0,0.0,0.5,zerofill,24.846407712245828,0.6673929917431671
A00043739.npy,29,0,0.0,0.5,cs,37.46401249952428,0.9843134476561214
A00043739.npy,29,0,0.0,0.5,ddnm,38.73034203769298,0.9865072553267052
A00043739.npy,35,6,0.154,0.2,zerofill,11.643902425434263,0.3573897577787718
A00043739.npy,35,6,0.154,0.2,cs,12.79074823780072,0.588461603330685
A00043739.npy,35,6,0.154,0.2,ddnm,22.90518455211639,0.7573171915930467
A00043739.npy,35,6,0.154,0.3,zerofill,20.917586579696888,0.5400818284261191
A00043739.npy,35,6,0.154,0.3,cs,30.81694457967719,0.9132778525064146
A00043739.npy,35,6,0.154,0.3,ddnm,31.74436510463778,0.9384035528330865
A00043739.npy,35,6,0.154,0.5,zerofill,23.828385128437453,0.6692935562163708
A00043739.npy,35,6,0.154,0.5,cs,35.28162876951368,0.9754669740896205
A00043739.npy,35,6,0.154,0.5,ddnm,35.38741566277795,0.9760761906129318
A00043739.npy,40,11,0.282,0.2,zerofill,12.029874073266097,0.3606257117219832
A00043739.npy,40,11,0.282,0.2,cs,13.118421012872153,0.5982081118639652
A00043739.npy,40,11,0.282,0.2,ddnm,23.023546494063854,0.7962024434706413
A00043739.npy,40,11,0.282,0.3,zerofill,20.807458655128805,0.5479117031866568
A00043739.npy,40,11,0.282,0.3,cs,29.938127749302197,0.9002893241167417
A00043739.npy,40,11,0.282,0.3,ddnm,34.05205166098146,0.9586377278254642
A00043739.npy,40,11,0.282,0.5,zerofill,13.317610764342295,0.5680135577381135
A00043739.npy,40,11,0.282,0.5,cs,12.891798967444018,0.6976868594058817
A00043739.npy,40,11,0.282,0.5,ddnm,26.83679218550319,0.8865440311604894
A00043739.npy,46,17,0.436,0.2,zerofill,13.159873041905833,0.419356646775425
A00043739.npy,46,17,0.436,0.2,cs,13.36961519406774,0.6281525105384083
A00043739.npy,46,17,0.436,0.2,ddnm,31.29774066546836,0.8867230125049915
A00043739.npy,46,17,0.436,0.3,zerofill,20.846611566263494,0.6170419866446386
A00043739.npy,46,17,0.436,0.3,cs,31.601540683848985,0.939728733726813
A00043739.npy,46,17,0.436,0.3,ddnm,33.686100201274634,0.966984838874021
A00043739.npy,46,17,0.436,0.5,zerofill,27.451185122296664,0.7964945781771499
A00043739.npy,46,17,0.436,0.5,cs,35.334705709199,0.9820594268159436
A00043739.npy,46,17,0.436,0.5,ddnm,36.61181474636821,0.9783010818935216
A00043739.npy,51,22,0.564,0.2,zerofill,16.87607127338967,0.42932767977085173
A00043739.npy,51,22,0.564,0.2,cs,23.866500761575114,0.7477996093716013
A00043739.npy,51,22,0.564,0.2,ddnm,32.513969469746904,0.9117713280480673
A00043739.npy,51,22,0.564,0.3,zerofill,21.13101614102504,0.5870284778523029
A00043739.npy,51,22,0.564,0.3,cs,31.77326874709436,0.9277089634803604
A00043739.npy,51,22,0.564,0.3,ddnm,35.53250395629376,0.9766726191086783
A00043739.npy,51,22,0.564,0.5,zerofill,26.031071607434306,0.7407525807229396
A00043739.npy,51,22,0.564,0.5,cs,36.2354123091971,0.983574454605307
A00043739.npy,51,22,0.564,0.5,ddnm,37.88890125249788,0.9854083020651543
A00043739.npy,57,28,0.718,0.2,zerofill,18.279697071310945,0.4527919426451953
A00043739.npy,57,28,0.718,0.2,cs,26.186274805914294,0.7924196977124115
A00043739.npy,57,28,0.718,0.2,ddnm,32.8397503122592,0.9127861517462734
A00043739.npy,57,28,0.718,0.3,zerofill,13.301029822209863,0.48167148207896676
A00043739.npy,57,28,0.718,0.3,cs,13.659128938703498,0.7086465681276608
A00043739.npy,57,28,0.718,0.3,ddnm,33.646412953497695,0.9280183418295743
A00043739.npy,57,28,0.718,0.5,zerofill,25.074924437832415,0.7004153172048496
A00043739.npy,57,28,0.718,0.5,cs,38.90853052361053,0.9860966356170334
A00043739.npy,57,28,0.718,0.5,ddnm,44.711522864565794,0.994078380014428
A00043739.npy,62,33,0.846,0.2,zerofill,12.01771459481025,0.36518505899273374
A00043739.npy,62,33,0.846,0.2,cs,13.003161229505762,0.6175186858176004
A00043739.npy,62,33,0.846,0.2,ddnm,31.24870441559427,0.8600578116685016
A00043739.npy,62,33,0.846,0.3,zerofill,21.600440855803164,0.585600890892487
A00043739.npy,62,33,0.846,0.3,cs,31.888633138329006,0.9407233060426455
A00043739.npy,62,33,0.846,0.3,ddnm,36.932229358068675,0.9757194250533735
A00043739.npy,62,33,0.846,0.5,zerofill,24.687999485457375,0.689080822717479
A00043739.npy,62,33,0.846,0.5,cs,37.42764719121362,0.983311679187208
A00043739.npy,62,33,0.846,0.5,ddnm,42.05362882516573,0.9932015547946844
A00043739.npy,68,39,1.0,0.2,zerofill,10.871590812028646,0.31203049334321814
A00043739.npy,68,39,1.0,0.2,cs,12.148389662417102,0.5399261963417012
A00043739.npy,68,39,1.0,0.2,ddnm,16.83793379067028,0.6699118485749473
A00043739.npy,68,39,1.0,0.3,zerofill,20.421745806628387,0.5654837795009957
A00043739.npy,68,39,1.0,0.3,cs,31.303961585983636,0.9231478004923825
A00043739.npy,68,39,1.0,0.3,ddnm,35.23814795391867,0.9736917604204468
A00043739.npy,68,39,1.0,0.5,zerofill,23.459082799545303,0.6837473190736693
A00043739.npy,68,39,1.0,0.5,cs,35.28115239309402,0.9809241757273386
A00043739.npy,68,39,1.0,0.5,ddnm,37.74313189626732,0.9895250748936062
A00043788.npy,29,0,0.0,0.2,zerofill,12.534034967391756,0.42316180699474115
A00043788.npy,29,0,0.0,0.2,cs,12.581284122750455,0.5934729398741179
A00043788.npy,29,0,0.0,0.2,ddnm,27.257184954598724,0.7934822559277098
A00043788.npy,29,0,0.0,0.3,zerofill,12.271857904783161,0.4174806610558055
A00043788.npy,29,0,0.0,0.3,cs,12.661152707683868,0.6195497051100873
A00043788.npy,29,0,0.0,0.3,ddnm,28.752785514155185,0.821542671308456
A00043788.npy,29,0,0.0,0.5,zerofill,23.281210460490044,0.6922495426798204
A00043788.npy,29,0,0.0,0.5,cs,35.57007395962983,0.9770295844703424
A00043788.npy,29,0,0.0,0.5,ddnm,35.612881829099386,0.9717506769803287
A00043788.npy,35,6,0.154,0.2,zerofill,19.57636975358148,0.5024190293878531
A00043788.npy,35,6,0.154,0.2,cs,27.44284814295524,0.7977207844146285
A00043788.npy,35,6,0.154,0.2,ddnm,31.302114542329683,0.9095581570673745
A00043788.npy,35,6,0.154,0.3,zerofill,20.723944321852784,0.5165937457050753
A00043788.npy,35,6,0.154,0.3,cs,30.0183685066446,0.8750569686399724
A00043788.npy,35,6,0.154,0.3,ddnm,32.40202145447253,0.9303003019595444
A00043788.npy,35,6,0.154,0.5,zerofill,24.69249741140851,0.7220184126030003
A00043788.npy,35,6,0.154,0.5,cs,36.09346348961236,0.9719704392815879
A00043788.npy,35,6,0.154,0.5,ddnm,37.988447353341854,0.9805403186913877
A00043788.npy,40,11,0.282,0.2,zerofill,19.442321833601934,0.5231575560205247
A00043788.npy,40,11,0.282,0.2,cs,27.094889277331752,0.797829764294199
A00043788.npy,40,11,0.282,0.2,ddnm,31.920128182886845,0.9256131743245855
A00043788.npy,40,11,0.282,0.3,zerofill,14.128497781291856,0.4810156084430593
A00043788.npy,40,11,0.282,0.3,cs,14.52249635036624,0.7030507010589815
A00043788.npy,40,11,0.282,0.3,ddnm,31.559188602243342,0.8945406542005189
A00043788.npy,40,11,0.282,0.5,zerofill,26.71849708776518,0.7530138339962834
A00043788.npy,40,11,0.282,0.5,cs,34.06111037482135,0.9724311717805668
A00043788.npy,40,11,0.282,0.5,ddnm,37.16144174641312,0.977122190441697
A00043788.npy,46,17,0.436,0.2,zerofill,14.088239500826207,0.3998209021042631
A00043788.npy,46,17,0.436,0.2,cs,14.321505728008791,0.58874955148236
A00043788.npy,46,17,0.436,0.2,ddnm,29.52377866630332,0.8469786334215185
A00043788.npy,46,17,0.436,0.3,zerofill,21.656138766079216,0.5919106990136911
A00043788.npy,46,17,0.436,0.3,cs,29.605220600566394,0.9079164960640624
A00043788.npy,46,17,0.436,0.3,ddnm,33.45878358260654,0.9556510302848119
A00043788.npy,46,17,0.436,0.5,zerofill,26.83532064935076,0.757030560069504
A00043788.npy,46,17,0.436,0.5,cs,35.675337806152186,0.9791311362087006
A00043788.npy,46,17,0.436,0.5,ddnm,38.9065755035625,0.985329529104839
A00043788.npy,51,22,0.564,0.2,zerofill,19.21952652183508,0.5404980903898082
A00043788.npy,51,22,0.564,0.2,cs,27.263335408322508,0.8369672426197916
A00043788.npy,51,22,0.564,0.2,ddnm,30.207183912535335,0.9316593859123466
A00043788.npy,51,22,0.564,0.3,zerofill,22.771780063952548,0.6282421466265286
A00043788.npy,51,22,0.564,0.3,cs,30.227888439261065,0.9258398144428078
A00043788.npy,51,22,0.564,0.3,ddnm,31.948145914307684,0.9423505789836835
A00043788.npy,51,22,0.564,0.5,zerofill,27.283218274107202,0.786883854460661
A00043788.npy,51,22,0.564,0.5,cs,35.24903872809049,0.9792601238156288
A00043788.npy,51,22,0.564,0.5,ddnm,37.461910550757,0.9831129187371134
A00043788.npy,57,28,0.718,0.2,zerofill,13.061281501392994,0.41943713242021585
A00043788.npy,57,28,0.718,0.2,cs,14.110905892601284,0.6102181182728755
A00043788.npy,57,28,0.718,0.2,ddnm,30.616922303793732,0.8710960455146713
A00043788.npy,57,28,0.718,0.3,zerofill,22.824625045594765,0.6531236489073129
A00043788.npy,57,28,0.718,0.3,cs,30.767138751159344,0.9515413432148028
A00043788.npy,57,28,0.718,0.3,ddnm,33.48984386922981,0.9641117366314639
A00043788.npy,57,28,0.718,0.5,zerofill,27.41937259505137,0.810659676208943
A00043788.npy,57,28,0.718,0.5,cs,32.256212744351956,0.9749904735070408
A00043788.npy,57,28,0.718,0.5,ddnm,33.91915109046835,0.9746426598210708
A00043788.npy,62,33,0.846,0.2,zerofill,13.065457651447252,0.4017227377244121
A00043788.npy,62,33,0.846,0.2,cs,13.611153873936907,0.6193368630312572
A00043788.npy,62,33,0.846,0.2,ddnm,30.746811145994613,0.8758913848556136
A00043788.npy,62,33,0.846,0.3,zerofill,19.848995652102076,0.5532996341237485
A00043788.npy,62,33,0.846,0.3,cs,28.93210355550221,0.8910969968017184
A00043788.npy,62,33,0.846,0.3,ddnm,32.01262579943,0.9541511388615203
A00043788.npy,62,33,0.846,0.5,zerofill,14.017026551812254,0.5601177238610473
A00043788.npy,62,33,0.846,0.5,cs,13.89644594157463,0.7163854465497869
A00043788.npy,62,33,0.846,0.5,ddnm,38.87115643757136,0.965039356249502
A00043788.npy,68,39,1.0,0.2,zerofill,12.083122049458826,0.4061055577570641
A00043788.npy,68,39,1.0,0.2,cs,12.358007355493296,0.5569650976551472
A00043788.npy,68,39,1.0,0.2,ddnm,30.608945389772252,0.8415642197223095
A00043788.npy,68,39,1.0,0.3,zerofill,12.078859714472133,0.4019520157256054
A00043788.npy,68,39,1.0,0.3,cs,12.402705522589567,0.5979512764894496
A00043788.npy,68,39,1.0,0.3,ddnm,33.42291003297322,0.8823260449591871
A00043788.npy,68,39,1.0,0.5,zerofill,27.99450901752309,0.8043194053373236
A00043788.npy,68,39,1.0,0.5,cs,36.71733106163089,0.9842692910864033
A00043788.npy,68,39,1.0,0.5,ddnm,35.90246776016055,0.9827742831692905
A00044012.npy,29,0,0.0,0.2,zerofill,20.5995685056331,0.5556942415851762
A00044012.npy,29,0,0.0,0.2,cs,28.263713703856638,0.9087889532153967
A00044012.npy,29,0,0.0,0.2,ddnm,27.208809059985782,0.9101912736436174
A00044012.npy,29,0,0.0,0.3,zerofill,12.1189159170655,0.43605618888993436
A00044012.npy,29,0,0.0,0.3,cs,12.108941277799701,0.5717684268762824
A00044012.npy,29,0,0.0,0.3,ddnm,31.263992261739773,0.8913690044863254
A00044012.npy,29,0,0.0,0.5,zerofill,23.94761588426578,0.6721774969553658
A00044012.npy,29,0,0.0,0.5,cs,35.18900695832611,0.9745407361187816
A00044012.npy,29,0,0.0,0.5,ddnm,34.68276376804077,0.9726749959070655
A00044012.npy,35,6,0.154,0.2,zerofill,18.34708437531388,0.46731242523391653
A00044012.npy,35,6,0.154,0.2,cs,26.184514530935154,0.7877512619934162
A00044012.npy,35,6,0.154,0.2,ddnm,30.68785065552764,0.9101016001064541
A00044012.npy,35,6,0.154,0.3,zerofill,12.416873738273068,0.4363611860039647
A00044012.npy,35,6,0.154,0.3,cs,12.54872146115661,0.6067200439052107
A00044012.npy,35,6,0.154,0.3,ddnm,27.905944414453586,0.8237339390211009
A00044012.npy,35,6,0.154,0.5,zerofill,26.46284981652783,0.7036023169114697
A00044012.npy,35,6,0.154,0.5,cs,36.282961060693125,0.9773188173426508
A00044012.npy,35,6,0.154,0.5,ddnm,37.175848574546244,0.9811029303773889
A00044012.npy,40,11,0.282,0.2,zerofill,12.608268792286912,0.4194300011012252
A00044012.npy,40,11,0.282,0.2,cs,13.479031155358763,0.6003433163439905
A00044012.npy,40,11,0.282,0.2,ddnm,25.041301504958135,0.8204687242154648
A00044012.npy,40,11,0.282,0.3,zerofill,21.75589659092513,0.615299610961207
A00044012.npy,40,11,0.282,0.3,cs,30.767980610672915,0.9235352726242245
A00044012.npy,40,11,0.282,0.3,ddnm,33.27392915609904,0.9597282412471198
A00044012.npy,40,11,0.282,0.5,zerofill,26.413202061830326,0.7587230380847477
A00044012.npy,40,11,0.282,0.5,cs,34.678264310537905,0.9761893189472397
A00044012.npy,40,11,0.282,0.5,ddnm,36.24392762325637,0.9811500802544041
A00044012.npy,46,17,0.436,0.2,zerofill,17.578381793525708,0.47480638322786883
A00044012.npy,46,17,0.436,0.2,cs,24.008216872324578,0.7568889539533021
A00044012.npy,46,17,0.436,0.2,ddnm,32.02072489063201,0.9012157518984297
A00044012.npy,46,17,0.436,0.3,zerofill,19.234439852200907,0.601860246174385
A00044012.npy,46,17,0.436,0.3,cs,30.028136242948996,0.9186147056025415
A00044012.npy,46,17,0.436,0.3,ddnm,33.09047441213286,0.9531279986955024
A00044012.npy,46,17,0.436,0.5,zerofill,14.600808361500434,0.6495296543746834
A00044012.npy,46,17,0.436,0.5,cs,14.077898149576091,0.755356915319574
A00044012.npy,46,17,0.436,0.5,ddnm,35.86994970470628,0.9555962102343016
A00044012.npy,51,22,0.564,0.2,zerofill,17.848363264971884,0.46833618689275
A00044012.npy,51,22,0.564,0.2,cs,26.07509184550292,0.7717897947274451
A00044012.npy,51,22,0.564,0.2,ddnm,31.891103838819607,0.9076736228582087
A00044012.npy,51,22,0.564,0.3,zerofill,13.428149903738305,0.5077060907854665
A00044012.npy,51,22,0.564,0.3,cs,14.6660960676267,0.7500481120708556
A00044012.npy,51,22,0.564,0.3,ddnm,19.27873756180443,0.8631283881348473
A00044012.npy,51,22,0.564,0.5,zerofill,27.139465864868697,0.7751633439844264
A00044012.npy,51,22,0.564,0.5,cs,35.83385735878399,0.9815527858296187
A00044012.npy,51,22,0.564,0.5,ddnm,39.49888275504052,0.9877424914969516
A00044012.npy,57,28,0.718,0.2,zerofill,13.262854149782052,0.46159202328802573
A00044012.npy,57,28,0.718,0.2,cs,14.521766186061967,0.7190930342917516
A00044012.npy,57,28,0.718,0.2,ddnm,29.72213693228337,0.8820446653121887
A00044012.npy,57,28,0.718,0.3,zerofill,13.997307725068723,0.4785893367560531
A00044012.npy,57,28,0.718,0.3,cs,14.07910663842677,0.6976262298277818
A00044012.npy,57,28,0.718,0.3,ddnm,34.15042275265088,0.9241930850639086
A00044012.npy,57,28,0.718,0.5,zerofill,24.580702469732017,0.7482382125566653
A00044012.npy,57,28,0.718,0.5,cs,34.84712000533932,0.9804986298476711
A00044012.npy,57,28,0.718,0.5,ddnm,36.39916052709709,0.9812539357414684
A00044012.npy,62,33,0.846,0.2,zerofill,17.598495222855433,0.49538197545609874
A00044012.npy,62,33,0.846,0.2,cs,26.64737531698875,0.8331774717519194
A00044012.npy,62,33,0.846,0.2,ddnm,31.165275457274348,0.9254353968679376
A00044012.npy,62,33,0.846,0.3,zerofill,18.04645041999474,0.5123170650086588
A00044012.npy,62,33,0.846,0.3,cs,29.24216418651099,0.8847511615614174
A00044012.npy,62,33,0.846,0.3,ddnm,35.40265907877163,0.9545664842636218
A00044012.npy,62,33,0.846,0.5,zerofill,27.26276395267969,0.7891993709062485
A00044012.npy,62,33,0.846,0.5,cs,36.56826359196848,0.984191657990834
A00044012.npy,62,33,0.846,0.5,ddnm,40.42303233972724,0.9880719020926674
A00044012.npy,68,39,1.0,0.2,zerofill,12.663676385468793,0.38406673815563386
A00044012.npy,68,39,1.0,0.2,cs,13.860306114358352,0.6317306144341454
A00044012.npy,68,39,1.0,0.2,ddnm,14.01996395783154,0.6419746674569591
A00044012.npy,68,39,1.0,0.3,zerofill,12.512460305381712,0.4454709154796693
A00044012.npy,68,39,1.0,0.3,cs,13.58498109215021,0.6711748438305519
A00044012.npy,68,39,1.0,0.3,ddnm,34.073835145052506,0.9233021903157362
A00044012.npy,68,39,1.0,0.5,zerofill,27.118463442513562,0.7948686473193716
A00044012.npy,68,39,1.0,0.5,cs,36.11325087236792,0.9862124142676264
A00044012.npy,68,39,1.0,0.5,ddnm,39.73191724045241,0.9897672537513011
A00044131.npy,29,0,0.0,0.2,zerofill,18.64483565317645,0.45528019927645863
A00044131.npy,29,0,0.0,0.2,cs,26.95583124625186,0.8388711421354279
A00044131.npy,29,0,0.0,0.2,ddnm,30.686612673095194,0.9286407285966369
A00044131.npy,29,0,0.0,0.3,zerofill,11.736548414301335,0.3702933821431062
A00044131.npy,29,0,0.0,0.3,cs,11.777096451904365,0.5535349268764586
A00044131.npy,29,0,0.0,0.3,ddnm,32.07494027155771,0.8412638533458983
A00044131.npy,29,0,0.0,0.5,zerofill,12.07434320398323,0.48597950027678594
A00044131.npy,29,0,0.0,0.5,cs,11.79639220040107,0.5809180273342515
A00044131.npy,29,0,0.0,0.5,ddnm,20.317674124134225,0.7060011505281238
A00044131.npy,35,6,0.154,0.2,zerofill,12.001925482554526,0.3879463039263551
A00044131.npy,35,6,0.154,0.2,cs,12.504808001835961,0.5781844264791365
A00044131.npy,35,6,0.154,0.2,ddnm,29.80973951937482,0.8754803067680426
A00044131.npy,35,6,0.154,0.3,zerofill,18.709907803422603,0.5132029184741805
A00044131.npy,35,6,0.154,0.3,cs,31.262822546383827,0.8698273521808728
A00044131.npy,35,6,0.154,0.3,ddnm,33.14725867975235,0.9462519428965322
A00044131.npy,35,6,0.154,0.5,zerofill,25.597899879879783,0.7284845179959659
A00044131.npy,35,6,0.154,0.5,cs,36.105791708164105,0.97568103566954
A00044131.npy,35,6,0.154,0.5,ddnm,36.64977691817262,0.9785669255972678
A00044131.npy,40,11,0.282,0.2,zerofill,12.46046421090892,0.3932814835978004
A00044131.npy,40,11,0.282,0.2,cs,13.603446648238362,0.6280731391478226
A00044131.npy,40,11,0.282,0.2,ddnm,13.58263160184783,0.6545458458565312
A00044131.npy,40,11,0.282,0.3,zerofill,18.05733597993107,0.5392348544587393
A00044131.npy,40,11,0.282,0.3,cs,29.056042322020083,0.8770451367029545
A00044131.npy,40,11,0.282,0.3,ddnm,31.70232163273308,0.9344150223492679
A00044131.npy,40,11,0.282,0.5,zerofill,26.84286172812653,0.7811674699129713
A00044131.npy,40,11,0.282,0.5,cs,35.523197233699044,0.9767395658250843
A00044131.npy,40,11,0.282,0.5,ddnm,37.95010780927517,0.9849022559319027
A00044131.npy,46,17,0.436,0.2,zerofill,18.293929620304322,0.5168506417108819
A00044131.npy,46,17,0.436,0.2,cs,25.80496182839601,0.8263840641844161
A00044131.npy,46,17,0.436,0.2,ddnm,30.47967141405451,0.9030442089362991
A00044131.npy,46,17,0.436,0.3,zerofill,18.96423954664662,0.6101291742847154
A00044131.npy,46,17,0.436,0.3,cs,30.602595275383166,0.923650656290927
A00044131.npy,46,17,0.436,0.3,ddnm,34.98864227168015,0.9531483905061027
A00044131.npy,46,17,0.436,0.5,zerofill,25.898490310643258,0.7448316446857893
A00044131.npy,46,17,0.436,0.5,cs,35.666111095460735,0.9796581118818382
A00044131.npy,46,17,0.436,0.5,ddnm,38.5720975360831,0.9861200946580656
A00044131.npy,51,22,0.564,0.2,zerofill,19.018201859247185,0.4837153128833334
A00044131.npy,51,22,0.564,0.2,cs,25.28509058358496,0.7561511248108616
A00044131.npy,51,22,0.564,0.2,ddnm,31.46141833006226,0.9061445043329925
A00044131.npy,51,22,0.564,0.3,zerofill,13.67481290967141,0.5098184182996577
A00044131.npy,51,22,0.564,0.3,cs,13.681327762889406,0.7135728224669527
A00044131.npy,51,22,0.564,0.3,ddnm,30.83039272674865,0.9351464709834173
A00044131.npy,51,22,0.564,0.5,zerofill,24.7257176716829,0.7799593498159447
A00044131.npy,51,22,0.564,0.5,cs,31.98740116034649,0.9702722497536703
A00044131.npy,51,22,0.564,0.5,ddnm,35.70076189977131,0.9805123322643089
A00044131.npy,57,28,0.718,0.2,zerofill,13.360833214067151,0.402210727505119
A00044131.npy,57,28,0.718,0.2,cs,13.698108351584201,0.6064340082104912
A00044131.npy,57,28,0.718,0.2,ddnm,31.30345876047719,0.8940507641236841
A00044131.npy,57,28,0.718,0.3,zerofill,13.48378803154419,0.43157576734656394
A00044131.npy,57,28,0.718,0.3,cs,13.93390963700176,0.6786403584314584
A00044131.npy,57,28,0.718,0.3,ddnm,31.96158828466924,0.909368247592667
A00044131.npy,57,28,0.718,0.5,zerofill,25.526075009759065,0.766479319709597
A00044131.npy,57,28,0.718,0.5,cs,35.27272756296985,0.9820320528662355
A00044131.npy,57,28,0.718,0.5,ddnm,39.351516927067635,0.9893015826126479
A00044131.npy,62,33,0.846,0.2,zerofill,12.753651043703453,0.4013667639690429
A00044131.npy,62,33,0.846,0.2,cs,13.665039258472067,0.6199839122213622
A00044131.npy,62,33,0.846,0.2,ddnm,31.497079595834357,0.8829159681619944
A00044131.npy,62,33,0.846,0.3,zerofill,21.21745444473835,0.5784217769252018
A00044131.npy,62,33,0.846,0.3,cs,29.314509537537358,0.9387276765831101
A00044131.npy,62,33,0.846,0.3,ddnm,33.25856277275705,0.9715716874037209
A00044131.npy,62,33,0.846,0.5,zerofill,28.17588615636092,0.8418319576160341
A00044131.npy,62,33,0.846,0.5,cs,33.55320618326954,0.9817327604326501
A00044131.npy,62,33,0.846,0.5,ddnm,37.47252547511175,0.9855188864176391
A00044131.npy,68,39,1.0,0.2,zerofill,17.586071929530053,0.4847531785934693
A00044131.npy,68,39,1.0,0.2,cs,24.71313379500421,0.7729345161906233
A00044131.npy,68,39,1.0,0.2,ddnm,31.20636496366312,0.9252016133829266
A00044131.npy,68,39,1.0,0.3,zerofill,21.50551741345285,0.6100914155487415
A00044131.npy,68,39,1.0,0.3,cs,28.564084266907983,0.9223255856571836
A00044131.npy,68,39,1.0,0.3,ddnm,33.133995369660134,0.968161926021886
A00044131.npy,68,39,1.0,0.5,zerofill,22.92736681587219,0.6632001371232804
A00044131.npy,68,39,1.0,0.5,cs,34.62170086498358,0.9745725833362099
A00044131.npy,68,39,1.0,0.5,ddnm,39.42489282337594,0.9915185610883116
A00044307.npy,29,0,0.0,0.2,zerofill,11.79211327389957,0.34737747164504335
A00044307.npy,29,0,0.0,0.2,cs,12.09815690756609,0.5338629256224824
A00044307.npy,29,0,0.0,0.2,ddnm,21.974764406225162,0.6219063137168439
A00044307.npy,29,0,0.0,0.3,zerofill,22.763670493524796,0.6046985582945771
A00044307.npy,29,0,0.0,0.3,cs,31.78817197139408,0.9359973181931123
A00044307.npy,29,0,0.0,0.3,ddnm,30.907850238233703,0.9398941287800401
A00044307.npy,29,0,0.0,0.5,zerofill,23.42962843086361,0.7019662931883481
A00044307.npy,29,0,0.0,0.5,cs,36.20915039388556,0.9712297686107119
A00044307.npy,29,0,0.0,0.5,ddnm,36.13681403527078,0.971737052669643
A00044307.npy,35,6,0.154,0.2,zerofill,12.95018147336474,0.42130996139220445
A00044307.npy,35,6,0.154,0.2,cs,13.13312822875131,0.5822488375338205
A00044307.npy,35,6,0.154,0.2,ddnm,25.938399237738047,0.7686032084607675
A00044307.npy,35,6,0.154,0.3,zerofill,13.317003403403405,0.5104666062202995
A00044307.npy,35,6,0.154,0.3,cs,13.131754850596034,0.6703534438744674
A00044307.npy,35,6,0.154,0.3,ddnm,26.275525650790648,0.8580626148103043
A00044307.npy,35,6,0.154,0.5,zerofill,13.793655843318493,0.6152065241088486
A00044307.npy,35,6,0.154,0.5,cs,13.174349891930273,0.7222565207469351
A00044307.npy,35,6,0.154,0.5,ddnm,34.51272786918105,0.9566411812301926
A00044307.npy,40,11,0.282,0.2,zerofill,20.999549425316125,0.5392493727248088
A00044307.npy,40,11,0.282,0.2,cs,26.891094639356776,0.7743272298928956
A00044307.npy,40,11,0.282,0.2,ddnm,29.756294372845588,0.8511302524317107
A00044307.npy,40,11,0.282,0.3,zerofill,20.655941743957364,0.6223548079531233
A00044307.npy,40,11,0.282,0.3,cs,31.143062644713883,0.908049518675477
A00044307.npy,40,11,0.282,0.3,ddnm,34.35883560970593,0.950409760164561
A00044307.npy,40,11,0.282,0.5,zerofill,25.219341686603386,0.7214470586813128
A00044307.npy,40,11,0.282,0.5,cs,35.458904303286275,0.969349470623268
A00044307.npy,40,11,0.282,0.5,ddnm,38.12857899286811,0.9821463274005856
A00044307.npy,46,17,0.436,0.2,zerofill,19.52151110656075,0.5043446274715075
A00044307.npy,46,17,0.436,0.2,cs,26.776169819276262,0.7908922917053386
A00044307.npy,46,17,0.436,0.2,ddnm,29.953846409122935,0.8609895299017846
A00044307.npy,46,17,0.436,0.3,zerofill,20.036277474073373,0.5713912506397201
A00044307.npy,46,17,0.436,0.3,cs,29.421166592011136,0.8760047224811429
A00044307.npy,46,17,0.436,0.3,ddnm,34.391394821598986,0.9313903155866025
A00044307.npy,46,17,0.436,0.5,zerofill,27.1934871014277,0.7889233220529934
A00044307.npy,46,17,0.436,0.5,cs,35.63684323948029,0.97424803715869
A00044307.npy,46,17,0.436,0.5,ddnm,38.31101544450178,0.9809442952223216
A00044307.npy,51,22,0.564,0.2,zerofill,14.236736314525178,0.4533239619003132
A00044307.npy,51,22,0.564,0.2,cs,14.603236906709762,0.6575662165051898
A00044307.npy,51,22,0.564,0.2,ddnm,25.919212024679545,0.7963578789181759
A00044307.npy,51,22,0.564,0.3,zerofill,21.303602697124248,0.6187624765524138
A00044307.npy,51,22,0.564,0.3,cs,30.52910305474677,0.9186727665034362
A00044307.npy,51,22,0.564,0.3,ddnm,32.47032511056358,0.9549368502823968
A00044307.npy,51,22,0.564,0.5,zerofill,25.745265849558066,0.7746672020855043
A00044307.npy,51,22,0.564,0.5,cs,33.582394930448366,0.9704465340143152
A00044307.npy,51,22,0.564,0.5,ddnm,35.54271517464312,0.9783093385023957
A00044307.npy,57,28,0.718,0.2,zerofill,14.264598532856109,0.45264003016320237
A00044307.npy,57,28,0.718,0.2,cs,14.776255591388372,0.6805408255351223
A00044307.npy,57,28,0.718,0.2,ddnm,29.44996618235765,0.8939352265444755
A00044307.npy,57,28,0.718,0.3,zerofill,14.726987315682276,0.517397038577144
A00044307.npy,57,28,0.718,0.3,cs,14.89940055927761,0.7517723078954364
A00044307.npy,57,28,0.718,0.3,ddnm,24.8516031881819,0.8650397271179068
A00044307.npy,57,28,0.718,0.5,zerofill,25.760694397812635,0.7391710140406287
A00044307.npy,57,28,0.718,0.5,cs,32.46614665079173,0.9696412747728347
A00044307.npy,57,28,0.718,0.5,ddnm,33.456520508806015,0.9732407141167513
A00044307.npy,62,33,0.846,0.2,zerofill,12.8637602651756,0.420467413977375
A00044307.npy,62,33,0.846,0.2,cs,13.826564432636637,0.621416448823608
A00044307.npy,62,33,0.846,0.2,ddnm,29.169733738431507,0.8427387618408952
A00044307.npy,62,33,0.846,0.3,zerofill,21.909408906592432,0.6191033146700036
A00044307.npy,62,33,0.846,0.3,cs,30.64261132602969,0.911523280109138
A00044307.npy,62,33,0.846,0.3,ddnm,32.62492230853914,0.942724906695014
A00044307.npy,62,33,0.846,0.5,zerofill,27.089289365569066,0.7644352648752368
A00044307.npy,62,33,0.846,0.5,cs,35.759037887573506,0.9767509775556117
A00044307.npy,62,33,0.846,0.5,ddnm,37.3746956840815,0.9814126406288441
A00044307.npy,68,39,1.0,0.2,zerofill,13.478479290349462,0.3892936900955872
A00044307.npy,68,39,1.0,0.2,cs,13.631515221738868,0.5626591686155141
A00044307.npy,68,39,1.0,0.2,ddnm,26.708305019449952,0.78968240243819
A00044307.npy,68,39,1.0,0.3,zerofill,13.561492709560635,0.48016289206771157
A00044307.npy,68,39,1.0,0.3,cs,13.911637992465511,0.7008639778156043
A00044307.npy,68,39,1.0,0.3,ddnm,30.405135095180505,0.9039907385353615
A00044307.npy,68,39,1.0,0.5,zerofill,25.85396749945117,0.7521215356149038
A00044307.npy,68,39,1.0,0.5,cs,34.71671729303673,0.9809083912168194
A00044307.npy,68,39,1.0,0.5,ddnm,34.65887295921925,0.9787535175853312
A00044370.npy,29,0,0.0,0.2,zerofill,18.73859654019931,0.46979809228992986
A00044370.npy,29,0,0.0,0.2,cs,26.885709121093676,0.8348354612532437
A00044370.npy,29,0,0.0,0.2,ddnm,30.758762541791672,0.9357924997702429
A00044370.npy,29,0,0.0,0.3,zerofill,12.100702069985038,0.3791416865764188
A00044370.npy,29,0,0.0,0.3,cs,12.343840188271049,0.6106710391131575
A00044370.npy,29,0,0.0,0.3,ddnm,24.422058176171664,0.8097863393968125
A00044370.npy,29,0,0.0,0.5,zerofill,22.93220098975013,0.6398095795777886
A00044370.npy,29,0,0.0,0.5,cs,36.54179135246457,0.9758998890019687
A00044370.npy,29,0,0.0,0.5,ddnm,39.99957012277293,0.9883817683437824
A00044370.npy,35,6,0.154,0.2,zerofill,17.29269424080359,0.4162164485997483
A00044370.npy,35,6,0.154,0.2,cs,23.910735266409596,0.7345153006846529
A00044370.npy,35,6,0.154,0.2,ddnm,30.521415483102352,0.8751932915977911
A00044370.npy,35,6,0.154,0.3,zerofill,12.432738999218994,0.4565689696457213
A00044370.npy,35,6,0.154,0.3,cs,12.845781459070524,0.6567189932056425
A00044370.npy,35,6,0.154,0.3,ddnm,31.567105419943037,0.8975233571662462
A00044370.npy,35,6,0.154,0.5,zerofill,27.81016021991738,0.799562058085413
A00044370.npy,35,6,0.154,0.5,cs,36.55549730952778,0.9793801220297589
A00044370.npy,35,6,0.154,0.5,ddnm,39.0526714354564,0.9820266839830634
A00044370.npy,40,11,0.282,0.2,zerofill,12.58633389831713,0.3935217531955925
A00044370.npy,40,11,0.282,0.2,cs,12.890183829522684,0.5934872286216276
A00044370.npy,40,11,0.282,0.2,ddnm,32.0395876391365,0.8798584735035512
A00044370.npy,40,11,0.282,0.3,zerofill,21.334682682767937,0.5748781431585893
A00044370.npy,40,11,0.282,0.3,cs,30.78829331909896,0.915713231762317
A00044370.npy,40,11,0.282,0.3,ddnm,33.83430337441975,0.9518689678957372
A00044370.npy,40,11,0.282,0.5,zerofill,27.15752859692416,0.7722349043362878
A00044370.npy,40,11,0.282,0.5,cs,37.158066631438366,0.9814952237732274
A00044370.npy,40,11,0.282,0.5,ddnm,40.1782375878569,0.9861548774923505
A00044370.npy,46,17,0.436,0.2,zerofill,13.486837199610928,0.43973031004965674
A00044370.npy,46,17,0.436,0.2,cs,13.624271409290126,0.6362168472866159
A00044370.npy,46,17,0.436,0.2,ddnm,29.57093746037973,0.861148163794398
A00044370.npy,46,17,0.436,0.3,zerofill,20.526270067497734,0.5795338827208907
A00044370.npy,46,17,0.436,0.3,cs,32.1982097330618,0.9219292643995847
A00044370.npy,46,17,0.436,0.3,ddnm,36.41471980026817,0.9733382887543609
A00044370.npy,46,17,0.436,0.5,zerofill,26.18843400584295,0.7451624366643685
A00044370.npy,46,17,0.436,0.5,cs,38.38475796075514,0.9859265178978619
A00044370.npy,46,17,0.436,0.5,ddnm,42.00976529016744,0.9906999844075595
A00044370.npy,51,22,0.564,0.2,zerofill,13.141973685998883,0.4240740909879684
A00044370.npy,51,22,0.564,0.2,cs,13.47164186403986,0.656921948517322
A00044370.npy,51,22,0.564,0.2,ddnm,32.023125612612574,0.8988173499411071
A00044370.npy,51,22,0.564,0.3,zerofill,23.686323789547643,0.6685908026775055
A00044370.npy,51,22,0.564,0.3,cs,31.09771199864893,0.958444160111679
A00044370.npy,51,22,0.564,0.3,ddnm,33.16841173502914,0.965091348303098
A00044370.npy,51,22,0.564,0.5,zerofill,25.560604917413585,0.7331319860747353
A00044370.npy,51,22,0.564,0.5,cs,36.590310908971006,0.981904298303365
A00044370.npy,51,22,0.564,0.5,ddnm,40.26884219495959,0.9892087192608765
A00044370.npy,57,28,0.718,0.2,zerofill,12.34384409545819,0.41861573831454335
A00044370.npy,57,28,0.718,0.2,cs,13.242762200365723,0.6571839431605164
A00044370.npy,57,28,0.718,0.2,ddnm,31.10634799217465,0.8942279494353774
A00044370.npy,57,28,0.718,0.3,zerofill,18.617835980684283,0.5449642175124793
A00044370.npy,57,28,0.718,0.3,cs,31.310616341236987,0.9205570057468992
A00044370.npy,57,28,0.718,0.3,ddnm,36.30643812053495,0.9743689745304182
A00044370.npy,57,28,0.718,0.5,zerofill,24.579758015145032,0.7423188469688178
A00044370.npy,57,28,0.718,0.5,cs,37.43562109090694,0.9826974085111895
A00044370.npy,57,28,0.718,0.5,ddnm,43.48757741412192,0.9919234278765265
A00044370.npy,62,33,0.846,0.2,zerofill,17.763302453577353,0.487979206312809
A00044370.npy,62,33,0.846,0.2,cs,27.822940506738423,0.8691577994684145
A00044370.npy,62,33,0.846,0.2,ddnm,32.94668607817368,0.9596237401004697
A00044370.npy,62,33,0.846,0.3,zerofill,22.196897923130585,0.6165121044403093
A00044370.npy,62,33,0.846,0.3,cs,31.263133130467754,0.9433719359700701
A00044370.npy,62,33,0.846,0.3,ddnm,36.84669840688461,0.9802609481492116
A00044370.npy,62,33,0.846,0.5,zerofill,26.003933330679878,0.7115883052483495
A00044370.npy,62,33,0.846,0.5,cs,34.65246931876325,0.9817884257846672
A00044370.npy,62,33,0.846,0.5,ddnm,38.46371246325551,0.9866979143987
A00044370.npy,68,39,1.0,0.2,zerofill,19.320880962893078,0.5023176011281925
A00044370.npy,68,39,1.0,0.2,cs,26.81100942604326,0.8415511294975887
A00044370.npy,68,39,1.0,0.2,ddnm,33.18095822075287,0.9393672801512155
A00044370.npy,68,39,1.0,0.3,zerofill,12.213537807408699,0.43362549776171255
A00044370.npy,68,39,1.0,0.3,cs,12.125760761829099,0.5958713254945007
A00044370.npy,68,39,1.0,0.3,ddnm,32.39817209427744,0.8671084408891342
A00044370.npy,68,39,1.0,0.5,zerofill,26.26860302452136,0.7648374663025278
A00044370.npy,68,39,1.0,0.5,cs,37.53161084644367,0.9867030515429859
A00044370.npy,68,39,1.0,0.5,ddnm,42.16436081150719,0.9945522861450599
A00050847.npy,29,0,0.0,0.2,zerofill,11.740114669160228,0.3667765120314718
A00050847.npy,29,0,0.0,0.2,cs,12.138503047732865,0.5497422991648798
A00050847.npy,29,0,0.0,0.2,ddnm,25.564895198613296,0.7020981290511706
A00050847.npy,29,0,0.0,0.3,zerofill,12.097383342128643,0.3705458847715769
A00050847.npy,29,0,0.0,0.3,cs,12.165079496631435,0.5624765906794247
A00050847.npy,29,0,0.0,0.3,ddnm,29.187028469693992,0.781993010712828
A00050847.npy,29,0,0.0,0.5,zerofill,12.303578185136995,0.4663843528113532
A00050847.npy,29,0,0.0,0.5,cs,12.225910137594367,0.6077937376762561
A00050847.npy,29,0,0.0,0.5,ddnm,36.31030018470509,0.9124845886256098
A00050847.npy,35,6,0.154,0.2,zerofill,12.80955635445477,0.46690791640626733
A00050847.npy,35,6,0.154,0.2,cs,12.77058558148635,0.6243175375453958
A00050847.npy,35,6,0.154,0.2,ddnm,26.198814929725405,0.8153187617335695
A00050847.npy,35,6,0.154,0.3,zerofill,20.393796405742997,0.5392598375379265
A00050847.npy,35,6,0.154,0.3,cs,30.884764480902405,0.9045144662066285
A00050847.npy,35,6,0.154,0.3,ddnm,31.874438803101675,0.9185685420224132
A00050847.npy,35,6,0.154,0.5,zerofill,25.29357390356057,0.6793826503836963
A00050847.npy,35,6,0.154,0.5,cs,36.57601620058462,0.974456029989424
A00050847.npy,35,6,0.154,0.5,ddnm,38.49663899386836,0.9820914217234619
A00050847.npy,40,11,0.282,0.2,zerofill,12.39552257474637,0.3892608789957998
A00050847.npy,40,11,0.282,0.2,cs,13.240120317294098,0.6005620401162088
A00050847.npy,40,11,0.282,0.2,ddnm,30.440904750869265,0.858393671615282
A00050847.npy,40,11,0.282,0.3,zerofill,22.943168469614683,0.6547957880123448
A00050847.npy,40,11,0.282,0.3,cs,30.719924802986135,0.9295211827887527
A00050847.npy,40,11,0.282,0.3,ddnm,30.802138924555113,0.9310525752939645
A00050847.npy,40,11,0.282,0.5,zerofill,27.665674550377936,0.8009785931267458
A00050847.npy,40,11,0.282,0.5,cs,34.31146171331329,0.9754764127918739
A00050847.npy,40,11,0.282,0.5,ddnm,35.04089834550482,0.9763143592682041
A00050847.npy,46,17,0.436,0.2,zerofill,12.969920630274547,0.3992531133012603
A00050847.npy,46,17,0.436,0.2,cs,13.46636389871179,0.606560543597118
A00050847.npy,46,17,0.436,0.2,ddnm,26.31631665026434,0.8020393632676976
A00050847.npy,46,17,0.436,0.3,zerofill,18.730241741301516,0.5638736654741191
A00050847.npy,46,17,0.436,0.3,cs,31.775184047250526,0.9202884999863469
A00050847.npy,46,17,0.436,0.3,ddnm,34.8397317991478,0.960624408017913
A00050847.npy,46,17,0.436,0.5,zerofill,27.798376966539887,0.7803213831191961
A00050847.npy,46,17,0.436,0.5,cs,37.26326752174734,0.9816933083529435
A00050847.npy,46,17,0.436,0.5,ddnm,39.58599685484132,0.9843750536457821
A00050847.npy,51,22,0.564,0.2,zerofill,13.25852125650446,0.441702866494411
A00050847.npy,51,22,0.564,0.2,cs,13.603703548288095,0.646082238869812
A00050847.npy,51,22,0.564,0.2,ddnm,29.13973276456181,0.853056955509923
A00050847.npy,51,22,0.564,0.3,zerofill,20.35078158826031,0.5951337624608025
A00050847.npy,51,22,0.564,0.3,cs,32.00042170230448,0.927162401222976
A00050847.npy,51,22,0.564,0.3,ddnm,34.62398621606298,0.9696171693313638
A00050847.npy,51,22,0.564,0.5,zerofill,24.512292725120275,0.747040134540718
A00050847.npy,51,22,0.564,0.5,cs,37.03858762007875,0.9816908911531314
A00050847.npy,51,22,0.564,0.5,ddnm,39.416516032738485,0.9876873826057928
A00050847.npy,57,28,0.718,0.2,zerofill,12.653355227569861,0.40374968576676973
A00050847.npy,57,28,0.718,0.2,cs,14.422700580392062,0.7049945363406827
A00050847.npy,57,28,0.718,0.2,ddnm,28.007395601177404,0.8917355124278755
A00050847.npy,57,28,0.718,0.3,zerofill,20.062109383470535,0.5557971501410318
A00050847.npy,57,28,0.718,0.3,cs,31.634304592459806,0.9360441209398485
A00050847.npy,57,28,0.718,0.3,ddnm,34.527126313438146,0.9756109780504062
A00050847.npy,57,28,0.718,0.5,zerofill,25.52452726852524,0.7400272908194796
A00050847.npy,57,28,0.718,0.5,cs,36.28026102669565,0.9857499057913108
A00050847.npy,57,28,0.718,0.5,ddnm,37.262962651843424,0.9855586803230154
A00050847.npy,62,33,0.846,0.2,zerofill,15.786548282404416,0.46196961827096406
A00050847.npy,62,33,0.846,0.2,cs,26.716163866624992,0.8253718489379684
A00050847.npy,62,33,0.846,0.2,ddnm,30.46389906221783,0.9336429106407478
A00050847.npy,62,33,0.846,0.3,zerofill,18.168353460915405,0.5334841251514865
A00050847.npy,62,33,0.846,0.3,cs,31.747122076913264,0.922817433644882
A00050847.npy,62,33,0.846,0.3,ddnm,33.999168706689545,0.9563147456487062
A00050847.npy,62,33,0.846,0.5,zerofill,22.395015863787062,0.5946439100941063
A00050847.npy,62,33,0.846,0.5,cs,36.278531205236916,0.97626509373065
A00050847.npy,62,33,0.846,0.5,ddnm,37.601030121104976,0.985347671959388
A00050847.npy,68,39,1.0,0.2,zerofill,17.20787479378913,0.44751878082725244
A00050847.npy,68,39,1.0,0.2,cs,26.657380190865005,0.8089896526666147
A00050847.npy,68,39,1.0,0.2,ddnm,32.03700210264707,0.9416114062719594
A00050847.npy,68,39,1.0,0.3,zerofill,12.916600901979189,0.3974839467023202
A00050847.npy,68,39,1.0,0.3,cs,13.174718106322963,0.6052142644495782
A00050847.npy,68,39,1.0,0.3,ddnm,31.84048323359725,0.8869362471625709
A00050847.npy,68,39,1.0,0.5,zerofill,22.646601993225012,0.6681401355808275
A00050847.npy,68,39,1.0,0.5,cs,35.83431363946305,0.9781370797494636
A00050847.npy,68,39,1.0,0.5,ddnm,36.972919310963675,0.9890303932604884
A00051539.npy,29,0,0.0,0.2,zerofill,11.15147905179727,0.2918180274173728
A00051539.npy,29,0,0.0,0.2,cs,11.4573295224975,0.47849119460548234
A00051539.npy,29,0,0.0,0.2,ddnm,28.716590251111317,0.7525817078341263
A00051539.npy,29,0,0.0,0.3,zerofill,20.551431521808276,0.5441709611991524
A00051539.npy,29,0,0.0,0.3,cs,31.940569249816217,0.9611866773456311
A00051539.npy,29,0,0.0,0.3,ddnm,30.656747267072475,0.960953793134285
A00051539.npy,29,0,0.0,0.5,zerofill,23.09742349669772,0.6414013995542505
A00051539.npy,29,0,0.0,0.5,cs,37.45046793304,0.9789895932261452
A00051539.npy,29,0,0.0,0.5,ddnm,37.11356130367153,0.9863468257971137
A00051539.npy,35,6,0.154,0.2,zerofill,15.669533865705601,0.40369958343044
A00051539.npy,35,6,0.154,0.2,cs,23.407980596603206,0.7800233376734613
A00051539.npy,35,6,0.154,0.2,ddnm,29.65964609825562,0.8710585269457276
A00051539.npy,35,6,0.154,0.3,zerofill,17.799579365877,0.49885644264768586
A00051539.npy,35,6,0.154,0.3,cs,31.58516586419551,0.892104091188322
A00051539.npy,35,6,0.154,0.3,ddnm,33.8595417747463,0.944280215650917
A00051539.npy,35,6,0.154,0.5,zerofill,26.271089688553264,0.7196420318206714
A00051539.npy,35,6,0.154,0.5,cs,37.01173937153491,0.976359251885605
A00051539.npy,35,6,0.154,0.5,ddnm,38.49024431450944,0.9798871404107172
A00051539.npy,40,11,0.282,0.2,zerofill,12.568933743658409,0.3734589477149825
A00051539.npy,40,11,0.282,0.2,cs,12.956998050155137,0.5718466614685098
A00051539.npy,40,11,0.282,0.2,ddnm,30.89513495439549,0.8740659199877312
A00051539.npy,40,11,0.282,0.3,zerofill,12.54270609087812,0.4535516472629594
A00051539.npy,40,11,0.282,0.3,cs,13.068300275948463,0.6552408400983036
A00051539.npy,40,11,0.282,0.3,ddnm,32.03869896109452,0.8985800017166989
A00051539.npy,40,11,0.282,0.5,zerofill,13.418012063473345,0.5795711040588163
A00051539.npy,40,11,0.282,0.5,cs,13.058324210910524,0.6996258587174158
A00051539.npy,40,11,0.282,0.5,ddnm,35.014598550244116,0.9295086942911468
A00051539.npy,46,17,0.436,0.2,zerofill,13.359709008110894,0.40705115867055625
A00051539.npy,46,17,0.436,0.2,cs,13.698186337955532,0.633521739415326
A00051539.npy,46,17,0.436,0.2,ddnm,29.652547061875755,0.8483400543512427
A00051539.npy,46,17,0.436,0.3,zerofill,13.524910673205905,0.4804216383277507
A00051539.npy,46,17,0.436,0.3,cs,13.755003115744122,0.7157103221853137
A00051539.npy,46,17,0.436,0.3,ddnm,31.384743765942464,0.9204486399224227
A00051539.npy,46,17,0.436,0.5,zerofill,27.691498319999948,0.791194359031805
A00051539.npy,46,17,0.436,0.5,cs,35.12202386471116,0.9827198010639809
A00051539.npy,46,17,0.436,0.5,ddnm,37.06683988002023,0.9827168421482918
A00051539.npy,51,22,0.564,0.2,zerofill,13.106014238710863,0.41620790922403683
A00051539.npy,51,22,0.564,0.2,cs,13.59931600713374,0.6372179436081896
A00051539.npy,51,22,0.564,0.2,ddnm,33.23483364262498,0.9242980315564493
A00051539.npy,51,22,0.564,0.3,zerofill,13.501738601390617,0.4540064320878477
A00051539.npy,51,22,0.564,0.3,cs,13.675291348830601,0.7076724383194084
A00051539.npy,51,22,0.564,0.3,ddnm,33.4533599187928,0.9226584419982548
A00051539.npy,51,22,0.564,0.5,zerofill,13.891621206210887,0.5914997269251352
A00051539.npy,51,22,0.564,0.5,cs,13.644342934484486,0.7427930767499767
A00051539.npy,51,22,0.564,0.5,ddnm,40.151880579289696,0.9761445829942642
A00051539.npy,57,28,0.718,0.2,zerofill,12.449667483525955,0.3775428413488961
A00051539.npy,57,28,0.718,0.2,cs,13.859733617567588,0.6563826488653848
A00051539.npy,57,28,0.718,0.2,ddnm,15.028845016637401,0.6949425310641734
A00051539.npy,57,28,0.718,0.3,zerofill,12.91675170124842,0.4011181283793559
A00051539.npy,57,28,0.718,0.3,cs,13.999814642914409,0.7143049483308792
A00051539.npy,57,28,0.718,0.3,ddnm,15.681456909898984,0.7454142691243104
A00051539.npy,57,28,0.718,0.5,zerofill,25.656507181940448,0.7104034969832566
A00051539.npy,57,28,0.718,0.5,cs,38.85189205152489,0.9875314367799405
A00051539.npy,57,28,0.718,0.5,ddnm,43.63179152115039,0.9931359833581446
A00051539.npy,62,33,0.846,0.2,zerofill,18.209708874718107,0.4537995710181627
A00051539.npy,62,33,0.846,0.2,cs,27.700952944010062,0.8539309180350421
A00051539.npy,62,33,0.846,0.2,ddnm,34.99529975622335,0.9685394272540596
A00051539.npy,62,33,0.846,0.3,zerofill,13.210782762330815,0.4333879567570869
A00051539.npy,62,33,0.846,0.3,cs,13.44116585958327,0.6804935138607155
A00051539.npy,62,33,0.846,0.3,ddnm,28.82812127883841,0.8538147694654252
A00051539.npy,62,33,0.846,0.5,zerofill,24.87138616006655,0.6764602702199796
A00051539.npy,62,33,0.846,0.5,cs,38.38386941382938,0.9866372178604256
A00051539.npy,62,33,0.846,0.5,ddnm,43.46899436467914,0.9923182330771307
A00051539.npy,68,39,1.0,0.2,zerofill,11.468846176401277,0.37492912373022025
A00051539.npy,68,39,1.0,0.2,cs,12.525140588128798,0.5792610407899579
A00051539.npy,68,39,1.0,0.2,ddnm,28.055817527130223,0.8197357971799375
A00051539.npy,68,39,1.0,0.3,zerofill,12.353628779401634,0.40534719829567967
A00051539.npy,68,39,1.0,0.3,cs,12.600821308474199,0.6092919398547818
A00051539.npy,68,39,1.0,0.3,ddnm,32.45583991885197,0.877472883820718
A00051539.npy,68,39,1.0,0.5,zerofill,26.30061560693892,0.7338952613584382
A00051539.npy,68,39,1.0,0.5,cs,37.1475807482346,0.987759476690259
A00051539.npy,68,39,1.0,0.5,ddnm,40.369893910771346,0.9910282429885364
A00051679.npy,29,0,0.0,0.2,zerofill,11.205498365312694,0.3297538086909971
A00051679.npy,29,0,0.0,0.2,cs,11.612961010360678,0.5040748069274346
A00051679.npy,29,0,0.0,0.2,ddnm,25.43471847144296,0.71676176536804
A00051679.npy,29,0,0.0,0.3,zerofill,11.792860842456605,0.3941330881986101
A00051679.npy,29,0,0.0,0.3,cs,11.665991074436013,0.5641161878990207
A00051679.npy,29,0,0.0,0.3,ddnm,26.102364484166944,0.7607073597559939
A00051679.npy,29,0,0.0,0.5,zerofill,28.37318724562186,0.8024450231624332
A00051679.npy,29,0,0.0,0.5,cs,35.16422366691289,0.9750750159538903
A00051679.npy,29,0,0.0,0.5,ddnm,33.73604880736676,0.9599999742253562
A00051679.npy,35,6,0.154,0.2,zerofill,19.748135890942216,0.5095286316618775
A00051679.npy,35,6,0.154,0.2,cs,28.456994793460094,0.8166135741645274
A00051679.npy,35,6,0.154,0.2,ddnm,30.234902926421455,0.8737800558420783
A00051679.npy,35,6,0.154,0.3,zerofill,19.16740883737966,0.6172588351238798
A00051679.npy,35,6,0.154,0.3,cs,32.61343054168576,0.9201688093804794
A00051679.npy,35,6,0.154,0.3,ddnm,32.71603104519369,0.9320819323476494
A00051679.npy,35,6,0.154,0.5,zerofill,25.876637802111023,0.7466388562183228
A00051679.npy,35,6,0.154,0.5,cs,36.39499685291368,0.9692499185683298
A00051679.npy,35,6,0.154,0.5,ddnm,35.91329483955388,0.9665173388671183
A00051679.npy,40,11,0.282,0.2,zerofill,17.50987724912164,0.5220975910339246
A00051679.npy,40,11,0.282,0.2,cs,23.34693970751973,0.7995277085251159
A00051679.npy,40,11,0.282,0.2,ddnm,31.830322513602045,0.9076798679755119
A00051679.npy,40,11,0.282,0.3,zerofill,12.407417081333985,0.5002086702647902
A00051679.npy,40,11,0.282,0.3,cs,13.522614328213862,0.7027662890476724
A00051679.npy,40,11,0.282,0.3,ddnm,21.135372709154474,0.8483793678430921
A00051679.npy,40,11,0.282,0.5,zerofill,27.90720084775725,0.7983917699633011
A00051679.npy,40,11,0.282,0.5,cs,36.35637798812467,0.9733380739870202
A00051679.npy,40,11,0.282,0.5,ddnm,38.87968813489474,0.98180174721053
A00051679.npy,46,17,0.436,0.2,zerofill,19.676600880835245,0.5464350752962641
A00051679.npy,46,17,0.436,0.2,cs,28.95125486066453,0.8324616036312271
A00051679.npy,46,17,0.436,0.2,ddnm,32.33599183016029,0.9104486929112082
A00051679.npy,46,17,0.436,0.3,zerofill,21.454212505146696,0.6462741918875538
A00051679.npy,46,17,0.436,0.3,cs,32.65889091554628,0.927973467002662
A00051679.npy,46,17,0.436,0.3,ddnm,35.23346838910805,0.9561083315621618
A00051679.npy,46,17,0.436,0.5,zerofill,27.26684703457775,0.7534531552932238
A00051679.npy,46,17,0.436,0.5,cs,37.54684963042106,0.9773594320332994
A00051679.npy,46,17,0.436,0.5,ddnm,41.94865260689943,0.9879018541658735
A00051679.npy,51,22,0.564,0.2,zerofill,13.644146785634215,0.42349433663587954
A00051679.npy,51,22,0.564,0.2,cs,13.970125692059202,0.6347013757110593
A00051679.npy,51,22,0.564,0.2,ddnm,26.992484662466314,0.795621839726133
A00051679.npy,51,22,0.564,0.3,zerofill,20.757078448971672,0.6176139416046752
A00051679.npy,51,22,0.564,0.3,cs,31.150698928588124,0.9245959796307789
A00051679.npy,51,22,0.564,0.3,ddnm,34.169875811594736,0.9566500897298286
A00051679.npy,51,22,0.564,0.5,zerofill,26.84750423815276,0.7704700673439782
A00051679.npy,51,22,0.564,0.5,cs,36.259749242199995,0.9794689045057153
A00051679.npy,51,22,0.564,0.5,ddnm,39.762891557159755,0.9843273923597936
A00051679.npy,57,28,0.718,0.2,zerofill,12.54055703532481,0.40169328614009
A00051679.npy,57,28,0.718,0.2,cs,13.986297547395639,0.6270288786260435
A00051679.npy,57,28,0.718,0.2,ddnm,26.01037239690867,0.8300236245896092
A00051679.npy,57,28,0.718,0.3,zerofill,18.986026073725487,0.6225445075268689
A00051679.npy,57,28,0.718,0.3,cs,31.388243943787156,0.9234473985774772
A00051679.npy,57,28,0.718,0.3,ddnm,33.370291538171514,0.956759307300234
A00051679.npy,57,28,0.718,0.5,zerofill,25.155024951193703,0.7763752110980229
A00051679.npy,57,28,0.718,0.5,cs,33.56487875495173,0.9748736502934578
A00051679.npy,57,28,0.718,0.5,ddnm,35.97121198131567,0.9788107408034933
A00051679.npy,62,33,0.846,0.2,zerofill,12.519894104212145,0.41408090688533855
A00051679.npy,62,33,0.846,0.2,cs,13.695725423703418,0.6503424344339486
A00051679.npy,62,33,0.846,0.2,ddnm,31.69494290350317,0.8688895376897233
A00051679.npy,62,33,0.846,0.3,zerofill,21.135263000149696,0.61861447166257
A00051679.npy,62,33,0.846,0.3,cs,31.811159108189404,0.9275174622967823
A00051679.npy,62,33,0.846,0.3,ddnm,35.983599036496344,0.9726450907122028
A00051679.npy,62,33,0.846,0.5,zerofill,26.9562213269848,0.7466099121994786
A00051679.npy,62,33,0.846,0.5,cs,35.64683989253579,0.981249243077076
A00051679.npy,62,33,0.846,0.5,ddnm,39.041852781867924,0.9858145261925736
A00051679.npy,68,39,1.0,0.2,zerofill,12.49326104807222,0.3732356475788279
A00051679.npy,68,39,1.0,0.2,cs,12.786138841650363,0.5493236273837252
A00051679.npy,68,39,1.0,0.2,ddnm,27.561179613220254,0.7964529197560951
A00051679.npy,68,39,1.0,0.3,zerofill,12.943845745069499,0.44744802463239636
A00051679.npy,68,39,1.0,0.3,cs,12.956399725815338,0.6415027465380623
A00051679.npy,68,39,1.0,0.3,ddnm,31.016331910832964,0.8751259213546229
A00051679.npy,68,39,1.0,0.5,zerofill,24.500090129228344,0.7047157154374696
A00051679.npy,68,39,1.0,0.5,cs,36.09668793660098,0.982340887421179
A00051679.npy,68,39,1.0,0.5,ddnm,37.81338540627628,0.9887823448870586
A00051691.npy,29,0,0.0,0.2,zerofill,18.562332881367258,0.4453781834334528
A00051691.npy,29,0,0.0,0.2,cs,28.473131148444306,0.8654000160154941
A00051691.npy,29,0,0.0,0.2,ddnm,29.558287049425616,0.9231636302264843
A00051691.npy,29,0,0.0,0.3,zerofill,11.27731697819634,0.357963943147328
A00051691.npy,29,0,0.0,0.3,cs,11.43506996024681,0.543930295162713
A00051691.npy,29,0,0.0,0.3,ddnm,25.105892247811205,0.7368879250566871
A00051691.npy,29,0,0.0,0.5,zerofill,26.674937923266175,0.7344294266829813
A00051691.npy,29,0,0.0,0.5,cs,35.68411340749632,0.9818677409173853
A00051691.npy,29,0,0.0,0.5,ddnm,35.6761757830895,0.9772062639384717
A00051691.npy,35,6,0.154,0.2,zerofill,18.792259599890667,0.4503241820625173
A00051691.npy,35,6,0.154,0.2,cs,28.051136315028153,0.8323873965681856
A00051691.npy,35,6,0.154,0.2,ddnm,28.2889166908903,0.864765019564603
A00051691.npy,35,6,0.154,0.3,zerofill,17.962941092843145,0.538642556045156
A00051691.npy,35,6,0.154,0.3,cs,28.2830250462292,0.9174878646376088
A00051691.npy,35,6,0.154,0.3,ddnm,32.18698541535542,0.9334925082671133
A00051691.npy,35,6,0.154,0.5,zerofill,26.80473800645455,0.7245515082178533
A00051691.npy,35,6,0.154,0.5,cs,37.0531366923678,0.9747515954547785
A00051691.npy,35,6,0.154,0.5,ddnm,37.38084175322117,0.974582761049559
A00051691.npy,40,11,0.282,0.2,zerofill,11.571154386589214,0.3667319976992846
A00051691.npy,40,11,0.282,0.2,cs,12.663623410989803,0.597676372338154
A00051691.npy,40,11,0.282,0.2,ddnm,12.787457977099095,0.62291245194608
A00051691.npy,40,11,0.282,0.3,zerofill,12.247744519118438,0.41579642555917046
A00051691.npy,40,11,0.282,0.3,cs,12.22845323796988,0.6185990452062607
A00051691.npy,40,11,0.282,0.3,ddnm,30.024838871422624,0.8503886417139624
A00051691.npy,40,11,0.282,0.5,zerofill,12.682990082578172,0.5320989073555092
A00051691.npy,40,11,0.282,0.5,cs,12.200733779225681,0.6532657347002088
A00051691.npy,40,11,0.282,0.5,ddnm,27.088908068281054,0.8641752019395426
A00051691.npy,46,17,0.436,0.2,zerofill,11.977363425822142,0.38156244314192295
A00051691.npy,46,17,0.436,0.2,cs,12.334320882249672,0.5913369613635713
A00051691.npy,46,17,0.436,0.2,ddnm,33.69182003669578,0.8958063304256092
A00051691.npy,46,17,0.436,0.3,zerofill,17.508689050640044,0.48697265092883063
A00051691.npy,46,17,0.436,0.3,cs,28.21000973561962,0.8841106957537982
A00051691.npy,46,17,0.436,0.3,ddnm,37.84227961227967,0.9686424344441673
A00051691.npy,46,17,0.436,0.5,zerofill,27.360768959998897,0.7637668301640952
A00051691.npy,46,17,0.436,0.5,cs,39.54851324466437,0.9832189757876485
A00051691.npy,46,17,0.436,0.5,ddnm,44.574362159957474,0.9914770025706874
A00051691.npy,51,22,0.564,0.2,zerofill,11.84366891822326,0.4043305672531118
A00051691.npy,51,22,0.564,0.2,cs,12.113637148747777,0.5946500548865854
A00051691.npy,51,22,0.564,0.2,ddnm,33.204941076773665,0.8828883291770536
A00051691.npy,51,22,0.564,0.3,zerofill,18.450970345627184,0.5377605694588282
A00051691.npy,51,22,0.564,0.3,cs,29.42763193753589,0.9172870914755378
A00051691.npy,51,22,0.564,0.3,ddnm,37.49190784829111,0.9711985305988863
A00051691.npy,51,22,0.564,0.5,zerofill,27.899017027710006,0.7713940789557902
A00051691.npy,51,22,0.564,0.5,cs,38.45498730513496,0.9817507219103132
A00051691.npy,51,22,0.564,0.5,ddnm,42.61464533536035,0.9900462957831424
A00051691.npy,57,28,0.718,0.2,zerofill,11.456136654790924,0.3406843471295443
A00051691.npy,57,28,0.718,0.2,cs,12.704639382484476,0.5902514341275749
A00051691.npy,57,28,0.718,0.2,ddnm,33.624381588807935,0.8804169756246971
A00051691.npy,57,28,0.718,0.3,zerofill,23.530879179054054,0.6379950975336786
A00051691.npy,57,28,0.718,0.3,cs,32.54215019420809,0.9383451558491358
A00051691.npy,57,28,0.718,0.3,ddnm,38.22387728177843,0.9724885086015616
A00051691.npy,57,28,0.718,0.5,zerofill,12.699443730576885,0.5426432990587933
A00051691.npy,57,28,0.718,0.5,cs,12.269095928421274,0.654674636267484
A00051691.npy,57,28,0.718,0.5,ddnm,29.905915113190016,0.8807634596738667
A00051691.npy,62,33,0.846,0.2,zerofill,11.023090273297651,0.3094999985758138
A00051691.npy,62,33,0.846,0.2,cs,12.514696475086485,0.5709832777063112
A00051691.npy,62,33,0.846,0.2,ddnm,14.67319471064071,0.6348150496285515
A00051691.npy,62,33,0.846,0.3,zerofill,21.180472380526844,0.5691430553144894
A00051691.npy,62,33,0.846,0.3,cs,32.47973219097259,0.9267868905512676
A00051691.npy,62,33,0.846,0.3,ddnm,38.18207065707104,0.971965026347684
A00051691.npy,62,33,0.846,0.5,zerofill,27.87257093202264,0.7955688157775113
A00051691.npy,62,33,0.846,0.5,cs,35.28383873270101,0.9794887765076685
A00051691.npy,62,33,0.846,0.5,ddnm,39.757711779959855,0.9836023630425674
A00051691.npy,68,39,1.0,0.2,zerofill,10.479705982893439,0.31268145054808133
A00051691.npy,68,39,1.0,0.2,cs,11.795644537781364,0.5104517918175338
A00051691.npy,68,39,1.0,0.2,ddnm,20.203422045506958,0.656080312511413
A00051691.npy,68,39,1.0,0.3,zerofill,21.233169706598467,0.5719512723720517
A00051691.npy,68,39,1.0,0.3,cs,31.78221063271917,0.9133736933572771
A00051691.npy,68,39,1.0,0.3,ddnm,36.76227425334862,0.9719545740461003
A00051691.npy,68,39,1.0,0.5,zerofill,23.417921961339015,0.6523107897528088
A00051691.npy,68,39,1.0,0.5,cs,35.796828362489975,0.9738643081501843
A00051691.npy,68,39,1.0,0.5,ddnm,40.05777701675645,0.986353442705597
A00051758.npy,29,0,0.0,0.2,zerofill,11.385763090471308,0.32946737115094865
A00051758.npy,29,0,0.0,0.2,cs,11.975958760638758,0.5109441143091389
A00051758.npy,29,0,0.0,0.2,ddnm,29.924446828584976,0.8001875766082193
A00051758.npy,29,0,0.0,0.3,zerofill,11.542735152789314,0.36117017547349023
A00051758.npy,29,0,0.0,0.3,cs,12.039712922491736,0.5565610260789441
A00051758.npy,29,0,0.0,0.3,ddnm,33.02599582591758,0.8533048478416444
A00051758.npy,29,0,0.0,0.5,zerofill,26.558680926557614,0.7298246514583014
A00051758.npy,29,0,0.0,0.5,cs,35.76488722357911,0.9804592590455694
A00051758.npy,29,0,0.0,0.5,ddnm,35.311664953415665,0.9731103739961762
A00051758.npy,35,6,0.154,0.2,zerofill,12.181642087492587,0.39530736458039006
A00051758.npy,35,6,0.154,0.2,cs,12.64731365334116,0.5809955719844649
A00051758.npy,35,6,0.154,0.2,ddnm,25.58951487240746,0.7349272843515884
A00051758.npy,35,6,0.154,0.3,zerofill,12.235842982795468,0.41720356965594513
A00051758.npy,35,6,0.154,0.3,cs,12.710194086269786,0.6175023974957131
A00051758.npy,35,6,0.154,0.3,ddnm,30.506256284106158,0.8490158834926899
A00051758.npy,35,6,0.154,0.5,zerofill,26.645134844741442,0.7567709925357139
A00051758.npy,35,6,0.154,0.5,cs,34.59054396053515,0.9730153781845184
A00051758.npy,35,6,0.154,0.5,ddnm,33.8539988460255,0.9651337059250252
A00051758.npy,40,11,0.282,0.2,zerofill,11.576504930029365,0.379547909800028
A00051758.npy,40,11,0.282,0.2,cs,12.934384951291136,0.5902328148389808
A00051758.npy,40,11,0.282,0.2,ddnm,20.43405635821943,0.7810431739625248
A00051758.npy,40,11,0.282,0.3,zerofill,18.035597923072594,0.5180275469978388
A00051758.npy,40,11,0.282,0.3,cs,26.7784970958325,0.8817083692296767
A00051758.npy,40,11,0.282,0.3,ddnm,33.829954885782236,0.9655646111008237
A00051758.npy,40,11,0.282,0.5,zerofill,13.007906508308944,0.5902655446739723
A00051758.npy,40,11,0.282,0.5,cs,12.897275905704612,0.6800821437533737
A00051758.npy,40,11,0.282,0.5,ddnm,35.456622975722695,0.9440824478720504
A00051758.npy,46,17,0.436,0.2,zerofill,12.648429244103482,0.44631378524440796
A00051758.npy,46,17,0.436,0.2,cs,12.908739023227565,0.6142444137736673
A00051758.npy,46,17,0.436,0.2,ddnm,32.89106590362391,0.9061804275416104
A00051758.npy,46,17,0.436,0.3,zerofill,12.938352870937507,0.4735573258856143
A00051758.npy,46,17,0.436,0.3,cs,12.9307249691777,0.6503772306995887
A00051758.npy,46,17,0.436,0.3,ddnm,35.52089645457143,0.9441156964393689
A00051758.npy,46,17,0.436,0.5,zerofill,28.442123938983592,0.7926723455597998
A00051758.npy,46,17,0.436,0.5,cs,36.883163240373214,0.979855634117921
A00051758.npy,46,17,0.436,0.5,ddnm,40.09733543958896,0.9870547960359414
A00051758.npy,51,22,0.564,0.2,zerofill,12.283752241947319,0.42649552945095404
A00051758.npy,51,22,0.564,0.2,cs,13.517928348799037,0.6313573102593154
A00051758.npy,51,22,0.564,0.2,ddnm,22.419506036468206,0.7923477319560022
A00051758.npy,51,22,0.564,0.3,zerofill,18.091873960810187,0.5411192390719678
A00051758.npy,51,22,0.564,0.3,cs,28.011576827588478,0.8837837179138099
A00051758.npy,51,22,0.564,0.3,ddnm,36.64231441814702,0.9653434186004497
A00051758.npy,51,22,0.564,0.5,zerofill,21.620198161358818,0.658886183944422
A00051758.npy,51,22,0.564,0.5,cs,36.45259146455877,0.9648282063088248
A00051758.npy,51,22,0.564,0.5,ddnm,41.431112654673214,0.9923392376474269
A00051758.npy,57,28,0.718,0.2,zerofill,12.285104918026171,0.39964299149213006
A00051758.npy,57,28,0.718,0.2,cs,12.49744251641718,0.5805741613962462
A00051758.npy,57,28,0.718,0.2,ddnm,32.92877888380163,0.8887885567546692
A00051758.npy,57,28,0.718,0.3,zerofill,12.216829699170145,0.4455690134787448
A00051758.npy,57,28,0.718,0.3,cs,12.574408762920623,0.6423972199147758
A00051758.npy,57,28,0.718,0.3,ddnm,35.17786680587679,0.9220179372502891
A00051758.npy,57,28,0.718,0.5,zerofill,26.875683365977842,0.7256607358273881
A00051758.npy,57,28,0.718,0.5,cs,37.43986771575309,0.9838621721004036
A00051758.npy,57,28,0.718,0.5,ddnm,41.94816723646022,0.9907787580847003
A00051758.npy,62,33,0.846,0.2,zerofill,11.773120185129898,0.3602331670643688
A00051758.npy,62,33,0.846,0.2,cs,12.977836622429193,0.6073381934420139
A00051758.npy,62,33,0.846,0.2,ddnm,29.32746287515638,0.8727609067734804
A00051758.npy,62,33,0.846,0.3,zerofill,12.446907676995178,0.46089155735232523
A00051758.npy,62,33,0.846,0.3,cs,12.727550204148237,0.6343322621096751
A00051758.npy,62,33,0.846,0.3,ddnm,24.207218179718083,0.802056853207931
A00051758.npy,62,33,0.846,0.5,zerofill,23.3154651408378,0.6723679534789357
A00051758.npy,62,33,0.846,0.5,cs,35.07977301009963,0.9764238412331042
A00051758.npy,62,33,0.846,0.5,ddnm,40.775396568298916,0.990962865587461
A00051758.npy,68,39,1.0,0.2,zerofill,17.256820555632444,0.4335581083681378
A00051758.npy,68,39,1.0,0.2,cs,26.495579252567012,0.7679702425097761
A00051758.npy,68,39,1.0,0.2,ddnm,33.62119712995878,0.9508364585515345
A00051758.npy,68,39,1.0,0.3,zerofill,17.61512637542137,0.5145605248787964
A00051758.npy,68,39,1.0,0.3,cs,29.078146212115126,0.9182508597608472
A00051758.npy,68,39,1.0,0.3,ddnm,33.971583597014245,0.9700168802176903
A00051758.npy,68,39,1.0,0.5,zerofill,12.607395427524464,0.5370818944236145
A00051758.npy,68,39,1.0,0.5,cs,12.479211955685908,0.627355030277983
A00051758.npy,68,39,1.0,0.5,ddnm,37.87320090525278,0.9518675029325857
A00051835.npy,29,0,0.0,0.2,zerofill,10.35903284210772,0.29805413306667145
A00051835.npy,29,0,0.0,0.2,cs,11.759710415625161,0.5149743692886634
A00051835.npy,29,0,0.0,0.2,ddnm,12.044822956829819,0.5383422119972772
A00051835.npy,29,0,0.0,0.3,zerofill,17.423379926388336,0.5130409770802336
A00051835.npy,29,0,0.0,0.3,cs,33.20629245633149,0.915674315912169
A00051835.npy,29,0,0.0,0.3,ddnm,32.28487256992603,0.9560689579828616
A00051835.npy,29,0,0.0,0.5,zerofill,28.620947623697234,0.8099612225796546
A00051835.npy,29,0,0.0,0.5,cs,36.0965241113496,0.9852428768742184
A00051835.npy,29,0,0.0,0.5,ddnm,33.80935836267199,0.9741639249733589
A00051835.npy,35,6,0.154,0.2,zerofill,12.198033250140057,0.37920879190188556
A00051835.npy,35,6,0.154,0.2,cs,12.417317083731552,0.5744324824511263
A00051835.npy,35,6,0.154,0.2,ddnm,29.9120355823373,0.8487191745168906
A00051835.npy,35,6,0.154,0.3,zerofill,17.474598978181056,0.5020455526592267
A00051835.npy,35,6,0.154,0.3,cs,31.451062625220594,0.8979494341230383
A00051835.npy,35,6,0.154,0.3,ddnm,34.10107248024633,0.9499182548455031
A00051835.npy,35,6,0.154,0.5,zerofill,27.53184867261301,0.7764610016157361
A00051835.npy,35,6,0.154,0.5,cs,36.12015579276711,0.9762350602780769
A00051835.npy,35,6,0.154,0.5,ddnm,38.7347201184297,0.9825039715119441
A00051835.npy,40,11,0.282,0.2,zerofill,17.41939693128343,0.43723464954059965
A00051835.npy,40,11,0.282,0.2,cs,25.85061395471712,0.7980309062655159
A00051835.npy,40,11,0.282,0.2,ddnm,32.07950415575806,0.926510343191461
A00051835.npy,40,11,0.282,0.3,zerofill,21.757142796976197,0.6299861042399945
A00051835.npy,40,11,0.282,0.3,cs,32.55620873035098,0.944338609148853
A00051835.npy,40,11,0.282,0.3,ddnm,34.19981301412268,0.965908221441935
A00051835.npy,40,11,0.282,0.5,zerofill,27.579845312938755,0.787819506235047
A00051835.npy,40,11,0.282,0.5,cs,35.9803789010269,0.9792447817386463
A00051835.npy,40,11,0.282,0.5,ddnm,38.14008080612466,0.9837810901729243
A00051835.npy,46,17,0.436,0.2,zerofill,11.839489969273947,0.3439152875833032
A00051835.npy,46,17,0.436,0.2,cs,13.48957807364201,0.5933544297287917
A00051835.npy,46,17,0.436,0.2,ddnm,12.011284679445895,0.6716385575466146
A00051835.npy,46,17,0.436,0.3,zerofill,20.761063831881273,0.5499927833750815
A00051835.npy,46,17,0.436,0.3,cs,31.658384927798533,0.9269399703323873
A00051835.npy,46,17,0.436,0.3,ddnm,35.80798178324486,0.968877760213378
A00051835.npy,46,17,0.436,0.5,zerofill,26.43371727255362,0.7285637088770482
A00051835.npy,46,17,0.436,0.5,cs,36.130381082553214,0.9822117685791114
A00051835.npy,46,17,0.436,0.5,ddnm,37.33432437514666,0.9854277888955175
A00051835.npy,51,22,0.564,0.2,zerofill,18.620499226996362,0.4740652092008012
A00051835.npy,51,22,0.564,0.2,cs,27.671482315722912,0.8464253678980708
A00051835.npy,51,22,0.564,0.2,ddnm,30.643248683258264,0.9447759583810666
A00051835.npy,51,22,0.564,0.3,zerofill,19.405614372057684,0.5363219231330252
A00051835.npy,51,22,0.564,0.3,cs,30.377627258652254,0.9036164064292196
A00051835.npy,51,22,0.564,0.3,ddnm,33.957517495382916,0.9683048300358981
A00051835.npy,51,22,0.564,0.5,zerofill,23.672551323847742,0.6914461617487334
A00051835.npy,51,22,0.564,0.5,cs,36.87312765073339,0.9817208300588176
A00051835.npy,51,22,0.564,0.5,ddnm,39.701477194251346,0.9905874407906521
A00051835.npy,57,28,0.718,0.2,zerofill,11.991489974167944,0.34974125814698903
A00051835.npy,57,28,0.718,0.2,cs,13.18519869230852,0.5966274347143302
A00051835.npy,57,28,0.718,0.2,ddnm,31.3264816421705,0.8499331002015279
A00051835.npy,57,28,0.718,0.3,zerofill,12.809253111313918,0.37507486026658626
A00051835.npy,57,28,0.718,0.3,cs,13.51080934715166,0.648894850857395
A00051835.npy,57,28,0.718,0.3,ddnm,33.91603599665653,0.9020365649487375
A00051835.npy,57,28,0.718,0.5,zerofill,24.70293818908042,0.7231680099789873
A00051835.npy,57,28,0.718,0.5,cs,36.265241136761276,0.9844734282206541
A00051835.npy,57,28,0.718,0.5,ddnm,38.639935621176946,0.9875029308225352
A00051835.npy,62,33,0.846,0.2,zerofill,18.06751893129398,0.43715880499135845
A00051835.npy,62,33,0.846,0.2,cs,26.842062202149492,0.8397007740798009
A00051835.npy,62,33,0.846,0.2,ddnm,31.599711314985658,0.9478199548170358
A00051835.npy,62,33,0.846,0.3,zerofill,19.151021284621756,0.5120615306846614
A00051835.npy,62,33,0.846,0.3,cs,31.21898232468221,0.9117432911538671
A00051835.npy,62,33,0.846,0.3,ddnm,34.716420572406385,0.976723299301446
A00051835.npy,62,33,0.846,0.5,zerofill,22.11655936232343,0.6377822183455133
A00051835.npy,62,33,0.846,0.5,cs,37.220447731098375,0.977536258114278
A00051835.npy,62,33,0.846,0.5,ddnm,39.74422084876147,0.9902568418783899
A00051835.npy,68,39,1.0,0.2,zerofill,11.747309676603281,0.36356049805648044
A00051835.npy,68,39,1.0,0.2,cs,12.329106709992196,0.5573676275553355
A00051835.npy,68,39,1.0,0.2,ddnm,21.52589185164765,0.6772243081139956
A00051835.npy,68,39,1.0,0.3,zerofill,11.952426928707634,0.4172278045879349
A00051835.npy,68,39,1.0,0.3,cs,12.415949466222552,0.5874468760807359
A00051835.npy,68,39,1.0,0.3,ddnm,35.28829822008092,0.9044742383477317
A00051835.npy,68,39,1.0,0.5,zerofill,23.279393150401685,0.6771380853472249
A00051835.npy,68,39,1.0,0.5,cs,35.86428121906178,0.9821604309632105
A00051835.npy,68,39,1.0,0.5,ddnm,36.59957944828035,0.9879927260601467
A00051882.npy,29,0,0.0,0.2,zerofill,11.0995344345337,0.3503589924155679
A00051882.npy,29,0,0.0,0.2,cs,11.874121794641503,0.5369556545905735
A00051882.npy,29,0,0.0,0.2,ddnm,19.52333520426706,0.6359479687168135
A00051882.npy,29,0,0.0,0.3,zerofill,17.484787378965613,0.5076661126209253
A00051882.npy,29,0,0.0,0.3,cs,27.540122405022846,0.9134119343296899
A00051882.npy,29,0,0.0,0.3,ddnm,33.93899554675829,0.9616943402048145
A00051882.npy,29,0,0.0,0.5,zerofill,23.90886598164049,0.6839046244102893
A00051882.npy,29,0,0.0,0.5,cs,36.19688296349087,0.9795030397061409
A00051882.npy,29,0,0.0,0.5,ddnm,36.97277022449476,0.9825032922736869
A00051882.npy,35,6,0.154,0.2,zerofill,11.487447750718223,0.3563657948247819
A00051882.npy,35,6,0.154,0.2,cs,12.82660603737568,0.596376275319012
A00051882.npy,35,6,0.154,0.2,ddnm,28.336900664414593,0.8439635166323207
A00051882.npy,35,6,0.154,0.3,zerofill,19.53987716940644,0.5205355485164154
A00051882.npy,35,6,0.154,0.3,cs,32.10349442334668,0.9030904012975738
A00051882.npy,35,6,0.154,0.3,ddnm,34.39820980890314,0.9587059638467216
A00051882.npy,35,6,0.154,0.5,zerofill,25.4385522250639,0.6923032124560338
A00051882.npy,35,6,0.154,0.5,cs,36.883688043725144,0.9763033244277289
A00051882.npy,35,6,0.154,0.5,ddnm,39.56899030407895,0.9837845195344109
A00051882.npy,40,11,0.282,0.2,zerofill,12.310859675284537,0.39517255779580096
A00051882.npy,40,11,0.282,0.2,cs,13.615368956371746,0.6282606049605489
A00051882.npy,40,11,0.282,0.2,ddnm,12.557715780782203,0.6170072000202034
A00051882.npy,40,11,0.282,0.3,zerofill,19.260433575081596,0.538177750696546
A00051882.npy,40,11,0.282,0.3,cs,31.45296025318597,0.905081214469594
A00051882.npy,40,11,0.282,0.3,ddnm,35.86206012580356,0.9701521854604389
A00051882.npy,40,11,0.282,0.5,zerofill,27.184040163658434,0.7784248323444962
A00051882.npy,40,11,0.282,0.5,cs,36.02600580007512,0.9799099388109103
A00051882.npy,40,11,0.282,0.5,ddnm,39.14541047360715,0.9858287290335342
A00051882.npy,46,17,0.436,0.2,zerofill,12.840793362421476,0.4071660779995043
A00051882.npy,46,17,0.436,0.2,cs,13.400509370586601,0.5975009280097028
A00051882.npy,46,17,0.436,0.2,ddnm,25.111899018029433,0.7990245177261371
A00051882.npy,46,17,0.436,0.3,zerofill,18.08560441665765,0.4913184073827975
A00051882.npy,46,17,0.436,0.3,cs,29.234654911235744,0.8917514341589272
A00051882.npy,46,17,0.436,0.3,ddnm,37.2001571352289,0.9712358195874294
A00051882.npy,46,17,0.436,0.5,zerofill,21.546156976409932,0.7052299514128897
A00051882.npy,46,17,0.436,0.5,cs,35.134572722825396,0.9771689512786671
A00051882.npy,46,17,0.436,0.5,ddnm,38.4947796021886,0.9861545226957426
A00051882.npy,51,22,0.564,0.2,zerofill,18.589697924955264,0.46500633581654943
A00051882.npy,51,22,0.564,0.2,cs,26.754419524992812,0.8122650269845446
A00051882.npy,51,22,0.564,0.2,ddnm,32.233316097780346,0.9371993346512718
A00051882.npy,51,22,0.564,0.3,zerofill,21.5095440737856,0.6001943887152924
A00051882.npy,51,22,0.564,0.3,cs,31.71252834818786,0.9494587340820415
A00051882.npy,51,22,0.564,0.3,ddnm,35.15085209038352,0.972043363878529
A00051882.npy,51,22,0.564,0.5,zerofill,28.38988676449144,0.8457690744841753
A00051882.npy,51,22,0.564,0.5,cs,34.365009518262944,0.9845180179171907
A00051882.npy,51,22,0.564,0.5,ddnm,36.58551174285364,0.9863337013701283
A00051882.npy,57,28,0.718,0.2,zerofill,19.118764651447545,0.49469502603862203
A00051882.npy,57,28,0.718,0.2,cs,24.895448678544692,0.8211957351774507
A00051882.npy,57,28,0.718,0.2,ddnm,31.63726439537911,0.9432564851850695
A00051882.npy,57,28,0.718,0.3,zerofill,18.673671716324964,0.5322593514741035
A00051882.npy,57,28,0.718,0.3,cs,31.245353426606425,0.913113504724046
A00051882.npy,57,28,0.718,0.3,ddnm,36.89702016180793,0.9750096481819045
A00051882.npy,57,28,0.718,0.5,zerofill,25.482531546759787,0.760191615182607
A00051882.npy,57,28,0.718,0.5,cs,34.436101158879985,0.9830390499047265
A00051882.npy,57,28,0.718,0.5,ddnm,37.8669369943544,0.9872842074377631
A00051882.npy,62,33,0.846,0.2,zerofill,18.58969088173037,0.46016136978334726
A00051882.npy,62,33,0.846,0.2,cs,27.749304758024053,0.8446292837303508
A00051882.npy,62,33,0.846,0.2,ddnm,33.26841056469763,0.9723244051688527
A00051882.npy,62,33,0.846,0.3,zerofill,17.623537232479233,0.49977257561723104
A00051882.npy,62,33,0.846,0.3,cs,31.492892595594935,0.9037170829979747
A00051882.npy,62,33,0.846,0.3,ddnm,35.249173725558144,0.9648808084310174
A00051882.npy,62,33,0.846,0.5,zerofill,25.429075272950644,0.7326296422119585
A00051882.npy,62,33,0.846,0.5,cs,38.289334410536036,0.9868922020936647
A00051882.npy,62,33,0.846,0.5,ddnm,42.37561971725768,0.9933954422527089
A00051882.npy,68,39,1.0,0.2,zerofill,11.699286093250691,0.330655100081488
A00051882.npy,68,39,1.0,0.2,cs,12.160675063974448,0.4834996081869599
A00051882.npy,68,39,1.0,0.2,ddnm,27.946428595083272,0.7748460915506294
A00051882.npy,68,39,1.0,0.3,zerofill,12.03379235467613,0.3821809276748433
A00051882.npy,68,39,1.0,0.3,cs,12.385242164743316,0.5820866129695346
A00051882.npy,68,39,1.0,0.3,ddnm,33.874336455828534,0.9101761355055048
A00051882.npy,68,39,1.0,0.5,zerofill,24.842235297353255,0.6791929218151609
A00051882.npy,68,39,1.0,0.5,cs,37.04965248696509,0.9852680683944918
A00051882.npy,68,39,1.0,0.5,ddnm,41.509023087219916,0.9930886987619777
A00051927.npy,29,0,0.0,0.2,zerofill,10.86623247868937,0.2682266424878042
A00051927.npy,29,0,0.0,0.2,cs,11.341721603006924,0.46096544653623345
A00051927.npy,29,0,0.0,0.2,ddnm,26.001825922727072,0.6893622914090897
A00051927.npy,29,0,0.0,0.3,zerofill,16.246953534951423,0.4233050081154809
A00051927.npy,29,0,0.0,0.3,cs,28.639272007005133,0.8807758398442155
A00051927.npy,29,0,0.0,0.3,ddnm,35.598383058092814,0.9763965672885689
A00051927.npy,29,0,0.0,0.5,zerofill,26.03054193786424,0.6930716156147536
A00051927.npy,29,0,0.0,0.5,cs,37.66369232528511,0.9868630013480939
A00051927.npy,29,0,0.0,0.5,ddnm,40.21397019645892,0.9890537338771348
A00051927.npy,35,6,0.154,0.2,zerofill,11.280592038295643,0.33276886339632933
A00051927.npy,35,6,0.154,0.2,cs,12.2459221078807,0.563282580998755
A00051927.npy,35,6,0.154,0.2,ddnm,29.082190580393874,0.8162582735722502
A00051927.npy,35,6,0.154,0.3,zerofill,21.144337368485356,0.5362526517635631
A00051927.npy,35,6,0.154,0.3,cs,29.849761062588243,0.8985955784262755
A00051927.npy,35,6,0.154,0.3,ddnm,32.03409504570573,0.9464384507196656
A00051927.npy,35,6,0.154,0.5,zerofill,22.423849759360117,0.6224779188627984
A00051927.npy,35,6,0.154,0.5,cs,36.24137737699647,0.974156795574657
A00051927.npy,35,6,0.154,0.5,ddnm,39.247974627728745,0.9864721658072206
A00051927.npy,40,11,0.282,0.2,zerofill,17.44328845558713,0.46450377481060984
A00051927.npy,40,11,0.282,0.2,cs,23.945357344878353,0.826520496895259
A00051927.npy,40,11,0.282,0.2,ddnm,32.117732847110965,0.9461083731998746
A00051927.npy,40,11,0.282,0.3,zerofill,16.48339202059338,0.47608639816004483
A00051927.npy,40,11,0.282,0.3,cs,28.245723193244345,0.9003918676320999
A00051927.npy,40,11,0.282,0.3,ddnm,35.38667150488425,0.9557000388303966
A00051927.npy,40,11,0.282,0.5,zerofill,24.719498935605767,0.7185188115427876
A00051927.npy,40,11,0.282,0.5,cs,34.4833643107045,0.9790292262942905
A00051927.npy,40,11,0.282,0.5,ddnm,36.80165263452733,0.983767715826114
A00051927.npy,46,17,0.436,0.2,zerofill,18.51404394902325,0.4298936120595988
A00051927.npy,46,17,0.436,0.2,cs,26.429852731775277,0.7659887575737889
A00051927.npy,46,17,0.436,0.2,ddnm,33.24322904284364,0.9264109087539789
A00051927.npy,46,17,0.436,0.3,zerofill,17.629181470428165,0.49914723334625805
A00051927.npy,46,17,0.436,0.3,cs,32.111663010562,0.8925870959035045
A00051927.npy,46,17,0.436,0.3,ddnm,37.14802169905578,0.9686529903290445
A00051927.npy,46,17,0.436,0.5,zerofill,26.737550944969183,0.7306591248125285
A00051927.npy,46,17,0.436,0.5,cs,38.42289507973074,0.9835874214988664
A00051927.npy,46,17,0.436,0.5,ddnm,42.79657859516843,0.9906372093034669
A00051927.npy,51,22,0.564,0.2,zerofill,18.077868161887043,0.44533051111768546
A00051927.npy,51,22,0.564,0.2,cs,26.554538331197953,0.8165175693861247
A00051927.npy,51,22,0.564,0.2,ddnm,34.39866042525674,0.9530218276937332
A00051927.npy,51,22,0.564,0.3,zerofill,17.121668187310565,0.49905828147544395
A00051927.npy,51,22,0.564,0.3,cs,29.5648702946867,0.8894253620490916
A00051927.npy,51,22,0.564,0.3,ddnm,34.401231430026286,0.9656141581786188
A00051927.npy,51,22,0.564,0.5,zerofill,27.713708511328655,0.7947691023820054
A00051927.npy,51,22,0.564,0.5,cs,34.95549202658698,0.985372831314618
A00051927.npy,51,22,0.564,0.5,ddnm,38.86802535917201,0.9880675255923911
A00051927.npy,57,28,0.718,0.2,zerofill,11.870275776999051,0.4132763878202642
A00051927.npy,57,28,0.718,0.2,cs,12.81943420595169,0.6310839866830404
A00051927.npy,57,28,0.718,0.2,ddnm,28.014205270876026,0.8335805246187237
A00051927.npy,57,28,0.718,0.3,zerofill,18.44925911403989,0.54158832199971
A00051927.npy,57,28,0.718,0.3,cs,31.431421731991612,0.92097295060037
A00051927.npy,57,28,0.718,0.3,ddnm,35.885489828241106,0.9778003864384761
A00051927.npy,57,28,0.718,0.5,zerofill,23.018162811047254,0.6270569803483969
A00051927.npy,57,28,0.718,0.5,cs,36.452992382063165,0.9763424051157155
A00051927.npy,57,28,0.718,0.5,ddnm,41.37290286676009,0.9911967649619383
A00051927.npy,62,33,0.846,0.2,zerofill,19.59538947491576,0.4643277657126672
A00051927.npy,62,33,0.846,0.2,cs,28.46325948214236,0.8391195723698849
A00051927.npy,62,33,0.846,0.2,ddnm,32.35862133739722,0.9547924926482968
A00051927.npy,62,33,0.846,0.3,zerofill,23.833340129794824,0.6659325495804291
A00051927.npy,62,33,0.846,0.3,cs,31.569292623829604,0.9649928542626414
A00051927.npy,62,33,0.846,0.3,ddnm,33.87830234022799,0.9777744826459013
A00051927.npy,62,33,0.846,0.5,zerofill,12.448664230509063,0.5276343504091262
A00051927.npy,62,33,0.846,0.5,cs,12.161657309679374,0.6311722549557937
A00051927.npy,62,33,0.846,0.5,ddnm,39.76767755124969,0.9480100509036584
A00051927.npy,68,39,1.0,0.2,zerofill,16.45346079768235,0.38948008158030767
A00051927.npy,68,39,1.0,0.2,cs,25.59000100653114,0.7696793727470906
A00051927.npy,68,39,1.0,0.2,ddnm,32.5815078327749,0.9440655887199005
A00051927.npy,68,39,1.0,0.3,zerofill,21.27517760284021,0.5769209153977941
A00051927.npy,68,39,1.0,0.3,cs,32.6157981884882,0.9314309355403124
A00051927.npy,68,39,1.0,0.3,ddnm,36.86635505914443,0.983040179597758
A00051927.npy,68,39,1.0,0.5,zerofill,11.839208010849191,0.47751080244988814
A00051927.npy,68,39,1.0,0.5,cs,11.749391301469867,0.586790760003292
A00051927.npy,68,39,1.0,0.5,ddnm,36.60364250358689,0.9042668400717275
A00052118.npy,29,0,0.0,0.2,zerofill,17.397209746938405,0.43788000568687685
A00052118.npy,29,0,0.0,0.2,cs,23.35726787596765,0.8077885407692402
A00052118.npy,29,0,0.0,0.2,ddnm,29.509742503952,0.8980931688953082
A00052118.npy,29,0,0.0,0.3,zerofill,20.05532161185968,0.5126710155413554
A00052118.npy,29,0,0.0,0.3,cs,31.312037330222232,0.9170355547334147
A00052118.npy,29,0,0.0,0.3,ddnm,32.81706089952963,0.9503583772625054
A00052118.npy,29,0,0.0,0.5,zerofill,23.15073102643491,0.7213722279479631
A00052118.npy,29,0,0.0,0.5,cs,36.15156216349774,0.9763460970696215
A00052118.npy,29,0,0.0,0.5,ddnm,36.63372443029068,0.9815250929045568
A00052118.npy,35,6,0.154,0.2,zerofill,11.543549574026297,0.3569665094274897
A00052118.npy,35,6,0.154,0.2,cs,12.609099769777202,0.6006284900599145
A00052118.npy,35,6,0.154,0.2,ddnm,30.433518322878793,0.8437376595939465
A00052118.npy,35,6,0.154,0.3,zerofill,20.216463581790137,0.599512059511829
A00052118.npy,35,6,0.154,0.3,cs,32.57738827398714,0.912158222652289
A00052118.npy,35,6,0.154,0.3,ddnm,35.39120062655988,0.9690974262317513
A00052118.npy,35,6,0.154,0.5,zerofill,21.6669060508369,0.6231527796815487
A00052118.npy,35,6,0.154,0.5,cs,36.57494399386741,0.9540705710481296
A00052118.npy,35,6,0.154,0.5,ddnm,40.2521329639064,0.9858357996645553
A00052118.npy,40,11,0.282,0.2,zerofill,19.09022264692268,0.4933635337865692
A00052118.npy,40,11,0.282,0.2,cs,28.715155531500237,0.8274240671636752
A00052118.npy,40,11,0.282,0.2,ddnm,33.92723331112655,0.9331442912966934
A00052118.npy,40,11,0.282,0.3,zerofill,20.38457383477743,0.5638422165332326
A00052118.npy,40,11,0.282,0.3,cs,32.13034278725635,0.9121349045635871
A00052118.npy,40,11,0.282,0.3,ddnm,37.30547728099093,0.977551909551541
A00052118.npy,40,11,0.282,0.5,zerofill,22.616664341200185,0.6798231338428197
A00052118.npy,40,11,0.282,0.5,cs,38.00375379107259,0.9711093922771135
A00052118.npy,40,11,0.282,0.5,ddnm,41.47202951669769,0.9903883134340029
A00052118.npy,46,17,0.436,0.2,zerofill,11.970484088751931,0.3546834339924788
A00052118.npy,46,17,0.436,0.2,cs,12.808817575207275,0.557921529229711
A00052118.npy,46,17,0.436,0.2,ddnm,32.431097437321036,0.8800974386471137
A00052118.npy,46,17,0.436,0.3,zerofill,20.48582737430523,0.5422352781115342
A00052118.npy,46,17,0.436,0.3,cs,32.01375582911835,0.9089385727112594
A00052118.npy,46,17,0.436,0.3,ddnm,38.70832117375282,0.9831563084556736
A00052118.npy,46,17,0.436,0.5,zerofill,22.14173912579512,0.6909074860949984
A00052118.npy,46,17,0.436,0.5,cs,36.131619897101594,0.9630823630486179
A00052118.npy,46,17,0.436,0.5,ddnm,40.454211475496884,0.9897024040019055
A00052118.npy,51,22,0.564,0.2,zerofill,20.2149434872662,0.49476623852457613
A00052118.npy,51,22,0.564,0.2,cs,27.309351782210058,0.8553294089142993
A00052118.npy,51,22,0.564,0.2,ddnm,33.87932727118149,0.956603275709609
A00052118.npy,51,22,0.564,0.3,zerofill,11.297369787866858,0.38883080929807334
A00052118.npy,51,22,0.564,0.3,cs,12.81347396653954,0.64093034217857
A00052118.npy,51,22,0.564,0.3,ddnm,17.52319704399187,0.78878580273743
A00052118.npy,51,22,0.564,0.5,zerofill,27.33458217791889,0.77743018722682
A00052118.npy,51,22,0.564,0.5,cs,37.96372926119312,0.987669227280882
A00052118.npy,51,22,0.564,0.5,ddnm,40.392905124503514,0.9910052310384047
A00052118.npy,57,28,0.718,0.2,zerofill,11.63598209968644,0.3388492348226254
A00052118.npy,57,28,0.718,0.2,cs,12.597570676639627,0.5735201147903648
A00052118.npy,57,28,0.718,0.2,ddnm,22.173358333555313,0.7172340084915018
A00052118.npy,57,28,0.718,0.3,zerofill,12.476866827685864,0.44725217936521466
A00052118.npy,57,28,0.718,0.3,cs,12.829875013561383,0.6561416271958914
A00052118.npy,57,28,0.718,0.3,ddnm,34.96528703468586,0.931625512981969
A00052118.npy,57,28,0.718,0.5,zerofill,27.394816344632424,0.7671385665407399
A00052118.npy,57,28,0.718,0.5,cs,35.411760675795705,0.9850220729693775
A00052118.npy,57,28,0.718,0.5,ddnm,38.38544484881155,0.9859338556244885
A00052118.npy,62,33,0.846,0.2,zerofill,11.884067297371892,0.4047780731219077
A00052118.npy,62,33,0.846,0.2,cs,12.37308356926288,0.5878316991730443
A00052118.npy,62,33,0.846,0.2,ddnm,29.68806121690222,0.8264673775739245
A00052118.npy,62,33,0.846,0.3,zerofill,12.409037048577405,0.43740817537833016
A00052118.npy,62,33,0.846,0.3,cs,12.42895315596874,0.6174951213386192
A00052118.npy,62,33,0.846,0.3,ddnm,37.112059769505656,0.9447664586375139
A00052118.npy,62,33,0.846,0.5,zerofill,24.977483477512543,0.6557469961005331
A00052118.npy,62,33,0.846,0.5,cs,36.99450956502447,0.9836198676700907
A00052118.npy,62,33,0.846,0.5,ddnm,40.478458790151365,0.9914347787068051
A00052118.npy,68,39,1.0,0.2,zerofill,19.206261457559567,0.47121077676876644
A00052118.npy,68,39,1.0,0.2,cs,28.31437141907932,0.8678892191811831
A00052118.npy,68,39,1.0,0.2,ddnm,32.6944230726762,0.9679584723867994
A00052118.npy,68,39,1.0,0.3,zerofill,21.616965852835865,0.5734964800713929
A00052118.npy,68,39,1.0,0.3,cs,30.39820190517043,0.9361309110757902
A00052118.npy,68,39,1.0,0.3,ddnm,34.09466421355901,0.9726016462586061
A00052118.npy,68,39,1.0,0.5,zerofill,12.03383770945473,0.4878133200169201
A00052118.npy,68,39,1.0,0.5,cs,11.783120136294091,0.5784648035727975
A00052118.npy,68,39,1.0,0.5,ddnm,38.9551707537815,0.9148757285094332
A00052197.npy,29,0,0.0,0.2,zerofill,11.321239602322022,0.35883743810840846
A00052197.npy,29,0,0.0,0.2,cs,11.70047251188789,0.5478013588096086
A00052197.npy,29,0,0.0,0.2,ddnm,30.305472547996644,0.8739974390414014
A00052197.npy,29,0,0.0,0.3,zerofill,16.809074438659522,0.4594702043430487
A00052197.npy,29,0,0.0,0.3,cs,25.87502811442373,0.8615006770397011
A00052197.npy,29,0,0.0,0.3,ddnm,31.949023467889287,0.9504980053237067
A00052197.npy,29,0,0.0,0.5,zerofill,27.514917616264327,0.7788839554547119
A00052197.npy,29,0,0.0,0.5,cs,36.50252146516256,0.9829223914488898
A00052197.npy,29,0,0.0,0.5,ddnm,38.20012266613197,0.9841181445917881
A00052197.npy,35,6,0.154,0.2,zerofill,17.17149882534106,0.46000047195492216
A00052197.npy,35,6,0.154,0.2,cs,23.94750388608034,0.7605280942639355
A00052197.npy,35,6,0.154,0.2,ddnm,30.22748897101845,0.8580056895817024
A00052197.npy,35,6,0.154,0.3,zerofill,22.247177233747095,0.6004659734075535
A00052197.npy,35,6,0.154,0.3,cs,31.266328327748667,0.9297528635821606
A00052197.npy,35,6,0.154,0.3,ddnm,32.967869997618465,0.9465751513254095
A00052197.npy,35,6,0.154,0.5,zerofill,26.746638541659816,0.7561682027723822
A00052197.npy,35,6,0.154,0.5,cs,35.70905385338413,0.9735055283629039
A00052197.npy,35,6,0.154,0.5,ddnm,36.84943015721455,0.9723432287393606
A00052197.npy,40,11,0.282,0.2,zerofill,13.173211078856095,0.4088794020588743
A00052197.npy,40,11,0.282,0.2,cs,13.136331565060996,0.5441971315165866
A00052197.npy,40,11,0.282,0.2,ddnm,30.505838162753697,0.8382380847012971
A00052197.npy,40,11,0.282,0.3,zerofill,12.494918523006595,0.4691400732675669
A00052197.npy,40,11,0.282,0.3,cs,13.735181362274844,0.684553831259366
A00052197.npy,40,11,0.282,0.3,ddnm,22.191047491270616,0.8664515503601854
A00052197.npy,40,11,0.282,0.5,zerofill,26.57210964013698,0.762498845920621
A00052197.npy,40,11,0.282,0.5,cs,34.29541540571351,0.9715666469187546
A00052197.npy,40,11,0.282,0.5,ddnm,36.36306177365423,0.9793409449707849
A00052197.npy,46,17,0.436,0.2,zerofill,13.65928253779721,0.44841671017295653
A00052197.npy,46,17,0.436,0.2,cs,13.831850168573565,0.6527715186359007
A00052197.npy,46,17,0.436,0.2,ddnm,31.4906708647794,0.8798987623048835
A00052197.npy,46,17,0.436,0.3,zerofill,13.890303797978845,0.5644967384351146
A00052197.npy,46,17,0.436,0.3,cs,13.80742551799723,0.7403576832045433
A00052197.npy,46,17,0.436,0.3,ddnm,28.764450232168684,0.909845733734534
A00052197.npy,46,17,0.436,0.5,zerofill,27.427229336874213,0.7713486151888644
A00052197.npy,46,17,0.436,0.5,cs,37.853634901608835,0.9816840346847545
A00052197.npy,46,17,0.436,0.5,ddnm,41.28205444531035,0.9885637542151277
A00052197.npy,51,22,0.564,0.2,zerofill,18.041604372964947,0.47207056604600156
A00052197.npy,51,22,0.564,0.2,cs,25.92170895286695,0.8018448688784084
A00052197.npy,51,22,0.564,0.2,ddnm,32.11738013525383,0.9165599023559359
A00052197.npy,51,22,0.564,0.3,zerofill,17.899192844400186,0.5519547477307917
A00052197.npy,51,22,0.564,0.3,cs,30.636791235892407,0.9037830518246762
A00052197.npy,51,22,0.564,0.3,ddnm,34.2369101084032,0.9385174692870468
A00052197.npy,51,22,0.564,0.5,zerofill,23.072202846231576,0.7112697022134675
A00052197.npy,51,22,0.564,0.5,cs,36.58369538079748,0.9739558267692698
A00052197.npy,51,22,0.564,0.5,ddnm,39.29069342556523,0.9862258559079363
A00052197.npy,57,28,0.718,0.2,zerofill,12.649154885096483,0.38182512779888933
A00052197.npy,57,28,0.718,0.2,cs,13.900915050861379,0.5891365690070183
A00052197.npy,57,28,0.718,0.2,ddnm,20.233467902446414,0.8061674769759555
A00052197.npy,57,28,0.718,0.3,zerofill,21.295259283857266,0.6777945501803118
A00052197.npy,57,28,0.718,0.3,cs,30.71329025403605,0.9523691314141681
A00052197.npy,57,28,0.718,0.3,ddnm,33.6445284050605,0.9609411317185348
A00052197.npy,57,28,0.718,0.5,zerofill,26.99284260723396,0.77422241449721
A00052197.npy,57,28,0.718,0.5,cs,36.06568440854944,0.9854560669264272
A00052197.npy,57,28,0.718,0.5,ddnm,38.26037426584447,0.987698519559869
A00052197.npy,62,33,0.846,0.2,zerofill,13.558135810063053,0.4171603487494372
A00052197.npy,62,33,0.846,0.2,cs,13.984180011088526,0.6687398259912506
A00052197.npy,62,33,0.846,0.2,ddnm,30.916497154128738,0.9069341769949046
A00052197.npy,62,33,0.846,0.3,zerofill,20.244794098748955,0.5579148502965968
A00052197.npy,62,33,0.846,0.3,cs,31.282116484869576,0.9170179435509255
A00052197.npy,62,33,0.846,0.3,ddnm,36.63460333611346,0.9771815545534581
A00052197.npy,62,33,0.846,0.5,zerofill,14.525959957652976,0.5935937558695451
A00052197.npy,62,33,0.846,0.5,cs,14.098515357764382,0.7552710889077442
A00052197.npy,62,33,0.846,0.5,ddnm,36.66989835354784,0.9701010208798172
A00052197.npy,68,39,1.0,0.2,zerofill,16.555911755707797,0.406242305403535
A00052197.npy,68,39,1.0,0.2,cs,22.942551145088117,0.6925268691511454
A00052197.npy,68,39,1.0,0.2,ddnm,31.898410829495283,0.9302616956168462
A00052197.npy,68,39,1.0,0.3,zerofill,20.43096780915893,0.569955775460875
A00052197.npy,68,39,1.0,0.3,cs,30.647009095480477,0.9204539213358587
A00052197.npy,68,39,1.0,0.3,ddnm,32.570346292888004,0.9675543993367075
A00052197.npy,68,39,1.0,0.5,zerofill,26.625619205088967,0.7663620166176504
A00052197.npy,68,39,1.0,0.5,cs,35.56374938864141,0.984822942044619
A00052197.npy,68,39,1.0,0.5,ddnm,35.56278639918276,0.9837567508060489
A00052319.npy,29,0,0.0,0.2,zerofill,10.910501407146922,0.3223162482143429
A00052319.npy,29,0,0.0,0.2,cs,11.939018275562265,0.5356986608688414
A00052319.npy,29,0,0.0,0.2,ddnm,18.996363111032537,0.6159153742718098
A00052319.npy,29,0,0.0,0.3,zerofill,22.444665305030334,0.6024270828513372
A00052319.npy,29,0,0.0,0.3,cs,31.608456994794018,0.9508041529738522
A00052319.npy,29,0,0.0,0.3,ddnm,30.47019330574173,0.9522103150388953
A00052319.npy,29,0,0.0,0.5,zerofill,26.85611786404877,0.742058179258067
A00052319.npy,29,0,0.0,0.5,cs,35.455442795285514,0.9835116861028173
A00052319.npy,29,0,0.0,0.5,ddnm,36.30893191644758,0.9812287903302973
A00052319.npy,35,6,0.154,0.2,zerofill,11.14126010974614,0.3649568201293889
A00052319.npy,35,6,0.154,0.2,cs,12.498702490440866,0.5811024593343236
A00052319.npy,35,6,0.154,0.2,ddnm,17.317451985187205,0.7074347022129999
A00052319.npy,35,6,0.154,0.3,zerofill,18.11594827545122,0.5283444873093559
A00052319.npy,35,6,0.154,0.3,cs,29.404622011917482,0.9201629602582312
A00052319.npy,35,6,0.154,0.3,ddnm,32.56340963485447,0.9508163371984115
A00052319.npy,35,6,0.154,0.5,zerofill,27.44407167529518,0.7603616831686275
A00052319.npy,35,6,0.154,0.5,cs,36.4486613081088,0.9778286229695917
A00052319.npy,35,6,0.154,0.5,ddnm,39.91782165057738,0.9849173203050625
A00052319.npy,40,11,0.282,0.2,zerofill,12.10559730271616,0.3571739689421369
A00052319.npy,40,11,0.282,0.2,cs,12.623765308405366,0.579286984971868
A00052319.npy,40,11,0.282,0.2,ddnm,28.530212944629124,0.7898055289032774
A00052319.npy,40,11,0.282,0.3,zerofill,20.548051437543997,0.5751615478152249
A00052319.npy,40,11,0.282,0.3,cs,32.085994609623604,0.9221193916761276
A00052319.npy,40,11,0.282,0.3,ddnm,35.695041725601975,0.9689623261012239
A00052319.npy,40,11,0.282,0.5,zerofill,22.245465419904598,0.6824854397508975
A00052319.npy,40,11,0.282,0.5,cs,35.49577455559173,0.9680008600713489
A00052319.npy,40,11,0.282,0.5,ddnm,39.70323159237199,0.9873880511192313
A00052319.npy,46,17,0.436,0.2,zerofill,11.509135110362699,0.34970544918642166
A00052319.npy,46,17,0.436,0.2,cs,12.528298547342551,0.5628642589697347
A00052319.npy,46,17,0.436,0.2,ddnm,33.097060081289634,0.8618446358381197
A00052319.npy,46,17,0.436,0.3,zerofill,20.911335729028465,0.5517117654650031
A00052319.npy,46,17,0.436,0.3,cs,32.36679360705244,0.9188784993253899
A00052319.npy,46,17,0.436,0.3,ddnm,37.62211651481359,0.976838149304545
A00052319.npy,46,17,0.436,0.5,zerofill,27.585410189340145,0.7674683451015418
A00052319.npy,46,17,0.436,0.5,cs,37.56952523990173,0.9863420632682607
A00052319.npy,46,17,0.436,0.5,ddnm,40.81877966022959,0.9904789178161908
A00052319.npy,51,22,0.564,0.2,zerofill,11.950246151692003,0.40999912660223187
A00052319.npy,51,22,0.564,0.2,cs,12.895677354582318,0.6069336278840884
A00052319.npy,51,22,0.564,0.2,ddnm,33.642187753253175,0.8951000620787966
A00052319.npy,51,22,0.564,0.3,zerofill,12.304548979684789,0.4052952438233347
A00052319.npy,51,22,0.564,0.3,cs,13.567347586938723,0.6856210139374662
A00052319.npy,51,22,0.564,0.3,ddnm,32.04332972505154,0.8963424550513047
A00052319.npy,51,22,0.564,0.5,zerofill,25.46030507971149,0.719228997542061
A00052319.npy,51,22,0.564,0.5,cs,37.07162369011049,0.9856544755513359
A00052319.npy,51,22,0.564,0.5,ddnm,41.77419908190081,0.992921442606378
A00052319.npy,57,28,0.718,0.2,zerofill,11.871070046876309,0.3542622789190547
A00052319.npy,57,28,0.718,0.2,cs,13.05404519903028,0.5835324722280427
A00052319.npy,57,28,0.718,0.2,ddnm,34.754396115412476,0.9131292294759931
A00052319.npy,57,28,0.718,0.3,zerofill,18.382745167975855,0.5234283756705986
A00052319.npy,57,28,0.718,0.3,cs,31.549895443323134,0.9188152916040657
A00052319.npy,57,28,0.718,0.3,ddnm,37.36434147567979,0.9773721757578421
A00052319.npy,57,28,0.718,0.5,zerofill,28.113917090488094,0.7830902188868673
A00052319.npy,57,28,0.718,0.5,cs,36.22744071306348,0.9875049467722404
A00052319.npy,57,28,0.718,0.5,ddnm,41.752539033410415,0.9914398884355173
A00052319.npy,62,33,0.846,0.2,zerofill,12.158738242809143,0.3579263278862835
A00052319.npy,62,33,0.846,0.2,cs,12.500120877934846,0.5592449017792076
A00052319.npy,62,33,0.846,0.2,ddnm,28.428710571182542,0.7895688867720544
A00052319.npy,62,33,0.846,0.3,zerofill,12.103277009966984,0.3891836983090828
A00052319.npy,62,33,0.846,0.3,cs,12.534407698933414,0.6046281994987517
A00052319.npy,62,33,0.846,0.3,ddnm,32.924196489658875,0.8655547325566183
A00052319.npy,62,33,0.846,0.5,zerofill,28.22386009012873,0.8166876353060156
A00052319.npy,62,33,0.846,0.5,cs,35.30515180726843,0.9882830587470766
A00052319.npy,62,33,0.846,0.5,ddnm,38.73634539800652,0.9910711881310925
A00052319.npy,68,39,1.0,0.2,zerofill,10.746239253970334,0.3450597405389706
A00052319.npy,68,39,1.0,0.2,cs,11.991936691823955,0.5523572923138798
A00052319.npy,68,39,1.0,0.2,ddnm,22.36596874987097,0.7233240284355174
A00052319.npy,68,39,1.0,0.3,zerofill,19.445023967619385,0.4964527511977953
A00052319.npy,68,39,1.0,0.3,cs,31.984184688772505,0.9193287912863328
A00052319.npy,68,39,1.0,0.3,ddnm,35.587495494379844,0.9856269802779032
A00052319.npy,68,39,1.0,0.5,zerofill,22.892682665279807,0.6631756091163808
A00052319.npy,68,39,1.0,0.5,cs,36.58252428783409,0.9792143111386244
A00052319.npy,68,39,1.0,0.5,ddnm,38.01601880976855,0.9922986813239979
A00052500.npy,29,0,0.0,0.2,zerofill,11.003723877153707,0.36122569125404896
A00052500.npy,29,0,0.0,0.2,cs,12.288076405334401,0.5485862792927083
A00052500.npy,29,0,0.0,0.2,ddnm,25.37130113705728,0.7073280103204311
A00052500.npy,29,0,0.0,0.3,zerofill,20.96344600556625,0.5847533733223853
A00052500.npy,29,0,0.0,0.3,cs,31.009744899320737,0.9338139723761127
A00052500.npy,29,0,0.0,0.3,ddnm,29.612600036774648,0.923695225626014
A00052500.npy,29,0,0.0,0.5,zerofill,25.477311482174215,0.6738318194094214
A00052500.npy,29,0,0.0,0.5,cs,35.71425022926838,0.9701116939436457
A00052500.npy,29,0,0.0,0.5,ddnm,36.24307471648148,0.9734329477781507
A00052500.npy,35,6,0.154,0.2,zerofill,17.755703772939235,0.48073116335957894
A00052500.npy,35,6,0.154,0.2,cs,23.764108026841694,0.7848040235786479
A00052500.npy,35,6,0.154,0.2,ddnm,29.880716736987793,0.8795880518295021
A00052500.npy,35,6,0.154,0.3,zerofill,19.973242407231055,0.5567116932802187
A00052500.npy,35,6,0.154,0.3,cs,28.93197108709804,0.8808258775415415
A00052500.npy,35,6,0.154,0.3,ddnm,30.516631132590312,0.914393393637688
A00052500.npy,35,6,0.154,0.5,zerofill,19.72853309312871,0.691689305896771
A00052500.npy,35,6,0.154,0.5,cs,31.517505478993204,0.9571063639663683
A00052500.npy,35,6,0.154,0.5,ddnm,35.91509842656145,0.9768870165213658
A00052500.npy,40,11,0.282,0.2,zerofill,19.935252936506483,0.5206299555188586
A00052500.npy,40,11,0.282,0.2,cs,28.271744125546284,0.8142113055937739
A00052500.npy,40,11,0.282,0.2,ddnm,31.924225246237107,0.9155776196831947
A00052500.npy,40,11,0.282,0.3,zerofill,23.47935227340143,0.6930595896819627
A00052500.npy,40,11,0.282,0.3,cs,31.29150877726726,0.9249789316714755
A00052500.npy,40,11,0.282,0.3,ddnm,31.991740546193988,0.9368408886043496
A00052500.npy,40,11,0.282,0.5,zerofill,24.706974245571544,0.758908007625243
A00052500.npy,40,11,0.282,0.5,cs,36.1211629193849,0.9776908254565747
A00052500.npy,40,11,0.282,0.5,ddnm,37.84470439694416,0.9837904512778113
A00052500.npy,46,17,0.436,0.2,zerofill,13.7034051947731,0.5052499109841035
A00052500.npy,46,17,0.436,0.2,cs,13.91900207253508,0.6523200549383653
A00052500.npy,46,17,0.436,0.2,ddnm,27.722715084837507,0.817462800620777
A00052500.npy,46,17,0.436,0.3,zerofill,21.80153663717137,0.5959434556560196
A00052500.npy,46,17,0.436,0.3,cs,30.88684539420376,0.9063397487062331
A00052500.npy,46,17,0.436,0.3,ddnm,32.5879245468061,0.9427279269193104
A00052500.npy,46,17,0.436,0.5,zerofill,28.612293402513718,0.8002384372768352
A00052500.npy,46,17,0.436,0.5,cs,35.972830289123664,0.9744613185320705
A00052500.npy,46,17,0.436,0.5,ddnm,37.66878026867245,0.9762742688733703
A00052500.npy,51,22,0.564,0.2,zerofill,20.23058158547411,0.5402055181514774
A00052500.npy,51,22,0.564,0.2,cs,28.680438185281922,0.8406655091566585
A00052500.npy,51,22,0.564,0.2,ddnm,30.927604064062418,0.9189840319159209
A00052500.npy,51,22,0.564,0.3,zerofill,19.78856807655508,0.6239741505751664
A00052500.npy,51,22,0.564,0.3,cs,30.466026876693725,0.9287047558577991
A00052500.npy,51,22,0.564,0.3,ddnm,35.53375656659722,0.965949024978071
A00052500.npy,51,22,0.564,0.5,zerofill,28.25903077693736,0.7883496777309934
A00052500.npy,51,22,0.564,0.5,cs,36.73598246465073,0.9776514539656797
A00052500.npy,51,22,0.564,0.5,ddnm,40.28529260245144,0.9843331462023112
A00052500.npy,57,28,0.718,0.2,zerofill,12.975186438069182,0.4464519417427149
A00052500.npy,57,28,0.718,0.2,cs,13.883500053880397,0.620283931588501
A00052500.npy,57,28,0.718,0.2,ddnm,29.270354764724896,0.8572292430929537
A00052500.npy,57,28,0.718,0.3,zerofill,18.36858437458807,0.5375678665448678
A00052500.npy,57,28,0.718,0.3,cs,29.818908252094612,0.9069672760655525
A00052500.npy,57,28,0.718,0.3,ddnm,33.04772134249496,0.9584432080352028
A00052500.npy,57,28,0.718,0.5,zerofill,26.51664520219899,0.7826364451037391
A00052500.npy,57,28,0.718,0.5,cs,33.99089148950412,0.9776487102498294
A00052500.npy,57,28,0.718,0.5,ddnm,36.7044106024681,0.9825139493110583
A00052500.npy,62,33,0.846,0.2,zerofill,12.92666897030485,0.38515180858449743
A00052500.npy,62,33,0.846,0.2,cs,13.419640011830872,0.5620601045084009
A00052500.npy,62,33,0.846,0.2,ddnm,29.738700896875123,0.8092963065004972
A00052500.npy,62,33,0.846,0.3,zerofill,13.696861412413302,0.46469426346616377
A00052500.npy,62,33,0.846,0.3,cs,13.841424295306293,0.648742086301267
A00052500.npy,62,33,0.846,0.3,ddnm,32.09754692586349,0.9026201322566627
A00052500.npy,62,33,0.846,0.5,zerofill,27.55667232770862,0.7891910636402842
A00052500.npy,62,33,0.846,0.5,cs,34.37613541185818,0.9786027885955433
A00052500.npy,62,33,0.846,0.5,ddnm,35.90759734242962,0.9743783006069642
A00052500.npy,68,39,1.0,0.2,zerofill,12.062149467544428,0.42982278892760595
A00052500.npy,68,39,1.0,0.2,cs,13.453952064226966,0.6283196017440676
A00052500.npy,68,39,1.0,0.2,ddnm,19.989648519861195,0.7290328189739592
A00052500.npy,68,39,1.0,0.3,zerofill,12.7456709757311,0.4677430192284561
A00052500.npy,68,39,1.0,0.3,cs,13.04351765783064,0.6075180930262238
A00052500.npy,68,39,1.0,0.3,ddnm,31.25529716200805,0.8904623040682652
A00052500.npy,68,39,1.0,0.5,zerofill,25.262294803629082,0.7122199685069387
A00052500.npy,68,39,1.0,0.5,cs,35.46774750206111,0.9824721955085307
A00052500.npy,68,39,1.0,0.5,ddnm,35.26888925650802,0.9810710370828951
A00052613.npy,29,0,0.0,0.2,zerofill,12.494351243272225,0.4111591432414413
A00052613.npy,29,0,0.0,0.2,cs,12.608577338610264,0.5911953844063768
A00052613.npy,29,0,0.0,0.2,ddnm,26.557183398956617,0.7592108414858931
A00052613.npy,29,0,0.0,0.3,zerofill,20.54392519467148,0.5961339367226364
A00052613.npy,29,0,0.0,0.3,cs,32.24218552534316,0.9222638140858277
A00052613.npy,29,0,0.0,0.3,ddnm,31.711403899399006,0.9314552675236845
A00052613.npy,29,0,0.0,0.5,zerofill,26.913182116040435,0.7408590555675724
A00052613.npy,29,0,0.0,0.5,cs,36.27799897383808,0.973764456814574
A00052613.npy,29,0,0.0,0.5,ddnm,35.00091268715538,0.9597368701787862
A00052613.npy,35,6,0.154,0.2,zerofill,13.34816474420383,0.4056015038273898
A00052613.npy,35,6,0.154,0.2,cs,13.37328098719583,0.5683756859031277
A00052613.npy,35,6,0.154,0.2,ddnm,27.525931393938006,0.7875920961723852
A00052613.npy,35,6,0.154,0.3,zerofill,21.497034694098613,0.6058054604716259
A00052613.npy,35,6,0.154,0.3,cs,30.836780363816377,0.9050128459419832
A00052613.npy,35,6,0.154,0.3,ddnm,33.21414560236196,0.939995546878041
A00052613.npy,35,6,0.154,0.5,zerofill,28.478842119768547,0.8200269633655313
A00052613.npy,35,6,0.154,0.5,cs,35.74121558904775,0.9725155224285277
A00052613.npy,35,6,0.154,0.5,ddnm,37.01058733503623,0.9713458548835835
A00052613.npy,40,11,0.282,0.2,zerofill,18.511426083496804,0.4849189648354574
A00052613.npy,40,11,0.282,0.2,cs,25.061636722617173,0.8042972614769432
A00052613.npy,40,11,0.282,0.2,ddnm,31.93522413436819,0.9129551149197914
A00052613.npy,40,11,0.282,0.3,zerofill,21.268901713575914,0.5953826638426747
A00052613.npy,40,11,0.282,0.3,cs,29.441076035592687,0.8738210254359577
A00052613.npy,40,11,0.282,0.3,ddnm,32.0104824620903,0.9117608719320908
A00052613.npy,40,11,0.282,0.5,zerofill,23.788259681817316,0.6911212447055838
A00052613.npy,40,11,0.282,0.5,cs,36.08564536270929,0.9701897325982844
A00052613.npy,40,11,0.282,0.5,ddnm,38.40626545950621,0.9798322787362701
A00052613.npy,46,17,0.436,0.2,zerofill,13.129670073652422,0.4211054241486091
A00052613.npy,46,17,0.436,0.2,cs,13.298529755507465,0.5992169424530501
A00052613.npy,46,17,0.436,0.2,ddnm,32.676774793044935,0.9002270690247804
A00052613.npy,46,17,0.436,0.3,zerofill,20.36220052246849,0.5708121880660434
A00052613.npy,46,17,0.436,0.3,cs,31.817809569011402,0.8993245977432825
A00052613.npy,46,17,0.436,0.3,ddnm,34.886398098910256,0.9458620112346277
A00052613.npy,46,17,0.436,0.5,zerofill,27.24077182541885,0.7543770709151121
A00052613.npy,46,17,0.436,0.5,cs,36.48725911006847,0.9768550403694477
A00052613.npy,46,17,0.436,0.5,ddnm,39.15172896594744,0.982494116033703
A00052613.npy,51,22,0.564,0.2,zerofill,12.706734542789604,0.4059803709089237
A00052613.npy,51,22,0.564,0.2,cs,14.073136688926944,0.6108228839495745
A00052613.npy,51,22,0.564,0.2,ddnm,12.905015910938884,0.6834082819364419
A00052613.npy,51,22,0.564,0.3,zerofill,13.651031578804506,0.4742035570516865
A00052613.npy,51,22,0.564,0.3,cs,14.77368003216802,0.742878748501305
A00052613.npy,51,22,0.564,0.3,ddnm,32.82834529400639,0.9263793943418318
A00052613.npy,51,22,0.564,0.5,zerofill,27.406796079917992,0.7802452032941873
A00052613.npy,51,22,0.564,0.5,cs,35.81356471980021,0.980290683606593
A00052613.npy,51,22,0.564,0.5,ddnm,37.11360830929237,0.9766130226813667
A00052613.npy,57,28,0.718,0.2,zerofill,12.933854450457524,0.4195063768508527
A00052613.npy,57,28,0.718,0.2,cs,13.271452401050821,0.6239344529255354
A00052613.npy,57,28,0.718,0.2,ddnm,29.20570970486899,0.8488417447641496
A00052613.npy,57,28,0.718,0.3,zerofill,13.371751279093651,0.5259191253904733
A00052613.npy,57,28,0.718,0.3,cs,13.29015819152232,0.684572371102757
A00052613.npy,57,28,0.718,0.3,ddnm,30.933277785553823,0.9041685194369767
A00052613.npy,57,28,0.718,0.5,zerofill,25.815031917427262,0.6846165023957164
A00052613.npy,57,28,0.718,0.5,cs,35.9382648765492,0.97632583804795
A00052613.npy,57,28,0.718,0.5,ddnm,36.40274970795768,0.9701691209885486
A00052613.npy,62,33,0.846,0.2,zerofill,12.395846059845045,0.3884879586302341
A00052613.npy,62,33,0.846,0.2,cs,12.799708008990834,0.5717137882785033
A00052613.npy,62,33,0.846,0.2,ddnm,31.582595972985672,0.8597668407385274
A00052613.npy,62,33,0.846,0.3,zerofill,18.617832799702708,0.5024936829190212
A00052613.npy,62,33,0.846,0.3,cs,31.047260144333613,0.8896846515926198
A00052613.npy,62,33,0.846,0.3,ddnm,35.031118972959916,0.9497169073519929
A00052613.npy,62,33,0.846,0.5,zerofill,26.959950864972676,0.7648501550173737
A00052613.npy,62,33,0.846,0.5,cs,36.97918793307889,0.9812924618667827
A00052613.npy,62,33,0.846,0.5,ddnm,37.936896324376555,0.9764299541751853
A00052613.npy,68,39,1.0,0.2,zerofill,11.93821705987274,0.3924498419442496
A00052613.npy,68,39,1.0,0.2,cs,12.034513142198143,0.5351252472670008
A00052613.npy,68,39,1.0,0.2,ddnm,31.580994975006043,0.8305354652512349
A00052613.npy,68,39,1.0,0.3,zerofill,23.460397632806927,0.642497731728311
A00052613.npy,68,39,1.0,0.3,cs,30.841663694173743,0.92541865789119
A00052613.npy,68,39,1.0,0.3,ddnm,33.30995377576522,0.9627827558585375
A00052613.npy,68,39,1.0,0.5,zerofill,26.380722188363332,0.7045093768466993
A00052613.npy,68,39,1.0,0.5,cs,36.999912152754135,0.9814258477350487
A00052613.npy,68,39,1.0,0.5,ddnm,35.28249263547298,0.9754948597646663
A00053171.npy,29,0,0.0,0.2,zerofill,17.802881718887207,0.4664784269042792
A00053171.npy,29,0,0.0,0.2,cs,27.77246225945202,0.8388755058908389
A00053171.npy,29,0,0.0,0.2,ddnm,29.556487025938765,0.8883149272441119
A00053171.npy,29,0,0.0,0.3,zerofill,20.870105878859025,0.5945726345285973
A00053171.npy,29,0,0.0,0.3,cs,31.49108681480216,0.9229190636744578
A00053171.npy,29,0,0.0,0.3,ddnm,31.40396559446416,0.9350561307113967
A00053171.npy,29,0,0.0,0.5,zerofill,27.438556603627,0.7723572011229546
A00053171.npy,29,0,0.0,0.5,cs,35.85097564816184,0.9789007108791705
A00053171.npy,29,0,0.0,0.5,ddnm,33.34489537205913,0.9597359204710378
A00053171.npy,35,6,0.154,0.2,zerofill,11.705010216230352,0.3514441534823802
A00053171.npy,35,6,0.154,0.2,cs,13.172192044493586,0.5786685062683774
A00053171.npy,35,6,0.154,0.2,ddnm,16.15478829059737,0.6332551398070992
A00053171.npy,35,6,0.154,0.3,zerofill,21.464985937043156,0.5957071809115572
A00053171.npy,35,6,0.154,0.3,cs,32.02639788532741,0.9287221355754677
A00053171.npy,35,6,0.154,0.3,ddnm,31.93874819228895,0.9274151360646623
A00053171.npy,35,6,0.154,0.5,zerofill,26.99548995889012,0.7556622919981443
A00053171.npy,35,6,0.154,0.5,cs,36.61437099094169,0.974022951486674
A00053171.npy,35,6,0.154,0.5,ddnm,36.260063763899595,0.9657652041014084
A00053171.npy,40,11,0.282,0.2,zerofill,19.219798140352744,0.512227821743403
A00053171.npy,40,11,0.282,0.2,cs,28.936557746934326,0.8279338395816205
A00053171.npy,40,11,0.282,0.2,ddnm,32.06976296785518,0.9014321837681367
A00053171.npy,40,11,0.282,0.3,zerofill,12.925975215096116,0.44145666478829454
A00053171.npy,40,11,0.282,0.3,cs,13.218345843842524,0.6499887177137119
A00053171.npy,40,11,0.282,0.3,ddnm,33.28695615654479,0.8867694285668951
A00053171.npy,40,11,0.282,0.5,zerofill,13.65048019540929,0.5928344851083739
A00053171.npy,40,11,0.282,0.5,cs,13.166321068122892,0.7035943246662736
A00053171.npy,40,11,0.282,0.5,ddnm,34.142546049591346,0.9406810932680344
A00053171.npy,46,17,0.436,0.2,zerofill,19.97843135981052,0.4984229400668556
A00053171.npy,46,17,0.436,0.2,cs,27.866784904957868,0.8072156033890902
A00053171.npy,46,17,0.436,0.2,ddnm,29.696960727872312,0.8778310773638396
A00053171.npy,46,17,0.436,0.3,zerofill,19.437401777414067,0.5218821140274041
A00053171.npy,46,17,0.436,0.3,cs,30.168355719531228,0.8623433704291503
A00053171.npy,46,17,0.436,0.3,ddnm,32.41883492721441,0.9252847358304082
A00053171.npy,46,17,0.436,0.5,zerofill,27.028687920124206,0.7656293758452094
A00053171.npy,46,17,0.436,0.5,cs,37.61906061530923,0.9790653719140522
A00053171.npy,46,17,0.436,0.5,ddnm,37.94963447307977,0.9772109823244869
A00053171.npy,51,22,0.564,0.2,zerofill,19.137604658890595,0.54540508260283
A00053171.npy,51,22,0.564,0.2,cs,29.572432677296455,0.8451029599807682
A00053171.npy,51,22,0.564,0.2,ddnm,30.872258948891215,0.901909525639602
A00053171.npy,51,22,0.564,0.3,zerofill,21.968409458937508,0.59753192973414
A00053171.npy,51,22,0.564,0.3,cs,32.84191921686744,0.9092822501050932
A00053171.npy,51,22,0.564,0.3,ddnm,33.64664215264534,0.9341398369269613
A00053171.npy,51,22,0.564,0.5,zerofill,28.564459620531352,0.8008292471247008
A00053171.npy,51,22,0.564,0.5,cs,37.819352724767455,0.9809141073238782
A00053171.npy,51,22,0.564,0.5,ddnm,37.987404318616946,0.9746710636728844
A00053171.npy,57,28,0.718,0.2,zerofill,13.261078190248101,0.4291139450041343
A00053171.npy,57,28,0.718,0.2,cs,13.674232367742835,0.6145686774445247
A00053171.npy,57,28,0.718,0.2,ddnm,30.57894569493008,0.8492340532538712
A00053171.npy,57,28,0.718,0.3,zerofill,20.245789097202245,0.5441738568752146
A00053171.npy,57,28,0.718,0.3,cs,30.214044826692277,0.8769486293067029
A00053171.npy,57,28,0.718,0.3,ddnm,32.32248342571138,0.9177185400511526
A00053171.npy,57,28,0.718,0.5,zerofill,26.35670940296152,0.7340536372110313
A00053171.npy,57,28,0.718,0.5,cs,36.403250472764874,0.9777866082225426
A00053171.npy,57,28,0.718,0.5,ddnm,35.6693147226333,0.9731861050812605
A00053171.npy,62,33,0.846,0.2,zerofill,13.132954124266574,0.4721659859291812
A00053171.npy,62,33,0.846,0.2,cs,13.64126304858668,0.6394069033345775
A00053171.npy,62,33,0.846,0.2,ddnm,29.5881032475109,0.827807107124877
A00053171.npy,62,33,0.846,0.3,zerofill,12.86288879013507,0.4698347509441929
A00053171.npy,62,33,0.846,0.3,cs,14.212586122810526,0.6817807486603928
A00053171.npy,62,33,0.846,0.3,ddnm,24.403103364154383,0.8216425793028185
A00053171.npy,62,33,0.846,0.5,zerofill,13.70730141286421,0.5835885034173145
A00053171.npy,62,33,0.846,0.5,cs,13.710741836079333,0.6981479766223023
A00053171.npy,62,33,0.846,0.5,ddnm,35.92758916146604,0.9318639304257631
A00053171.npy,68,39,1.0,0.2,zerofill,12.498545660368867,0.39800728444033723
A00053171.npy,68,39,1.0,0.2,cs,13.108061644531382,0.5539958451935554
A00053171.npy,68,39,1.0,0.2,ddnm,28.84963380058683,0.7626292141326106
A00053171.npy,68,39,1.0,0.3,zerofill,20.692006982439636,0.5279397118904735
A00053171.npy,68,39,1.0,0.3,cs,30.290685864235968,0.8996114622299964
A00053171.npy,68,39,1.0,0.3,ddnm,29.793440170778993,0.9089571476168881
A00053171.npy,68,39,1.0,0.5,zerofill,27.84057461859248,0.7702590541081772
A00053171.npy,68,39,1.0,0.5,cs,34.90006755607384,0.977350670815283
A00053171.npy,68,39,1.0,0.5,ddnm,33.9285698503635,0.9650178587955673
A00053850.npy,29,0,0.0,0.2,zerofill,10.866922131053208,0.2993687364939419
A00053850.npy,29,0,0.0,0.2,cs,11.396376132477602,0.48898608723090364
A00053850.npy,29,0,0.0,0.2,ddnm,19.495198046469618,0.5494048933751071
A00053850.npy,29,0,0.0,0.3,zerofill,20.426343049530633,0.5134470011384994
A00053850.npy,29,0,0.0,0.3,cs,31.687752124874816,0.9364331860282478
A00053850.npy,29,0,0.0,0.3,ddnm,32.70892124133704,0.9493074000454403
A00053850.npy,29,0,0.0,0.5,zerofill,11.716587451574298,0.4456441373810608
A00053850.npy,29,0,0.0,0.5,cs,11.441121484328676,0.5505803417712442
A00053850.npy,29,0,0.0,0.5,ddnm,33.77153184355768,0.8437652741067033
A00053850.npy,35,6,0.154,0.2,zerofill,17.01505416780202,0.4349433208901563
A00053850.npy,35,6,0.154,0.2,cs,25.564407165855414,0.7820613856085228
A00053850.npy,35,6,0.154,0.2,ddnm,31.04708675131233,0.9255754603506
A00053850.npy,35,6,0.154,0.3,zerofill,12.164262487520238,0.41405129785616035
A00053850.npy,35,6,0.154,0.3,cs,12.477286557084543,0.5884184695414849
A00053850.npy,35,6,0.154,0.3,ddnm,31.95633033914488,0.855994436439368
A00053850.npy,35,6,0.154,0.5,zerofill,26.863722565126817,0.7334504231794426
A00053850.npy,35,6,0.154,0.5,cs,36.1424804539837,0.9767780242444238
A00053850.npy,35,6,0.154,0.5,ddnm,36.41845597029184,0.9781254362560222
A00053850.npy,40,11,0.282,0.2,zerofill,15.761232707107968,0.4036704446160303
A00053850.npy,40,11,0.282,0.2,cs,22.427050027469868,0.7243608019119606
A00053850.npy,40,11,0.282,0.2,ddnm,30.05968214216164,0.8899987097914678
A00053850.npy,40,11,0.282,0.3,zerofill,18.592020809205167,0.49338077837321254
A00053850.npy,40,11,0.282,0.3,cs,30.76048674790728,0.899871359038142
A00053850.npy,40,11,0.282,0.3,ddnm,33.0573763464282,0.963051702099377
A00053850.npy,40,11,0.282,0.5,zerofill,26.788690675531214,0.7438422288934359
A00053850.npy,40,11,0.282,0.5,cs,35.048462666692856,0.9811672706480341
A00053850.npy,40,11,0.282,0.5,ddnm,35.118927380103855,0.980073443518086
A00053850.npy,46,17,0.436,0.2,zerofill,18.04466104204771,0.48907297928139287
A00053850.npy,46,17,0.436,0.2,cs,26.565922444389287,0.8405394259236054
A00053850.npy,46,17,0.436,0.2,ddnm,30.927613701423372,0.9236582931480527
A00053850.npy,46,17,0.436,0.3,zerofill,17.59415558547781,0.4926392255168299
A00053850.npy,46,17,0.436,0.3,cs,30.170387500059622,0.8743843739390277
A00053850.npy,46,17,0.436,0.3,ddnm,34.09882250910237,0.9406722546388661
A00053850.npy,46,17,0.436,0.5,zerofill,25.635693492768425,0.7271925673731664
A00053850.npy,46,17,0.436,0.5,cs,35.50062339688818,0.9789524215927562
A00053850.npy,46,17,0.436,0.5,ddnm,35.580913262643946,0.9788107652075987
A00053850.npy,51,22,0.564,0.2,zerofill,12.745426233091896,0.46450122572533953
A00053850.npy,51,22,0.564,0.2,cs,13.637071943195307,0.6625231110246913
A00053850.npy,51,22,0.564,0.2,ddnm,30.89243610590878,0.8805928667449112
A00053850.npy,51,22,0.564,0.3,zerofill,18.01763752669123,0.4872181284339945
A00053850.npy,51,22,0.564,0.3,cs,29.662231900631866,0.8742045755862281
A00053850.npy,51,22,0.564,0.3,ddnm,34.30296754858938,0.9415719757771114
A00053850.npy,51,22,0.564,0.5,zerofill,24.02510493958472,0.7331325622243231
A00053850.npy,51,22,0.564,0.5,cs,34.79538817266379,0.975601361539376
A00053850.npy,51,22,0.564,0.5,ddnm,35.96867716293064,0.9793211386124314
A00053850.npy,57,28,0.718,0.2,zerofill,12.697758195283486,0.4229326781716154
A00053850.npy,57,28,0.718,0.2,cs,13.736295378025325,0.6572591380387753
A00053850.npy,57,28,0.718,0.2,ddnm,31.456842244349655,0.886918939291646
A00053850.npy,57,28,0.718,0.3,zerofill,21.734727306068528,0.5769621368751465
A00053850.npy,57,28,0.718,0.3,cs,29.575078271736487,0.9206584515282822
A00053850.npy,57,28,0.718,0.3,ddnm,33.098906286965935,0.9667527300957165
A00053850.npy,57,28,0.718,0.5,zerofill,26.38853497574103,0.7356262968111512
A00053850.npy,57,28,0.718,0.5,cs,35.921740874444254,0.9845048975348633
A00053850.npy,57,28,0.718,0.5,ddnm,39.92329285769303,0.9914953818455142
A00053850.npy,62,33,0.846,0.2,zerofill,18.255459919010907,0.4513034580202029
A00053850.npy,62,33,0.846,0.2,cs,27.18986988642184,0.834203188113172
A00053850.npy,62,33,0.846,0.2,ddnm,34.32847372530836,0.9493972307115641
A00053850.npy,62,33,0.846,0.3,zerofill,20.699473339483365,0.5749131894467427
A00053850.npy,62,33,0.846,0.3,cs,31.03466698074591,0.9303136125599399
A00053850.npy,62,33,0.846,0.3,ddnm,33.86980594107649,0.9708189620098033
A00053850.npy,62,33,0.846,0.5,zerofill,27.18634582720794,0.7858563173961248
A00053850.npy,62,33,0.846,0.5,cs,35.67253934959501,0.9827771955834252
A00053850.npy,62,33,0.846,0.5,ddnm,39.407839839772556,0.9876850838303662
A00053850.npy,68,39,1.0,0.2,zerofill,16.338768069443525,0.3827677232111103
A00053850.npy,68,39,1.0,0.2,cs,24.08018557450799,0.7134920802310339
A00053850.npy,68,39,1.0,0.2,ddnm,31.794105265065383,0.8959096406026573
A00053850.npy,68,39,1.0,0.3,zerofill,19.56453209281818,0.5125809344208617
A00053850.npy,68,39,1.0,0.3,cs,28.498224481508835,0.8771017738363914
A00053850.npy,68,39,1.0,0.3,ddnm,32.79578017445343,0.9613067955599617
A00053850.npy,68,39,1.0,0.5,zerofill,26.386505541441537,0.7367514943987085
A00053850.npy,68,39,1.0,0.5,cs,35.36210406390251,0.9843703550825962
A00053850.npy,68,39,1.0,0.5,ddnm,37.979036216230455,0.9867170287400796
A00053854.npy,29,0,0.0,0.2,zerofill,10.605966140791235,0.2914537578467925
A00053854.npy,29,0,0.0,0.2,cs,11.543495512398234,0.4870054734524705
A00053854.npy,29,0,0.0,0.2,ddnm,28.814938733969644,0.7953322273191016
A00053854.npy,29,0,0.0,0.3,zerofill,10.688179451307809,0.325984618543186
A00053854.npy,29,0,0.0,0.3,cs,12.063464009074107,0.5694085660278729
A00053854.npy,29,0,0.0,0.3,ddnm,30.530275299345135,0.7990025573708437
A00053854.npy,29,0,0.0,0.5,zerofill,11.811957082250625,0.4660732499968292
A00053854.npy,29,0,0.0,0.5,cs,11.680299110433605,0.5652792803929297
A00053854.npy,29,0,0.0,0.5,ddnm,29.34537635835708,0.7980522919432214
A00053854.npy,35,6,0.154,0.2,zerofill,11.34329397832727,0.3769681298254327
A00053854.npy,35,6,0.154,0.2,cs,12.140118170402946,0.5573745925994587
A00053854.npy,35,6,0.154,0.2,ddnm,25.666024437771146,0.7863428299942872
A00053854.npy,35,6,0.154,0.3,zerofill,17.34835152398453,0.5094537213749355
A00053854.npy,35,6,0.154,0.3,cs,27.49630917751447,0.8910030102744214
A00053854.npy,35,6,0.154,0.3,ddnm,35.17346202510091,0.9583680488807929
A00053854.npy,35,6,0.154,0.5,zerofill,19.205167186318985,0.6863390270425078
A00053854.npy,35,6,0.154,0.5,cs,31.76776411939436,0.9591503846960918
A00053854.npy,35,6,0.154,0.5,ddnm,35.21963528698781,0.9693219918928874
A00053854.npy,40,11,0.282,0.2,zerofill,11.684757184327912,0.4012118195545238
A00053854.npy,40,11,0.282,0.2,cs,13.218153715116095,0.6130689792299274
A00053854.npy,40,11,0.282,0.2,ddnm,27.710254014659753,0.8441385119426089
A00053854.npy,40,11,0.282,0.3,zerofill,20.980367383592437,0.5682275576740806
A00053854.npy,40,11,0.282,0.3,cs,32.05713736792057,0.9366031661829908
A00053854.npy,40,11,0.282,0.3,ddnm,33.36047816837859,0.9543173842650688
A00053854.npy,40,11,0.282,0.5,zerofill,24.188334232866605,0.7094467589179124
A00053854.npy,40,11,0.282,0.5,cs,37.27078614175441,0.9775598207866592
A00053854.npy,40,11,0.282,0.5,ddnm,39.653533013982155,0.9875333460948378
A00053854.npy,46,17,0.436,0.2,zerofill,11.961259160502566,0.35658767005913505
A00053854.npy,46,17,0.436,0.2,cs,13.485816563662818,0.6067660714336663
A00053854.npy,46,17,0.436,0.2,ddnm,13.070144663722552,0.6730120380090132
A00053854.npy,46,17,0.436,0.3,zerofill,19.57798170868832,0.5660103435056097
A00053854.npy,46,17,0.436,0.3,cs,30.21274007039431,0.9356551504954476
A00053854.npy,46,17,0.436,0.3,ddnm,34.428433093560145,0.9599547880739013
A00053854.npy,46,17,0.436,0.5,zerofill,26.81724730027778,0.7632419510318521
A00053854.npy,46,17,0.436,0.5,cs,35.79967240558771,0.982949184545648
A00053854.npy,46,17,0.436,0.5,ddnm,37.43041224248891,0.9865165933009534
A00053854.npy,51,22,0.564,0.2,zerofill,12.503204360902938,0.3623136716914333
A00053854.npy,51,22,0.564,0.2,cs,13.00468011973004,0.579501135301275
A00053854.npy,51,22,0.564,0.2,ddnm,26.796371399109645,0.7837600396065434
A00053854.npy,51,22,0.564,0.3,zerofill,12.210311127359066,0.3899980723973703
A00053854.npy,51,22,0.564,0.3,cs,13.667999879593678,0.6831539286917516
A00053854.npy,51,22,0.564,0.3,ddnm,13.66901937150864,0.7329620457964245
A00053854.npy,51,22,0.564,0.5,zerofill,27.348840936178156,0.8056240815509614
A00053854.npy,51,22,0.564,0.5,cs,37.276906753249044,0.9853294840249218
A00053854.npy,51,22,0.564,0.5,ddnm,39.40039988481204,0.9877871094740581
A00053854.npy,57,28,0.718,0.2,zerofill,12.651846970527231,0.3585806834936102
A00053854.npy,57,28,0.718,0.2,cs,13.46544401138797,0.6195592157829066
A00053854.npy,57,28,0.718,0.2,ddnm,31.04647855035855,0.872078176201375
A00053854.npy,57,28,0.718,0.3,zerofill,19.996763396959437,0.5330656482293697
A00053854.npy,57,28,0.718,0.3,cs,31.00730526301831,0.9318440082890713
A00053854.npy,57,28,0.718,0.3,ddnm,32.93167758593998,0.9737954058135526
A00053854.npy,57,28,0.718,0.5,zerofill,13.88849055614881,0.5501308816477444
A00053854.npy,57,28,0.718,0.5,cs,13.573479045694206,0.7146879706944472
A00053854.npy,57,28,0.718,0.5,ddnm,33.28846306564246,0.9135723741686542
A00053854.npy,62,33,0.846,0.2,zerofill,12.229294816720373,0.4108128045925007
A00053854.npy,62,33,0.846,0.2,cs,13.376821771712152,0.6243059321532445
A00053854.npy,62,33,0.846,0.2,ddnm,32.259427769134966,0.8851361104963736
A00053854.npy,62,33,0.846,0.3,zerofill,12.960087067128889,0.40339792028797633
A00053854.npy,62,33,0.846,0.3,cs,13.400372043859754,0.6374142190781302
A00053854.npy,62,33,0.846,0.3,ddnm,33.238363842474584,0.8852625552487771
A00053854.npy,62,33,0.846,0.5,zerofill,24.974214219784226,0.6754675870221201
A00053854.npy,62,33,0.846,0.5,cs,37.02541180653653,0.9854702811364813
A00053854.npy,62,33,0.846,0.5,ddnm,37.54614902409982,0.9857874991944386
A00053854.npy,68,39,1.0,0.2,zerofill,17.857492772562633,0.4037399390947059
A00053854.npy,68,39,1.0,0.2,cs,25.206167732104706,0.7871911530773538
A00053854.npy,68,39,1.0,0.2,ddnm,28.648638958436294,0.913948902916849
A00053854.npy,68,39,1.0,0.3,zerofill,17.774967817274398,0.5143098129132533
A00053854.npy,68,39,1.0,0.3,cs,31.243293988181684,0.9008746511385233
A00053854.npy,68,39,1.0,0.3,ddnm,33.34373507159207,0.9620372433714955
A00053854.npy,68,39,1.0,0.5,zerofill,25.517473953434624,0.7074232136347819
A00053854.npy,68,39,1.0,0.5,cs,36.91113113410148,0.9852339674174801
A00053854.npy,68,39,1.0,0.5,ddnm,38.78500510434127,0.989046142582482
A00053874.npy,29,0,0.0,0.2,zerofill,10.875383776076994,0.32918691706078435
A00053874.npy,29,0,0.0,0.2,cs,11.174656283241301,0.4928112058595594
A00053874.npy,29,0,0.0,0.2,ddnm,21.90884381766029,0.6378758649597807
A00053874.npy,29,0,0.0,0.3,zerofill,11.095738891640412,0.36161739462505627
A00053874.npy,29,0,0.0,0.3,cs,11.181464709805473,0.5174869393004093
A00053874.npy,29,0,0.0,0.3,ddnm,26.299951192868555,0.7264359337288974
A00053874.npy,29,0,0.0,0.5,zerofill,22.78558310900413,0.6625670189715824
A00053874.npy,29,0,0.0,0.5,cs,35.568018607129204,0.9776509347236851
A00053874.npy,29,0,0.0,0.5,ddnm,35.899048180026185,0.9792665057735269
A00053874.npy,35,6,0.154,0.2,zerofill,15.994172645694864,0.4441540137850557
A00053874.npy,35,6,0.154,0.2,cs,23.005423079919254,0.788513578026975
A00053874.npy,35,6,0.154,0.2,ddnm,29.844030482859246,0.8725840296667371
A00053874.npy,35,6,0.154,0.3,zerofill,16.7943599185986,0.4897767139955005
A00053874.npy,35,6,0.154,0.3,cs,26.04637727714043,0.8761958894548846
A00053874.npy,35,6,0.154,0.3,ddnm,32.35409167670065,0.9493410199023613
A00053874.npy,35,6,0.154,0.5,zerofill,25.611256087787055,0.7106940379452065
A00053874.npy,35,6,0.154,0.5,cs,35.38238902883413,0.9741278894964452
A00053874.npy,35,6,0.154,0.5,ddnm,35.620215273168554,0.9758317398948075
A00053874.npy,40,11,0.282,0.2,zerofill,11.918697426765888,0.3480079985479443
A00053874.npy,40,11,0.282,0.2,cs,12.47445238071453,0.5252057889818948
A00053874.npy,40,11,0.282,0.2,ddnm,26.80910293289216,0.7672140671236121
A00053874.npy,40,11,0.282,0.3,zerofill,20.988073991572346,0.5729781402738954
A00053874.npy,40,11,0.282,0.3,cs,30.40747644302875,0.9009336870703301
A00053874.npy,40,11,0.282,0.3,ddnm,34.132848335144914,0.9659867921933728
A00053874.npy,40,11,0.282,0.5,zerofill,26.617669091032347,0.7657415216612321
A00053874.npy,40,11,0.282,0.5,cs,34.69532872629038,0.9770898674643511
A00053874.npy,40,11,0.282,0.5,ddnm,37.30377089460311,0.9842550821904693
A00053874.npy,46,17,0.436,0.2,zerofill,19.792037942714575,0.5210488296295023
A00053874.npy,46,17,0.436,0.2,cs,26.54809449560132,0.8172684729958263
A00053874.npy,46,17,0.436,0.2,ddnm,30.81212059804638,0.9235468755399339
A00053874.npy,46,17,0.436,0.3,zerofill,20.56765570291276,0.5829247078743012
A00053874.npy,46,17,0.436,0.3,cs,31.01691065587646,0.9186713510262761
A00053874.npy,46,17,0.436,0.3,ddnm,35.589458941954916,0.9671280223719056
A00053874.npy,46,17,0.436,0.5,zerofill,26.131512530023485,0.7434366654459006
A00053874.npy,46,17,0.436,0.5,cs,35.3734482301381,0.9782527396553019
A00053874.npy,46,17,0.436,0.5,ddnm,37.364228783021915,0.9805834975871499
A00053874.npy,51,22,0.564,0.2,zerofill,12.189831987729525,0.36857210026223874
A00053874.npy,51,22,0.564,0.2,cs,13.083886075560686,0.5711849208886673
A00053874.npy,51,22,0.564,0.2,ddnm,17.083360358889376,0.6118987719545365
A00053874.npy,51,22,0.564,0.3,zerofill,20.925752933406336,0.573022447896334
A00053874.npy,51,22,0.564,0.3,cs,29.835443348546868,0.9045952916960264
A00053874.npy,51,22,0.564,0.3,ddnm,35.59229678360615,0.9731496890500745
A00053874.npy,51,22,0.564,0.5,zerofill,23.095249612202345,0.7081089144036466
A00053874.npy,51,22,0.564,0.5,cs,35.26298069605382,0.978891920743851
A00053874.npy,51,22,0.564,0.5,ddnm,38.967007733113505,0.990071006085212
A00053874.npy,57,28,0.718,0.2,zerofill,12.242318844427231,0.4105978110677638
A00053874.npy,57,28,0.718,0.2,cs,12.938891814632136,0.5945314396087796
A00053874.npy,57,28,0.718,0.2,ddnm,30.461366232878024,0.8745378894449578
A00053874.npy,57,28,0.718,0.3,zerofill,12.373873690494184,0.4255140887840551
A00053874.npy,57,28,0.718,0.3,cs,13.114504377316461,0.6477963239308444
A00053874.npy,57,28,0.718,0.3,ddnm,27.287576741223013,0.864243728896236
A00053874.npy,57,28,0.718,0.5,zerofill,25.33048158810058,0.7056034900977266
A00053874.npy,57,28,0.718,0.5,cs,35.79942051482759,0.9833891283149073
A00053874.npy,57,28,0.718,0.5,ddnm,39.27692055695752,0.9916709462774917
A00053874.npy,62,33,0.846,0.2,zerofill,17.870101340812074,0.46776925608708714
A00053874.npy,62,33,0.846,0.2,cs,23.98859464985961,0.8270991946272983
A00053874.npy,62,33,0.846,0.2,ddnm,31.67286688849446,0.9487222335798162
A00053874.npy,62,33,0.846,0.3,zerofill,18.092590221394083,0.5293461271736438
A00053874.npy,62,33,0.846,0.3,cs,28.562126593575805,0.9027823036818399
A00053874.npy,62,33,0.846,0.3,ddnm,37.31262516601768,0.9779083987328033
A00053874.npy,62,33,0.846,0.5,zerofill,26.5397397619342,0.7549710858745154
A00053874.npy,62,33,0.846,0.5,cs,34.85737728724558,0.9822203328022551
A00053874.npy,62,33,0.846,0.5,ddnm,38.8162696637637,0.9873667304288697
A00053874.npy,68,39,1.0,0.2,zerofill,17.168604458601976,0.5016663354631933
A00053874.npy,68,39,1.0,0.2,cs,25.84080222909282,0.8497719158286074
A00053874.npy,68,39,1.0,0.2,ddnm,31.247921100142612,0.9617265486883015
A00053874.npy,68,39,1.0,0.3,zerofill,11.807081671101558,0.43183702117312056
A00053874.npy,68,39,1.0,0.3,cs,12.035764955660541,0.5990505981387259
A00053874.npy,68,39,1.0,0.3,ddnm,28.18430405881445,0.8230829939703704
A00053874.npy,68,39,1.0,0.5,zerofill,23.226536636509998,0.7054691869482445
A00053874.npy,68,39,1.0,0.5,cs,35.38037373042471,0.9846346323703509
A00053874.npy,68,39,1.0,0.5,ddnm,39.51809410137406,0.99277189854123
A00053902.npy,29,0,0.0,0.2,zerofill,11.366262004131436,0.316266177399216
A00053902.npy,29,0,0.0,0.2,cs,12.70239796239484,0.5512051758222621
A00053902.npy,29,0,0.0,0.2,ddnm,12.418664017631789,0.6273571073388998
A00053902.npy,29,0,0.0,0.3,zerofill,22.290824398035948,0.6329306993642175
A00053902.npy,29,0,0.0,0.3,cs,32.696588387976504,0.9509085826065168
A00053902.npy,29,0,0.0,0.3,ddnm,33.873589264227405,0.9620715474584224
A00053902.npy,29,0,0.0,0.5,zerofill,22.876773080487137,0.6816386233411906
A00053902.npy,29,0,0.0,0.5,cs,35.79737713523428,0.9757966775946706
A00053902.npy,29,0,0.0,0.5,ddnm,37.18856930695407,0.9807997428339292
A00053902.npy,35,6,0.154,0.2,zerofill,12.954015410794021,0.4211850449353653
A00053902.npy,35,6,0.154,0.2,cs,13.344540989388685,0.6375615317641807
A00053902.npy,35,6,0.154,0.2,ddnm,29.562376434602573,0.869800544033281
A00053902.npy,35,6,0.154,0.3,zerofill,12.74278988864019,0.4488119313705204
A00053902.npy,35,6,0.154,0.3,cs,14.077539212925338,0.7138496409451528
A00053902.npy,35,6,0.154,0.3,ddnm,27.883836130566028,0.8845404853317982
A00053902.npy,35,6,0.154,0.5,zerofill,23.23759633035219,0.6804952486488034
A00053902.npy,35,6,0.154,0.5,cs,36.59522089578106,0.9758915609768468
A00053902.npy,35,6,0.154,0.5,ddnm,37.51269824710582,0.981349674152354
A00053902.npy,40,11,0.282,0.2,zerofill,12.219725474707776,0.36579054046339016
A00053902.npy,40,11,0.282,0.2,cs,12.9795411545388,0.5781159342436275
A00053902.npy,40,11,0.282,0.2,ddnm,30.52943701066134,0.8450344053060277
A00053902.npy,40,11,0.282,0.3,zerofill,20.516349804040253,0.5923816456838306
A00053902.npy,40,11,0.282,0.3,cs,31.228440243610144,0.9286341255611308
A00053902.npy,40,11,0.282,0.3,ddnm,34.5287287025794,0.9714120044939879
A00053902.npy,40,11,0.282,0.5,zerofill,26.784035041790823,0.7732507815612447
A00053902.npy,40,11,0.282,0.5,cs,36.987533580302284,0.9844675917629913
A00053902.npy,40,11,0.282,0.5,ddnm,39.395231162698536,0.9885672107999667
A00053902.npy,46,17,0.436,0.2,zerofill,12.739004679493295,0.4301610738287704
A00053902.npy,46,17,0.436,0.2,cs,14.008985422327111,0.6653454676500105
A00053902.npy,46,17,0.436,0.2,ddnm,16.019267574152437,0.7230146545706867
A00053902.npy,46,17,0.436,0.3,zerofill,20.85801782158643,0.5632229349236444
A00053902.npy,46,17,0.436,0.3,cs,30.734342772454212,0.920028518891381
A00053902.npy,46,17,0.436,0.3,ddnm,36.73922362660695,0.9746287272433637
A00053902.npy,46,17,0.436,0.5,zerofill,23.44046106502828,0.6597953785229744
A00053902.npy,46,17,0.436,0.5,cs,37.08981345906536,0.9826907785797081
A00053902.npy,46,17,0.436,0.5,ddnm,40.59353721571433,0.9901042649563971
A00053902.npy,51,22,0.564,0.2,zerofill,18.443289656398633,0.4736555939246189
A00053902.npy,51,22,0.564,0.2,cs,27.38035542502134,0.8574174709453652
A00053902.npy,51,22,0.564,0.2,ddnm,31.243471719208852,0.9357331715297936
A00053902.npy,51,22,0.564,0.3,zerofill,13.235815593122153,0.4502530901174728
A00053902.npy,51,22,0.564,0.3,cs,13.667548544960127,0.6893169642461036
A00053902.npy,51,22,0.564,0.3,ddnm,30.82658684811459,0.8855786299244375
A00053902.npy,51,22,0.564,0.5,zerofill,25.56381023725291,0.7554765615513842
A00053902.npy,51,22,0.564,0.5,cs,35.69104710624464,0.9863491010374358
A00053902.npy,51,22,0.564,0.5,ddnm,38.232476090731296,0.9873189734927239
A00053902.npy,57,28,0.718,0.2,zerofill,12.018490959554429,0.36892502600147964
A00053902.npy,57,28,0.718,0.2,cs,13.649833505180881,0.64314692465184
A00053902.npy,57,28,0.718,0.2,ddnm,12.57304449985391,0.6373702286423956
A00053902.npy,57,28,0.718,0.3,zerofill,17.70816788241796,0.5043230967226286
A00053902.npy,57,28,0.718,0.3,cs,32.36250319509591,0.9229491443353991
A00053902.npy,57,28,0.718,0.3,ddnm,36.93969224324701,0.974961742706691
A00053902.npy,57,28,0.718,0.5,zerofill,26.47066373072695,0.7719864381337826
A00053902.npy,57,28,0.718,0.5,cs,36.840387283334216,0.9878828090362028
A00053902.npy,57,28,0.718,0.5,ddnm,39.18867214198205,0.9893317577203606
A00053902.npy,62,33,0.846,0.2,zerofill,18.55011512899916,0.492360951939848
A00053902.npy,62,33,0.846,0.2,cs,27.611904570329777,0.871992923072931
A00053902.npy,62,33,0.846,0.2,ddnm,32.76010877043012,0.9436134825235604
A00053902.npy,62,33,0.846,0.3,zerofill,12.68645120358304,0.4151807333390057
A00053902.npy,62,33,0.846,0.3,cs,13.098000303624504,0.6564815360245415
A00053902.npy,62,33,0.846,0.3,ddnm,32.92934274254844,0.8997962758379561
A00053902.npy,62,33,0.846,0.5,zerofill,22.803040935758997,0.6475754072329196
A00053902.npy,62,33,0.846,0.5,cs,36.94768406821425,0.9822331042146849
A00053902.npy,62,33,0.846,0.5,ddnm,39.9749809967619,0.9919787723229669
A00053902.npy,68,39,1.0,0.2,zerofill,10.811653929198162,0.3659208317924457
A00053902.npy,68,39,1.0,0.2,cs,12.281313606881596,0.5854703696249213
A00053902.npy,68,39,1.0,0.2,ddnm,19.944605207807577,0.7275813627142501
A00053902.npy,68,39,1.0,0.3,zerofill,12.093135307561633,0.4258114965315518
A00053902.npy,68,39,1.0,0.3,cs,12.359874046396351,0.6055478859557563
A00053902.npy,68,39,1.0,0.3,ddnm,29.674575713813667,0.8212846926889275
A00053902.npy,68,39,1.0,0.5,zerofill,25.97605434924485,0.7170914836067459
A00053902.npy,68,39,1.0,0.5,cs,37.3757168459761,0.9877840199239214
A00053902.npy,68,39,1.0,0.5,ddnm,39.68173538917489,0.992984204206919
